<?xml version="1.0" encoding="UTF-8"?>
<gpx version="1.1" creator="race-kilian course pack" xmlns="http://www.topografix.com/GPX/1/1"><trk><name>Hardrock 100 (clockwise)</name><trkseg>
<trkpt lat="37.81242" lon="-107.66573"><ele>2840.0</ele></trkpt>
<trkpt lat="37.81265" lon="-107.66611"><ele>2838.0</ele></trkpt>
<trkpt lat="37.81209" lon="-107.66662"><ele>2841.0</ele></trkpt>
<trkpt lat="37.81153" lon="-107.66714"><ele>2839.0</ele></trkpt>
<trkpt lat="37.81097" lon="-107.66765"><ele>2843.0</ele></trkpt>
<trkpt lat="37.81145" lon="-107.66852"><ele>2855.0</ele></trkpt>
<trkpt lat="37.81193" lon="-107.66935"><ele>2866.0</ele></trkpt>
<trkpt lat="37.81220" lon="-107.66978"><ele>2876.0</ele></trkpt>
<trkpt lat="37.81256" lon="-107.67011"><ele>2882.0</ele></trkpt>
<trkpt lat="37.81296" lon="-107.67054"><ele>2894.0</ele></trkpt>
<trkpt lat="37.81253" lon="-107.67130"><ele>2892.0</ele></trkpt>
<trkpt lat="37.81228" lon="-107.67180"><ele>2895.0</ele></trkpt>
<trkpt lat="37.81168" lon="-107.67203"><ele>2888.0</ele></trkpt>
<trkpt lat="37.81126" lon="-107.67278"><ele>2877.0</ele></trkpt>
<trkpt lat="37.81099" lon="-107.67323"><ele>2875.0</ele></trkpt>
<trkpt lat="37.81061" lon="-107.67382"><ele>2876.0</ele></trkpt>
<trkpt lat="37.81042" lon="-107.67431"><ele>2872.0</ele></trkpt>
<trkpt lat="37.80984" lon="-107.67489"><ele>2864.0</ele></trkpt>
<trkpt lat="37.80955" lon="-107.67521"><ele>2860.0</ele></trkpt>
<trkpt lat="37.80938" lon="-107.67605"><ele>2860.0</ele></trkpt>
<trkpt lat="37.80903" lon="-107.67668"><ele>2854.0</ele></trkpt>
<trkpt lat="37.80890" lon="-107.67717"><ele>2855.0</ele></trkpt>
<trkpt lat="37.80856" lon="-107.67762"><ele>2847.0</ele></trkpt>
<trkpt lat="37.80845" lon="-107.67839"><ele>2849.0</ele></trkpt>
<trkpt lat="37.80884" lon="-107.67842"><ele>2860.0</ele></trkpt>
<trkpt lat="37.80886" lon="-107.67909"><ele>2859.0</ele></trkpt>
<trkpt lat="37.80912" lon="-107.67987"><ele>2865.0</ele></trkpt>
<trkpt lat="37.80937" lon="-107.68031"><ele>2870.0</ele></trkpt>
<trkpt lat="37.80951" lon="-107.68094"><ele>2869.0</ele></trkpt>
<trkpt lat="37.80964" lon="-107.68156"><ele>2866.0</ele></trkpt>
<trkpt lat="37.80980" lon="-107.68205"><ele>2869.0</ele></trkpt>
<trkpt lat="37.80978" lon="-107.68286"><ele>2866.0</ele></trkpt>
<trkpt lat="37.81003" lon="-107.68393"><ele>2869.0</ele></trkpt>
<trkpt lat="37.81023" lon="-107.68451"><ele>2869.0</ele></trkpt>
<trkpt lat="37.81051" lon="-107.68491"><ele>2869.0</ele></trkpt>
<trkpt lat="37.81092" lon="-107.68502"><ele>2875.0</ele></trkpt>
<trkpt lat="37.81119" lon="-107.68542"><ele>2870.0</ele></trkpt>
<trkpt lat="37.81152" lon="-107.68567"><ele>2887.0</ele></trkpt>
<trkpt lat="37.81160" lon="-107.68621"><ele>2888.0</ele></trkpt>
<trkpt lat="37.81157" lon="-107.68670"><ele>2880.0</ele></trkpt>
<trkpt lat="37.81163" lon="-107.68724"><ele>2882.0</ele></trkpt>
<trkpt lat="37.81193" lon="-107.68814"><ele>2881.0</ele></trkpt>
<trkpt lat="37.81218" lon="-107.68877"><ele>2888.0</ele></trkpt>
<trkpt lat="37.81247" lon="-107.68923"><ele>2888.0</ele></trkpt>
<trkpt lat="37.81281" lon="-107.68971"><ele>2895.0</ele></trkpt>
<trkpt lat="37.81281" lon="-107.69025"><ele>2894.0</ele></trkpt>
<trkpt lat="37.81285" lon="-107.69091"><ele>2896.0</ele></trkpt>
<trkpt lat="37.81312" lon="-107.69137"><ele>2898.0</ele></trkpt>
<trkpt lat="37.81346" lon="-107.69167"><ele>2905.0</ele></trkpt>
<trkpt lat="37.81400" lon="-107.69204"><ele>2904.0</ele></trkpt>
<trkpt lat="37.81439" lon="-107.69209"><ele>2911.0</ele></trkpt>
<trkpt lat="37.81497" lon="-107.69262"><ele>2917.0</ele></trkpt>
<trkpt lat="37.81491" lon="-107.69326"><ele>2916.0</ele></trkpt>
<trkpt lat="37.81514" lon="-107.69369"><ele>2917.0</ele></trkpt>
<trkpt lat="37.81537" lon="-107.69427"><ele>2913.0</ele></trkpt>
<trkpt lat="37.81530" lon="-107.69472"><ele>2899.0</ele></trkpt>
<trkpt lat="37.81523" lon="-107.69517"><ele>2889.0</ele></trkpt>
<trkpt lat="37.81539" lon="-107.69572"><ele>2878.0</ele></trkpt>
<trkpt lat="37.81569" lon="-107.69664"><ele>2874.0</ele></trkpt>
<trkpt lat="37.81553" lon="-107.69755"><ele>2873.0</ele></trkpt>
<trkpt lat="37.81520" lon="-107.69794"><ele>2871.0</ele></trkpt>
<trkpt lat="37.81482" lon="-107.69796"><ele>2879.0</ele></trkpt>
<trkpt lat="37.81437" lon="-107.69812"><ele>2880.0</ele></trkpt>
<trkpt lat="37.81398" lon="-107.69836"><ele>2889.0</ele></trkpt>
<trkpt lat="37.81375" lon="-107.69893"><ele>2901.0</ele></trkpt>
<trkpt lat="37.81342" lon="-107.69920"><ele>2910.0</ele></trkpt>
<trkpt lat="37.81316" lon="-107.69964"><ele>2919.0</ele></trkpt>
<trkpt lat="37.81346" lon="-107.70001"><ele>2926.0</ele></trkpt>
<trkpt lat="37.81364" lon="-107.70108"><ele>2944.0</ele></trkpt>
<trkpt lat="37.81362" lon="-107.70162"><ele>2954.0</ele></trkpt>
<trkpt lat="37.81334" lon="-107.70193"><ele>2959.0</ele></trkpt>
<trkpt lat="37.81290" lon="-107.70197"><ele>2966.0</ele></trkpt>
<trkpt lat="37.81198" lon="-107.70255"><ele>2989.0</ele></trkpt>
<trkpt lat="37.81144" lon="-107.70274"><ele>2999.0</ele></trkpt>
<trkpt lat="37.81092" lon="-107.70345"><ele>3015.0</ele></trkpt>
<trkpt lat="37.81044" lon="-107.70394"><ele>3024.0</ele></trkpt>
<trkpt lat="37.80988" lon="-107.70400"><ele>3022.0</ele></trkpt>
<trkpt lat="37.80956" lon="-107.70421"><ele>3021.0</ele></trkpt>
<trkpt lat="37.80892" lon="-107.70457"><ele>3013.0</ele></trkpt>
<trkpt lat="37.80877" lon="-107.70503"><ele>3026.0</ele></trkpt>
<trkpt lat="37.80856" lon="-107.70555"><ele>3038.0</ele></trkpt>
<trkpt lat="37.80812" lon="-107.70583"><ele>3042.0</ele></trkpt>
<trkpt lat="37.80781" lon="-107.70631"><ele>3051.0</ele></trkpt>
<trkpt lat="37.80750" lon="-107.70672"><ele>3050.0</ele></trkpt>
<trkpt lat="37.80709" lon="-107.70757"><ele>3067.0</ele></trkpt>
<trkpt lat="37.80685" lon="-107.70797"><ele>3068.0</ele></trkpt>
<trkpt lat="37.80649" lon="-107.70860"><ele>3080.0</ele></trkpt>
<trkpt lat="37.80609" lon="-107.70878"><ele>3078.0</ele></trkpt>
<trkpt lat="37.80554" lon="-107.70896"><ele>3072.0</ele></trkpt>
<trkpt lat="37.80521" lon="-107.70927"><ele>3077.0</ele></trkpt>
<trkpt lat="37.80483" lon="-107.70976"><ele>3088.0</ele></trkpt>
<trkpt lat="37.80415" lon="-107.71004"><ele>3086.0</ele></trkpt>
<trkpt lat="37.80369" lon="-107.71034"><ele>3088.0</ele></trkpt>
<trkpt lat="37.80341" lon="-107.71079"><ele>3092.0</ele></trkpt>
<trkpt lat="37.80298" lon="-107.71124"><ele>3094.0</ele></trkpt>
<trkpt lat="37.80265" lon="-107.71169"><ele>3100.0</ele></trkpt>
<trkpt lat="37.80221" lon="-107.71204"><ele>3097.0</ele></trkpt>
<trkpt lat="37.80182" lon="-107.71250"><ele>3107.0</ele></trkpt>
<trkpt lat="37.80139" lon="-107.71276"><ele>3100.0</ele></trkpt>
<trkpt lat="37.80104" lon="-107.71307"><ele>3103.0</ele></trkpt>
<trkpt lat="37.80085" lon="-107.71352"><ele>3114.0</ele></trkpt>
<trkpt lat="37.80029" lon="-107.71420"><ele>3125.0</ele></trkpt>
<trkpt lat="37.79988" lon="-107.71473"><ele>3135.0</ele></trkpt>
<trkpt lat="37.79961" lon="-107.71514"><ele>3141.0</ele></trkpt>
<trkpt lat="37.79916" lon="-107.71589"><ele>3139.0</ele></trkpt>
<trkpt lat="37.79887" lon="-107.71652"><ele>3154.0</ele></trkpt>
<trkpt lat="37.79855" lon="-107.71679"><ele>3156.0</ele></trkpt>
<trkpt lat="37.79825" lon="-107.71716"><ele>3164.0</ele></trkpt>
<trkpt lat="37.79796" lon="-107.71764"><ele>3177.0</ele></trkpt>
<trkpt lat="37.79755" lon="-107.71786"><ele>3178.0</ele></trkpt>
<trkpt lat="37.79724" lon="-107.71827"><ele>3186.0</ele></trkpt>
<trkpt lat="37.79683" lon="-107.71863"><ele>3191.0</ele></trkpt>
<trkpt lat="37.79651" lon="-107.71894"><ele>3203.0</ele></trkpt>
<trkpt lat="37.79609" lon="-107.71926"><ele>3200.0</ele></trkpt>
<trkpt lat="37.79583" lon="-107.71966"><ele>3209.0</ele></trkpt>
<trkpt lat="37.79552" lon="-107.71994"><ele>3215.0</ele></trkpt>
<trkpt lat="37.79509" lon="-107.72033"><ele>3225.0</ele></trkpt>
<trkpt lat="37.79439" lon="-107.72109"><ele>3257.0</ele></trkpt>
<trkpt lat="37.79399" lon="-107.72109"><ele>3245.0</ele></trkpt>
<trkpt lat="37.79361" lon="-107.72124"><ele>3235.0</ele></trkpt>
<trkpt lat="37.79321" lon="-107.72168"><ele>3257.0</ele></trkpt>
<trkpt lat="37.79286" lon="-107.72180"><ele>3258.0</ele></trkpt>
<trkpt lat="37.79245" lon="-107.72203"><ele>3269.0</ele></trkpt>
<trkpt lat="37.79199" lon="-107.72204"><ele>3266.0</ele></trkpt>
<trkpt lat="37.79158" lon="-107.72230"><ele>3279.0</ele></trkpt>
<trkpt lat="37.79105" lon="-107.72239"><ele>3284.0</ele></trkpt>
<trkpt lat="37.79061" lon="-107.72234"><ele>3279.0</ele></trkpt>
<trkpt lat="37.79020" lon="-107.72261"><ele>3287.0</ele></trkpt>
<trkpt lat="37.78989" lon="-107.72292"><ele>3294.0</ele></trkpt>
<trkpt lat="37.78931" lon="-107.72360"><ele>3300.0</ele></trkpt>
<trkpt lat="37.78897" lon="-107.72382"><ele>3305.0</ele></trkpt>
<trkpt lat="37.78850" lon="-107.72391"><ele>3313.0</ele></trkpt>
<trkpt lat="37.78789" lon="-107.72413"><ele>3331.0</ele></trkpt>
<trkpt lat="37.78751" lon="-107.72409"><ele>3325.0</ele></trkpt>
<trkpt lat="37.78700" lon="-107.72440"><ele>3348.0</ele></trkpt>
<trkpt lat="37.78671" lon="-107.72467"><ele>3350.0</ele></trkpt>
<trkpt lat="37.78616" lon="-107.72512"><ele>3357.0</ele></trkpt>
<trkpt lat="37.78575" lon="-107.72539"><ele>3369.0</ele></trkpt>
<trkpt lat="37.78535" lon="-107.72558"><ele>3366.0</ele></trkpt>
<trkpt lat="37.78490" lon="-107.72583"><ele>3369.0</ele></trkpt>
<trkpt lat="37.78456" lon="-107.72606"><ele>3380.0</ele></trkpt>
<trkpt lat="37.78415" lon="-107.72628"><ele>3388.0</ele></trkpt>
<trkpt lat="37.78369" lon="-107.72628"><ele>3386.0</ele></trkpt>
<trkpt lat="37.78323" lon="-107.72610"><ele>3381.0</ele></trkpt>
<trkpt lat="37.78283" lon="-107.72615"><ele>3384.0</ele></trkpt>
<trkpt lat="37.78225" lon="-107.72615"><ele>3377.0</ele></trkpt>
<trkpt lat="37.78187" lon="-107.72619"><ele>3379.0</ele></trkpt>
<trkpt lat="37.78144" lon="-107.72642"><ele>3390.0</ele></trkpt>
<trkpt lat="37.78076" lon="-107.72656"><ele>3393.0</ele></trkpt>
<trkpt lat="37.78054" lon="-107.72695"><ele>3407.0</ele></trkpt>
<trkpt lat="37.78024" lon="-107.72767"><ele>3421.0</ele></trkpt>
<trkpt lat="37.78055" lon="-107.72816"><ele>3434.0</ele></trkpt>
<trkpt lat="37.78038" lon="-107.72884"><ele>3447.0</ele></trkpt>
<trkpt lat="37.78038" lon="-107.72930"><ele>3456.0</ele></trkpt>
<trkpt lat="37.78071" lon="-107.72987"><ele>3477.0</ele></trkpt>
<trkpt lat="37.78068" lon="-107.73054"><ele>3486.0</ele></trkpt>
<trkpt lat="37.78070" lon="-107.73112"><ele>3487.0</ele></trkpt>
<trkpt lat="37.78102" lon="-107.73147"><ele>3497.0</ele></trkpt>
<trkpt lat="37.78137" lon="-107.73176"><ele>3508.0</ele></trkpt>
<trkpt lat="37.78175" lon="-107.73215"><ele>3518.0</ele></trkpt>
<trkpt lat="37.78191" lon="-107.73274"><ele>3525.0</ele></trkpt>
<trkpt lat="37.78190" lon="-107.73327"><ele>3527.0</ele></trkpt>
<trkpt lat="37.78195" lon="-107.73389"><ele>3533.0</ele></trkpt>
<trkpt lat="37.78195" lon="-107.73465"><ele>3537.0</ele></trkpt>
<trkpt lat="37.78201" lon="-107.73510"><ele>3544.0</ele></trkpt>
<trkpt lat="37.78188" lon="-107.73559"><ele>3548.0</ele></trkpt>
<trkpt lat="37.78174" lon="-107.73606"><ele>3553.0</ele></trkpt>
<trkpt lat="37.78148" lon="-107.73650"><ele>3562.0</ele></trkpt>
<trkpt lat="37.78122" lon="-107.73709"><ele>3573.0</ele></trkpt>
<trkpt lat="37.78086" lon="-107.73761"><ele>3577.0</ele></trkpt>
<trkpt lat="37.78057" lon="-107.73792"><ele>3579.0</ele></trkpt>
<trkpt lat="37.78018" lon="-107.73838"><ele>3588.0</ele></trkpt>
<trkpt lat="37.77982" lon="-107.73879"><ele>3596.0</ele></trkpt>
<trkpt lat="37.77960" lon="-107.73918"><ele>3605.0</ele></trkpt>
<trkpt lat="37.77938" lon="-107.73958"><ele>3610.0</ele></trkpt>
<trkpt lat="37.77911" lon="-107.73995"><ele>3615.0</ele></trkpt>
<trkpt lat="37.77888" lon="-107.74039"><ele>3619.0</ele></trkpt>
<trkpt lat="37.77874" lon="-107.74083"><ele>3628.0</ele></trkpt>
<trkpt lat="37.77856" lon="-107.74146"><ele>3643.0</ele></trkpt>
<trkpt lat="37.77848" lon="-107.74197"><ele>3652.0</ele></trkpt>
<trkpt lat="37.77846" lon="-107.74250"><ele>3663.0</ele></trkpt>
<trkpt lat="37.77853" lon="-107.74316"><ele>3678.0</ele></trkpt>
<trkpt lat="37.77824" lon="-107.74361"><ele>3690.0</ele></trkpt>
<trkpt lat="37.77780" lon="-107.74384"><ele>3692.0</ele></trkpt>
<trkpt lat="37.77741" lon="-107.74401"><ele>3693.0</ele></trkpt>
<trkpt lat="37.77686" lon="-107.74419"><ele>3690.0</ele></trkpt>
<trkpt lat="37.77656" lon="-107.74446"><ele>3694.0</ele></trkpt>
<trkpt lat="37.77615" lon="-107.74468"><ele>3693.0</ele></trkpt>
<trkpt lat="37.77547" lon="-107.74470"><ele>3704.0</ele></trkpt>
<trkpt lat="37.77490" lon="-107.74452"><ele>3723.0</ele></trkpt>
<trkpt lat="37.77450" lon="-107.74442"><ele>3725.0</ele></trkpt>
<trkpt lat="37.77382" lon="-107.74455"><ele>3732.0</ele></trkpt>
<trkpt lat="37.77331" lon="-107.74457"><ele>3747.0</ele></trkpt>
<trkpt lat="37.77280" lon="-107.74459"><ele>3751.0</ele></trkpt>
<trkpt lat="37.77216" lon="-107.74491"><ele>3771.0</ele></trkpt>
<trkpt lat="37.77176" lon="-107.74509"><ele>3780.0</ele></trkpt>
<trkpt lat="37.77129" lon="-107.74541"><ele>3781.0</ele></trkpt>
<trkpt lat="37.77138" lon="-107.74598"><ele>3790.0</ele></trkpt>
<trkpt lat="37.77177" lon="-107.74656"><ele>3810.0</ele></trkpt>
<trkpt lat="37.77211" lon="-107.74688"><ele>3823.0</ele></trkpt>
<trkpt lat="37.77238" lon="-107.74719"><ele>3829.0</ele></trkpt>
<trkpt lat="37.77275" lon="-107.74737"><ele>3836.0</ele></trkpt>
<trkpt lat="37.77317" lon="-107.74765"><ele>3839.0</ele></trkpt>
<trkpt lat="37.77354" lon="-107.74788"><ele>3855.0</ele></trkpt>
<trkpt lat="37.77391" lon="-107.74817"><ele>3860.0</ele></trkpt>
<trkpt lat="37.77450" lon="-107.74844"><ele>3865.0</ele></trkpt>
<trkpt lat="37.77506" lon="-107.74880"><ele>3865.0</ele></trkpt>
<trkpt lat="37.77538" lon="-107.74911"><ele>3867.0</ele></trkpt>
<trkpt lat="37.77582" lon="-107.74977"><ele>3872.0</ele></trkpt>
<trkpt lat="37.77625" lon="-107.75043"><ele>3854.0</ele></trkpt>
<trkpt lat="37.77668" lon="-107.75095"><ele>3860.0</ele></trkpt>
<trkpt lat="37.77679" lon="-107.75140"><ele>3851.0</ele></trkpt>
<trkpt lat="37.77697" lon="-107.75195"><ele>3843.0</ele></trkpt>
<trkpt lat="37.77691" lon="-107.75256"><ele>3823.0</ele></trkpt>
<trkpt lat="37.77682" lon="-107.75314"><ele>3799.0</ele></trkpt>
<trkpt lat="37.77692" lon="-107.75414"><ele>3763.0</ele></trkpt>
<trkpt lat="37.77716" lon="-107.75507"><ele>3727.0</ele></trkpt>
<trkpt lat="37.77684" lon="-107.75553"><ele>3717.0</ele></trkpt>
<trkpt lat="37.77659" lon="-107.75588"><ele>3713.0</ele></trkpt>
<trkpt lat="37.77624" lon="-107.75619"><ele>3706.0</ele></trkpt>
<trkpt lat="37.77594" lon="-107.75668"><ele>3700.0</ele></trkpt>
<trkpt lat="37.77583" lon="-107.75731"><ele>3692.0</ele></trkpt>
<trkpt lat="37.77540" lon="-107.75803"><ele>3700.0</ele></trkpt>
<trkpt lat="37.77523" lon="-107.75848"><ele>3699.0</ele></trkpt>
<trkpt lat="37.77496" lon="-107.75892"><ele>3698.0</ele></trkpt>
<trkpt lat="37.77473" lon="-107.75955"><ele>3701.0</ele></trkpt>
<trkpt lat="37.77446" lon="-107.76008"><ele>3697.0</ele></trkpt>
<trkpt lat="37.77430" lon="-107.76055"><ele>3698.0</ele></trkpt>
<trkpt lat="37.77421" lon="-107.76112"><ele>3702.0</ele></trkpt>
<trkpt lat="37.77424" lon="-107.76214"><ele>3716.0</ele></trkpt>
<trkpt lat="37.77440" lon="-107.76273"><ele>3705.0</ele></trkpt>
<trkpt lat="37.77448" lon="-107.76353"><ele>3727.0</ele></trkpt>
<trkpt lat="37.77483" lon="-107.76394"><ele>3738.0</ele></trkpt>
<trkpt lat="37.77508" lon="-107.76438"><ele>3729.0</ele></trkpt>
<trkpt lat="37.77540" lon="-107.76496"><ele>3728.0</ele></trkpt>
<trkpt lat="37.77571" lon="-107.76572"><ele>3731.0</ele></trkpt>
<trkpt lat="37.77611" lon="-107.76644"><ele>3737.0</ele></trkpt>
<trkpt lat="37.77654" lon="-107.76722"><ele>3735.0</ele></trkpt>
<trkpt lat="37.77701" lon="-107.76766"><ele>3742.0</ele></trkpt>
<trkpt lat="37.77721" lon="-107.76806"><ele>3746.0</ele></trkpt>
<trkpt lat="37.77765" lon="-107.76851"><ele>3741.0</ele></trkpt>
<trkpt lat="37.77798" lon="-107.76881"><ele>3743.0</ele></trkpt>
<trkpt lat="37.77795" lon="-107.76954"><ele>3736.0</ele></trkpt>
<trkpt lat="37.77822" lon="-107.76993"><ele>3724.0</ele></trkpt>
<trkpt lat="37.77852" lon="-107.77034"><ele>3708.0</ele></trkpt>
<trkpt lat="37.77887" lon="-107.77078"><ele>3693.0</ele></trkpt>
<trkpt lat="37.77919" lon="-107.77101"><ele>3681.0</ele></trkpt>
<trkpt lat="37.77906" lon="-107.77147"><ele>3668.0</ele></trkpt>
<trkpt lat="37.77936" lon="-107.77178"><ele>3656.0</ele></trkpt>
<trkpt lat="37.77966" lon="-107.77222"><ele>3647.0</ele></trkpt>
<trkpt lat="37.78025" lon="-107.77219"><ele>3637.0</ele></trkpt>
<trkpt lat="37.78091" lon="-107.77235"><ele>3619.0</ele></trkpt>
<trkpt lat="37.78129" lon="-107.77241"><ele>3614.0</ele></trkpt>
<trkpt lat="37.78157" lon="-107.77275"><ele>3598.0</ele></trkpt>
<trkpt lat="37.78248" lon="-107.77272"><ele>3587.0</ele></trkpt>
<trkpt lat="37.78230" lon="-107.77320"><ele>3568.0</ele></trkpt>
<trkpt lat="37.78269" lon="-107.77311"><ele>3549.0</ele></trkpt>
<trkpt lat="37.78294" lon="-107.77360"><ele>3533.0</ele></trkpt>
<trkpt lat="37.78351" lon="-107.77329"><ele>3521.0</ele></trkpt>
<trkpt lat="37.78421" lon="-107.77331"><ele>3502.0</ele></trkpt>
<trkpt lat="37.78439" lon="-107.77383"><ele>3498.0</ele></trkpt>
<trkpt lat="37.78436" lon="-107.77441"><ele>3484.0</ele></trkpt>
<trkpt lat="37.78449" lon="-107.77505"><ele>3477.0</ele></trkpt>
<trkpt lat="37.78453" lon="-107.77553"><ele>3477.0</ele></trkpt>
<trkpt lat="37.78484" lon="-107.77595"><ele>3474.0</ele></trkpt>
<trkpt lat="37.78504" lon="-107.77634"><ele>3472.0</ele></trkpt>
<trkpt lat="37.78520" lon="-107.77683"><ele>3468.0</ele></trkpt>
<trkpt lat="37.78554" lon="-107.77716"><ele>3464.0</ele></trkpt>
<trkpt lat="37.78545" lon="-107.77763"><ele>3462.0</ele></trkpt>
<trkpt lat="37.78546" lon="-107.77817"><ele>3453.0</ele></trkpt>
<trkpt lat="37.78586" lon="-107.77889"><ele>3444.0</ele></trkpt>
<trkpt lat="37.78571" lon="-107.77947"><ele>3463.0</ele></trkpt>
<trkpt lat="37.78587" lon="-107.78005"><ele>3480.0</ele></trkpt>
<trkpt lat="37.78619" lon="-107.78060"><ele>3485.0</ele></trkpt>
<trkpt lat="37.78635" lon="-107.78114"><ele>3488.0</ele></trkpt>
<trkpt lat="37.78609" lon="-107.78153"><ele>3495.0</ele></trkpt>
<trkpt lat="37.78585" lon="-107.78211"><ele>3497.0</ele></trkpt>
<trkpt lat="37.78548" lon="-107.78301"><ele>3478.0</ele></trkpt>
<trkpt lat="37.78537" lon="-107.78363"><ele>3468.0</ele></trkpt>
<trkpt lat="37.78507" lon="-107.78399"><ele>3465.0</ele></trkpt>
<trkpt lat="37.78480" lon="-107.78453"><ele>3459.0</ele></trkpt>
<trkpt lat="37.78470" lon="-107.78548"><ele>3454.0</ele></trkpt>
<trkpt lat="37.78450" lon="-107.78609"><ele>3458.0</ele></trkpt>
<trkpt lat="37.78450" lon="-107.78672"><ele>3452.0</ele></trkpt>
<trkpt lat="37.78463" lon="-107.78732"><ele>3453.0</ele></trkpt>
<trkpt lat="37.78430" lon="-107.78789"><ele>3466.0</ele></trkpt>
<trkpt lat="37.78400" lon="-107.78844"><ele>3479.0</ele></trkpt>
<trkpt lat="37.78381" lon="-107.78905"><ele>3482.0</ele></trkpt>
<trkpt lat="37.78386" lon="-107.78986"><ele>3482.0</ele></trkpt>
<trkpt lat="37.78401" lon="-107.79039"><ele>3474.0</ele></trkpt>
<trkpt lat="37.78388" lon="-107.79098"><ele>3463.0</ele></trkpt>
<trkpt lat="37.78405" lon="-107.79169"><ele>3445.0</ele></trkpt>
<trkpt lat="37.78383" lon="-107.79214"><ele>3434.0</ele></trkpt>
<trkpt lat="37.78358" lon="-107.79254"><ele>3430.0</ele></trkpt>
<trkpt lat="37.78347" lon="-107.79304"><ele>3421.0</ele></trkpt>
<trkpt lat="37.78363" lon="-107.79348"><ele>3396.0</ele></trkpt>
<trkpt lat="37.78370" lon="-107.79399"><ele>3374.0</ele></trkpt>
<trkpt lat="37.78414" lon="-107.79427"><ele>3358.0</ele></trkpt>
<trkpt lat="37.78412" lon="-107.79479"><ele>3345.0</ele></trkpt>
<trkpt lat="37.78450" lon="-107.79505"><ele>3324.0</ele></trkpt>
<trkpt lat="37.78480" lon="-107.79536"><ele>3307.0</ele></trkpt>
<trkpt lat="37.78522" lon="-107.79536"><ele>3294.0</ele></trkpt>
<trkpt lat="37.78560" lon="-107.79551"><ele>3283.0</ele></trkpt>
<trkpt lat="37.78589" lon="-107.79596"><ele>3274.0</ele></trkpt>
<trkpt lat="37.78628" lon="-107.79609"><ele>3260.0</ele></trkpt>
<trkpt lat="37.78681" lon="-107.79608"><ele>3244.0</ele></trkpt>
<trkpt lat="37.78728" lon="-107.79635"><ele>3233.0</ele></trkpt>
<trkpt lat="37.78797" lon="-107.79659"><ele>3233.0</ele></trkpt>
<trkpt lat="37.78833" lon="-107.79676"><ele>3244.0</ele></trkpt>
<trkpt lat="37.78864" lon="-107.79702"><ele>3260.0</ele></trkpt>
<trkpt lat="37.78906" lon="-107.79681"><ele>3266.0</ele></trkpt>
<trkpt lat="37.78922" lon="-107.79640"><ele>3263.0</ele></trkpt>
<trkpt lat="37.78948" lon="-107.79595"><ele>3258.0</ele></trkpt>
<trkpt lat="37.79011" lon="-107.79532"><ele>3257.0</ele></trkpt>
<trkpt lat="37.79059" lon="-107.79465"><ele>3246.0</ele></trkpt>
<trkpt lat="37.79096" lon="-107.79430"><ele>3245.0</ele></trkpt>
<trkpt lat="37.79153" lon="-107.79406"><ele>3249.0</ele></trkpt>
<trkpt lat="37.79196" lon="-107.79350"><ele>3246.0</ele></trkpt>
<trkpt lat="37.79257" lon="-107.79304"><ele>3249.0</ele></trkpt>
<trkpt lat="37.79310" lon="-107.79268"><ele>3266.0</ele></trkpt>
<trkpt lat="37.79371" lon="-107.79224"><ele>3276.0</ele></trkpt>
<trkpt lat="37.79417" lon="-107.79218"><ele>3291.0</ele></trkpt>
<trkpt lat="37.79475" lon="-107.79174"><ele>3297.0</ele></trkpt>
<trkpt lat="37.79530" lon="-107.79130"><ele>3304.0</ele></trkpt>
<trkpt lat="37.79586" lon="-107.79086"><ele>3314.0</ele></trkpt>
<trkpt lat="37.79639" lon="-107.79049"><ele>3319.0</ele></trkpt>
<trkpt lat="37.79674" lon="-107.79032"><ele>3326.0</ele></trkpt>
<trkpt lat="37.79722" lon="-107.79004"><ele>3333.0</ele></trkpt>
<trkpt lat="37.79776" lon="-107.78973"><ele>3341.0</ele></trkpt>
<trkpt lat="37.79844" lon="-107.78943"><ele>3338.0</ele></trkpt>
<trkpt lat="37.79895" lon="-107.78927"><ele>3346.0</ele></trkpt>
<trkpt lat="37.79974" lon="-107.78910"><ele>3353.0</ele></trkpt>
<trkpt lat="37.80022" lon="-107.78887"><ele>3345.0</ele></trkpt>
<trkpt lat="37.80060" lon="-107.78887"><ele>3355.0</ele></trkpt>
<trkpt lat="37.80105" lon="-107.78860"><ele>3353.0</ele></trkpt>
<trkpt lat="37.80147" lon="-107.78843"><ele>3362.0</ele></trkpt>
<trkpt lat="37.80199" lon="-107.78813"><ele>3365.0</ele></trkpt>
<trkpt lat="37.80252" lon="-107.78784"><ele>3366.0</ele></trkpt>
<trkpt lat="37.80348" lon="-107.78735"><ele>3374.0</ele></trkpt>
<trkpt lat="37.80419" lon="-107.78696"><ele>3387.0</ele></trkpt>
<trkpt lat="37.80475" lon="-107.78663"><ele>3389.0</ele></trkpt>
<trkpt lat="37.80507" lon="-107.78641"><ele>3390.0</ele></trkpt>
<trkpt lat="37.80581" lon="-107.78561"><ele>3390.0</ele></trkpt>
<trkpt lat="37.80628" lon="-107.78493"><ele>3381.0</ele></trkpt>
<trkpt lat="37.80683" lon="-107.78439"><ele>3395.0</ele></trkpt>
<trkpt lat="37.80729" lon="-107.78427"><ele>3401.0</ele></trkpt>
<trkpt lat="37.80789" lon="-107.78516"><ele>3406.0</ele></trkpt>
<trkpt lat="37.80827" lon="-107.78583"><ele>3386.0</ele></trkpt>
<trkpt lat="37.80855" lon="-107.78646"><ele>3385.0</ele></trkpt>
<trkpt lat="37.80888" lon="-107.78727"><ele>3383.0</ele></trkpt>
<trkpt lat="37.80913" lon="-107.78807"><ele>3385.0</ele></trkpt>
<trkpt lat="37.80938" lon="-107.78883"><ele>3394.0</ele></trkpt>
<trkpt lat="37.80998" lon="-107.79004"><ele>3402.0</ele></trkpt>
<trkpt lat="37.81043" lon="-107.78991"><ele>3401.0</ele></trkpt>
<trkpt lat="37.81075" lon="-107.79021"><ele>3413.0</ele></trkpt>
<trkpt lat="37.81097" lon="-107.78982"><ele>3421.0</ele></trkpt>
<trkpt lat="37.81134" lon="-107.78955"><ele>3432.0</ele></trkpt>
<trkpt lat="37.81173" lon="-107.78977"><ele>3444.0</ele></trkpt>
<trkpt lat="37.81213" lon="-107.78982"><ele>3452.0</ele></trkpt>
<trkpt lat="37.81183" lon="-107.79017"><ele>3458.0</ele></trkpt>
<trkpt lat="37.81195" lon="-107.79099"><ele>3476.0</ele></trkpt>
<trkpt lat="37.81242" lon="-107.79147"><ele>3486.0</ele></trkpt>
<trkpt lat="37.81288" lon="-107.79125"><ele>3492.0</ele></trkpt>
<trkpt lat="37.81338" lon="-107.79115"><ele>3502.0</ele></trkpt>
<trkpt lat="37.81395" lon="-107.79133"><ele>3523.0</ele></trkpt>
<trkpt lat="37.81444" lon="-107.79133"><ele>3543.0</ele></trkpt>
<trkpt lat="37.81502" lon="-107.79062"><ele>3540.0</ele></trkpt>
<trkpt lat="37.81498" lon="-107.79147"><ele>3576.0</ele></trkpt>
<trkpt lat="37.81509" lon="-107.79192"><ele>3590.0</ele></trkpt>
<trkpt lat="37.81499" lon="-107.79272"><ele>3596.0</ele></trkpt>
<trkpt lat="37.81495" lon="-107.79326"><ele>3609.0</ele></trkpt>
<trkpt lat="37.81481" lon="-107.79380"><ele>3618.0</ele></trkpt>
<trkpt lat="37.81464" lon="-107.79429"><ele>3625.0</ele></trkpt>
<trkpt lat="37.81478" lon="-107.79518"><ele>3649.0</ele></trkpt>
<trkpt lat="37.81468" lon="-107.79568"><ele>3651.0</ele></trkpt>
<trkpt lat="37.81483" lon="-107.79612"><ele>3660.0</ele></trkpt>
<trkpt lat="37.81522" lon="-107.79641"><ele>3675.0</ele></trkpt>
<trkpt lat="37.81575" lon="-107.79645"><ele>3696.0</ele></trkpt>
<trkpt lat="37.81613" lon="-107.79648"><ele>3710.0</ele></trkpt>
<trkpt lat="37.81631" lon="-107.79688"><ele>3722.0</ele></trkpt>
<trkpt lat="37.81670" lon="-107.79697"><ele>3730.0</ele></trkpt>
<trkpt lat="37.81709" lon="-107.79697"><ele>3741.0</ele></trkpt>
<trkpt lat="37.81750" lon="-107.79733"><ele>3751.0</ele></trkpt>
<trkpt lat="37.81818" lon="-107.79738"><ele>3763.0</ele></trkpt>
<trkpt lat="37.81855" lon="-107.79778"><ele>3780.0</ele></trkpt>
<trkpt lat="37.81894" lon="-107.79832"><ele>3779.0</ele></trkpt>
<trkpt lat="37.81944" lon="-107.79886"><ele>3795.0</ele></trkpt>
<trkpt lat="37.81997" lon="-107.79921"><ele>3811.0</ele></trkpt>
<trkpt lat="37.82063" lon="-107.79941"><ele>3833.0</ele></trkpt>
<trkpt lat="37.82117" lon="-107.79975"><ele>3833.0</ele></trkpt>
<trkpt lat="37.82168" lon="-107.79998"><ele>3850.0</ele></trkpt>
<trkpt lat="37.82200" lon="-107.80024"><ele>3863.0</ele></trkpt>
<trkpt lat="37.82238" lon="-107.80034"><ele>3889.0</ele></trkpt>
<trkpt lat="37.82281" lon="-107.80057"><ele>3905.0</ele></trkpt>
<trkpt lat="37.82295" lon="-107.79994"><ele>3921.0</ele></trkpt>
<trkpt lat="37.82303" lon="-107.79944"><ele>3925.0</ele></trkpt>
<trkpt lat="37.82352" lon="-107.79935"><ele>3894.0</ele></trkpt>
<trkpt lat="37.82395" lon="-107.79921"><ele>3845.0</ele></trkpt>
<trkpt lat="37.82450" lon="-107.79921"><ele>3825.0</ele></trkpt>
<trkpt lat="37.82520" lon="-107.79930"><ele>3804.0</ele></trkpt>
<trkpt lat="37.82557" lon="-107.79939"><ele>3800.0</ele></trkpt>
<trkpt lat="37.82594" lon="-107.79944"><ele>3788.0</ele></trkpt>
<trkpt lat="37.82649" lon="-107.79949"><ele>3766.0</ele></trkpt>
<trkpt lat="37.82695" lon="-107.79939"><ele>3750.0</ele></trkpt>
<trkpt lat="37.82732" lon="-107.79936"><ele>3738.0</ele></trkpt>
<trkpt lat="37.82769" lon="-107.79932"><ele>3726.0</ele></trkpt>
<trkpt lat="37.82808" lon="-107.79954"><ele>3713.0</ele></trkpt>
<trkpt lat="37.82844" lon="-107.79957"><ele>3696.0</ele></trkpt>
<trkpt lat="37.82896" lon="-107.79994"><ele>3672.0</ele></trkpt>
<trkpt lat="37.82928" lon="-107.80051"><ele>3658.0</ele></trkpt>
<trkpt lat="37.82983" lon="-107.80042"><ele>3643.0</ele></trkpt>
<trkpt lat="37.83022" lon="-107.80024"><ele>3628.0</ele></trkpt>
<trkpt lat="37.83045" lon="-107.80069"><ele>3616.0</ele></trkpt>
<trkpt lat="37.83083" lon="-107.80062"><ele>3590.0</ele></trkpt>
<trkpt lat="37.83124" lon="-107.80102"><ele>3569.0</ele></trkpt>
<trkpt lat="37.83168" lon="-107.80150"><ele>3552.0</ele></trkpt>
<trkpt lat="37.83204" lon="-107.80185"><ele>3551.0</ele></trkpt>
<trkpt lat="37.83227" lon="-107.80236"><ele>3553.0</ele></trkpt>
<trkpt lat="37.83250" lon="-107.80288"><ele>3550.0</ele></trkpt>
<trkpt lat="37.83242" lon="-107.80351"><ele>3545.0</ele></trkpt>
<trkpt lat="37.83249" lon="-107.80436"><ele>3553.0</ele></trkpt>
<trkpt lat="37.83296" lon="-107.80477"><ele>3542.0</ele></trkpt>
<trkpt lat="37.83317" lon="-107.80521"><ele>3544.0</ele></trkpt>
<trkpt lat="37.83337" lon="-107.80563"><ele>3548.0</ele></trkpt>
<trkpt lat="37.83376" lon="-107.80615"><ele>3533.0</ele></trkpt>
<trkpt lat="37.83390" lon="-107.80660"><ele>3541.0</ele></trkpt>
<trkpt lat="37.83426" lon="-107.80709"><ele>3539.0</ele></trkpt>
<trkpt lat="37.83487" lon="-107.80723"><ele>3516.0</ele></trkpt>
<trkpt lat="37.83527" lon="-107.80736"><ele>3510.0</ele></trkpt>
<trkpt lat="37.83567" lon="-107.80745"><ele>3504.0</ele></trkpt>
<trkpt lat="37.83609" lon="-107.80751"><ele>3496.0</ele></trkpt>
<trkpt lat="37.83647" lon="-107.80763"><ele>3492.0</ele></trkpt>
<trkpt lat="37.83695" lon="-107.80772"><ele>3484.0</ele></trkpt>
<trkpt lat="37.83755" lon="-107.80835"><ele>3483.0</ele></trkpt>
<trkpt lat="37.83788" lon="-107.80857"><ele>3477.0</ele></trkpt>
<trkpt lat="37.83817" lon="-107.80898"><ele>3477.0</ele></trkpt>
<trkpt lat="37.83848" lon="-107.80939"><ele>3473.0</ele></trkpt>
<trkpt lat="37.83880" lon="-107.80973"><ele>3465.0</ele></trkpt>
<trkpt lat="37.83906" lon="-107.81032"><ele>3467.0</ele></trkpt>
<trkpt lat="37.83942" lon="-107.81049"><ele>3469.0</ele></trkpt>
<trkpt lat="37.83993" lon="-107.81045"><ele>3466.0</ele></trkpt>
<trkpt lat="37.84034" lon="-107.81015"><ele>3463.0</ele></trkpt>
<trkpt lat="37.84079" lon="-107.80982"><ele>3454.0</ele></trkpt>
<trkpt lat="37.84118" lon="-107.80969"><ele>3454.0</ele></trkpt>
<trkpt lat="37.84152" lon="-107.80947"><ele>3451.0</ele></trkpt>
<trkpt lat="37.84199" lon="-107.80924"><ele>3436.0</ele></trkpt>
<trkpt lat="37.84246" lon="-107.80897"><ele>3419.0</ele></trkpt>
<trkpt lat="37.84283" lon="-107.80879"><ele>3414.0</ele></trkpt>
<trkpt lat="37.84330" lon="-107.80853"><ele>3407.0</ele></trkpt>
<trkpt lat="37.84367" lon="-107.80835"><ele>3398.0</ele></trkpt>
<trkpt lat="37.84433" lon="-107.80805"><ele>3384.0</ele></trkpt>
<trkpt lat="37.84481" lon="-107.80776"><ele>3376.0</ele></trkpt>
<trkpt lat="37.84557" lon="-107.80741"><ele>3367.0</ele></trkpt>
<trkpt lat="37.84596" lon="-107.80718"><ele>3352.0</ele></trkpt>
<trkpt lat="37.84635" lon="-107.80714"><ele>3348.0</ele></trkpt>
<trkpt lat="37.84694" lon="-107.80710"><ele>3346.0</ele></trkpt>
<trkpt lat="37.84784" lon="-107.80729"><ele>3339.0</ele></trkpt>
<trkpt lat="37.84821" lon="-107.80732"><ele>3329.0</ele></trkpt>
<trkpt lat="37.84872" lon="-107.80701"><ele>3310.0</ele></trkpt>
<trkpt lat="37.84912" lon="-107.80709"><ele>3303.0</ele></trkpt>
<trkpt lat="37.84941" lon="-107.80759"><ele>3301.0</ele></trkpt>
<trkpt lat="37.84974" lon="-107.80679"><ele>3279.0</ele></trkpt>
<trkpt lat="37.84945" lon="-107.80634"><ele>3278.0</ele></trkpt>
<trkpt lat="37.84917" lon="-107.80588"><ele>3266.0</ele></trkpt>
<trkpt lat="37.84940" lon="-107.80550"><ele>3247.0</ele></trkpt>
<trkpt lat="37.84949" lon="-107.80505"><ele>3234.0</ele></trkpt>
<trkpt lat="37.84936" lon="-107.80456"><ele>3225.0</ele></trkpt>
<trkpt lat="37.84994" lon="-107.80454"><ele>3224.0</ele></trkpt>
<trkpt lat="37.85033" lon="-107.80437"><ele>3220.0</ele></trkpt>
<trkpt lat="37.85066" lon="-107.80409"><ele>3218.0</ele></trkpt>
<trkpt lat="37.85105" lon="-107.80382"><ele>3215.0</ele></trkpt>
<trkpt lat="37.85137" lon="-107.80348"><ele>3201.0</ele></trkpt>
<trkpt lat="37.85170" lon="-107.80378"><ele>3191.0</ele></trkpt>
<trkpt lat="37.85229" lon="-107.80423"><ele>3184.0</ele></trkpt>
<trkpt lat="37.85270" lon="-107.80454"><ele>3182.0</ele></trkpt>
<trkpt lat="37.85337" lon="-107.80481"><ele>3162.0</ele></trkpt>
<trkpt lat="37.85363" lon="-107.80535"><ele>3161.0</ele></trkpt>
<trkpt lat="37.85367" lon="-107.80481"><ele>3153.0</ele></trkpt>
<trkpt lat="37.85422" lon="-107.80460"><ele>3140.0</ele></trkpt>
<trkpt lat="37.85475" lon="-107.80472"><ele>3133.0</ele></trkpt>
<trkpt lat="37.85551" lon="-107.80436"><ele>3111.0</ele></trkpt>
<trkpt lat="37.85587" lon="-107.80445"><ele>3110.0</ele></trkpt>
<trkpt lat="37.85619" lon="-107.80485"><ele>3109.0</ele></trkpt>
<trkpt lat="37.85677" lon="-107.80535"><ele>3108.0</ele></trkpt>
<trkpt lat="37.85735" lon="-107.80584"><ele>3110.0</ele></trkpt>
<trkpt lat="37.85746" lon="-107.80637"><ele>3107.0</ele></trkpt>
<trkpt lat="37.85753" lon="-107.80705"><ele>3109.0</ele></trkpt>
<trkpt lat="37.85769" lon="-107.80759"><ele>3113.0</ele></trkpt>
<trkpt lat="37.85785" lon="-107.80813"><ele>3116.0</ele></trkpt>
<trkpt lat="37.85830" lon="-107.80898"><ele>3107.0</ele></trkpt>
<trkpt lat="37.85860" lon="-107.80960"><ele>3098.0</ele></trkpt>
<trkpt lat="37.85892" lon="-107.80863"><ele>3123.0</ele></trkpt>
<trkpt lat="37.85900" lon="-107.80790"><ele>3132.0</ele></trkpt>
<trkpt lat="37.85899" lon="-107.80723"><ele>3135.0</ele></trkpt>
<trkpt lat="37.85902" lon="-107.80620"><ele>3143.0</ele></trkpt>
<trkpt lat="37.85919" lon="-107.80579"><ele>3149.0</ele></trkpt>
<trkpt lat="37.85965" lon="-107.80576"><ele>3160.0</ele></trkpt>
<trkpt lat="37.86002" lon="-107.80553"><ele>3172.0</ele></trkpt>
<trkpt lat="37.86041" lon="-107.80576"><ele>3179.0</ele></trkpt>
<trkpt lat="37.86051" lon="-107.80486"><ele>3193.0</ele></trkpt>
<trkpt lat="37.86054" lon="-107.80391"><ele>3211.0</ele></trkpt>
<trkpt lat="37.86065" lon="-107.80325"><ele>3224.0</ele></trkpt>
<trkpt lat="37.86082" lon="-107.80253"><ele>3235.0</ele></trkpt>
<trkpt lat="37.86096" lon="-107.80181"><ele>3237.0</ele></trkpt>
<trkpt lat="37.86127" lon="-107.80145"><ele>3244.0</ele></trkpt>
<trkpt lat="37.86177" lon="-107.80154"><ele>3263.0</ele></trkpt>
<trkpt lat="37.86213" lon="-107.80132"><ele>3286.0</ele></trkpt>
<trkpt lat="37.86236" lon="-107.80093"><ele>3290.0</ele></trkpt>
<trkpt lat="37.86225" lon="-107.80048"><ele>3290.0</ele></trkpt>
<trkpt lat="37.86225" lon="-107.79981"><ele>3305.0</ele></trkpt>
<trkpt lat="37.86215" lon="-107.79903"><ele>3324.0</ele></trkpt>
<trkpt lat="37.86265" lon="-107.79913"><ele>3348.0</ele></trkpt>
<trkpt lat="37.86304" lon="-107.79953"><ele>3352.0</ele></trkpt>
<trkpt lat="37.86315" lon="-107.79908"><ele>3377.0</ele></trkpt>
<trkpt lat="37.86305" lon="-107.79796"><ele>3403.0</ele></trkpt>
<trkpt lat="37.86328" lon="-107.79747"><ele>3422.0</ele></trkpt>
<trkpt lat="37.86330" lon="-107.79698"><ele>3428.0</ele></trkpt>
<trkpt lat="37.86375" lon="-107.79627"><ele>3452.0</ele></trkpt>
<trkpt lat="37.86412" lon="-107.79564"><ele>3461.0</ele></trkpt>
<trkpt lat="37.86453" lon="-107.79577"><ele>3484.0</ele></trkpt>
<trkpt lat="37.86458" lon="-107.79626"><ele>3495.0</ele></trkpt>
<trkpt lat="37.86460" lon="-107.79689"><ele>3498.0</ele></trkpt>
<trkpt lat="37.86504" lon="-107.79711"><ele>3513.0</ele></trkpt>
<trkpt lat="37.86516" lon="-107.79668"><ele>3527.0</ele></trkpt>
<trkpt lat="37.86539" lon="-107.79605"><ele>3544.0</ele></trkpt>
<trkpt lat="37.86576" lon="-107.79538"><ele>3562.0</ele></trkpt>
<trkpt lat="37.86602" lon="-107.79471"><ele>3575.0</ele></trkpt>
<trkpt lat="37.86639" lon="-107.79429"><ele>3598.0</ele></trkpt>
<trkpt lat="37.86673" lon="-107.79452"><ele>3628.0</ele></trkpt>
<trkpt lat="37.86682" lon="-107.79514"><ele>3624.0</ele></trkpt>
<trkpt lat="37.86755" lon="-107.79509"><ele>3642.0</ele></trkpt>
<trkpt lat="37.86791" lon="-107.79492"><ele>3647.0</ele></trkpt>
<trkpt lat="37.86830" lon="-107.79469"><ele>3662.0</ele></trkpt>
<trkpt lat="37.86889" lon="-107.79426"><ele>3712.0</ele></trkpt>
<trkpt lat="37.86938" lon="-107.79402"><ele>3718.0</ele></trkpt>
<trkpt lat="37.86992" lon="-107.79433"><ele>3738.0</ele></trkpt>
<trkpt lat="37.86967" lon="-107.79385"><ele>3738.0</ele></trkpt>
<trkpt lat="37.86877" lon="-107.79354"><ele>3736.0</ele></trkpt>
<trkpt lat="37.86937" lon="-107.79326"><ele>3760.0</ele></trkpt>
<trkpt lat="37.86995" lon="-107.79312"><ele>3788.0</ele></trkpt>
<trkpt lat="37.87052" lon="-107.79322"><ele>3797.0</ele></trkpt>
<trkpt lat="37.87103" lon="-107.79354"><ele>3824.0</ele></trkpt>
<trkpt lat="37.87086" lon="-107.79308"><ele>3821.0</ele></trkpt>
<trkpt lat="37.87039" lon="-107.79250"><ele>3804.0</ele></trkpt>
<trkpt lat="37.87040" lon="-107.79183"><ele>3840.0</ele></trkpt>
<trkpt lat="37.87017" lon="-107.79080"><ele>3850.0</ele></trkpt>
<trkpt lat="37.87081" lon="-107.79098"><ele>3895.0</ele></trkpt>
<trkpt lat="37.87075" lon="-107.79035"><ele>3909.0</ele></trkpt>
<trkpt lat="37.87116" lon="-107.79052"><ele>3936.0</ele></trkpt>
<trkpt lat="37.87155" lon="-107.79086"><ele>3949.0</ele></trkpt>
<trkpt lat="37.87192" lon="-107.79120"><ele>3951.0</ele></trkpt>
<trkpt lat="37.87301" lon="-107.79165"><ele>3988.0</ele></trkpt>
<trkpt lat="37.87365" lon="-107.79184"><ele>4006.0</ele></trkpt>
<trkpt lat="37.87426" lon="-107.79209"><ele>4010.0</ele></trkpt>
<trkpt lat="37.87497" lon="-107.79196"><ele>4002.0</ele></trkpt>
<trkpt lat="37.87561" lon="-107.79170"><ele>3986.0</ele></trkpt>
<trkpt lat="37.87597" lon="-107.79162"><ele>3983.0</ele></trkpt>
<trkpt lat="37.87665" lon="-107.79156"><ele>3980.0</ele></trkpt>
<trkpt lat="37.87707" lon="-107.79142"><ele>3971.0</ele></trkpt>
<trkpt lat="37.87745" lon="-107.79135"><ele>3965.0</ele></trkpt>
<trkpt lat="37.87803" lon="-107.79160"><ele>3969.0</ele></trkpt>
<trkpt lat="37.87826" lon="-107.79201"><ele>3979.0</ele></trkpt>
<trkpt lat="37.87840" lon="-107.79254"><ele>3981.0</ele></trkpt>
<trkpt lat="37.87852" lon="-107.79308"><ele>3967.0</ele></trkpt>
<trkpt lat="37.87826" lon="-107.79353"><ele>3958.0</ele></trkpt>
<trkpt lat="37.87840" lon="-107.79397"><ele>3937.0</ele></trkpt>
<trkpt lat="37.87871" lon="-107.79447"><ele>3928.0</ele></trkpt>
<trkpt lat="37.87900" lon="-107.79483"><ele>3915.0</ele></trkpt>
<trkpt lat="37.87924" lon="-107.79527"><ele>3900.0</ele></trkpt>
<trkpt lat="37.87914" lon="-107.79600"><ele>3878.0</ele></trkpt>
<trkpt lat="37.87942" lon="-107.79631"><ele>3868.0</ele></trkpt>
<trkpt lat="37.87983" lon="-107.79653"><ele>3853.0</ele></trkpt>
<trkpt lat="37.88018" lon="-107.79689"><ele>3841.0</ele></trkpt>
<trkpt lat="37.88055" lon="-107.79706"><ele>3827.0</ele></trkpt>
<trkpt lat="37.88093" lon="-107.79711"><ele>3816.0</ele></trkpt>
<trkpt lat="37.88125" lon="-107.79734"><ele>3810.0</ele></trkpt>
<trkpt lat="37.88159" lon="-107.79760"><ele>3800.0</ele></trkpt>
<trkpt lat="37.88208" lon="-107.79818"><ele>3804.0</ele></trkpt>
<trkpt lat="37.88257" lon="-107.79855"><ele>3794.0</ele></trkpt>
<trkpt lat="37.88319" lon="-107.79921"><ele>3785.0</ele></trkpt>
<trkpt lat="37.88355" lon="-107.79935"><ele>3782.0</ele></trkpt>
<trkpt lat="37.88409" lon="-107.79957"><ele>3784.0</ele></trkpt>
<trkpt lat="37.88459" lon="-107.79962"><ele>3780.0</ele></trkpt>
<trkpt lat="37.88499" lon="-107.79988"><ele>3766.0</ele></trkpt>
<trkpt lat="37.88540" lon="-107.80078"><ele>3749.0</ele></trkpt>
<trkpt lat="37.88559" lon="-107.80123"><ele>3748.0</ele></trkpt>
<trkpt lat="37.88578" lon="-107.80164"><ele>3744.0</ele></trkpt>
<trkpt lat="37.88625" lon="-107.80230"><ele>3729.0</ele></trkpt>
<trkpt lat="37.88652" lon="-107.80279"><ele>3732.0</ele></trkpt>
<trkpt lat="37.88671" lon="-107.80320"><ele>3733.0</ele></trkpt>
<trkpt lat="37.88710" lon="-107.80365"><ele>3734.0</ele></trkpt>
<trkpt lat="37.88741" lon="-107.80429"><ele>3729.0</ele></trkpt>
<trkpt lat="37.88758" lon="-107.80472"><ele>3726.0</ele></trkpt>
<trkpt lat="37.88790" lon="-107.80526"><ele>3718.0</ele></trkpt>
<trkpt lat="37.88826" lon="-107.80540"><ele>3718.0</ele></trkpt>
<trkpt lat="37.88851" lon="-107.80575"><ele>3706.0</ele></trkpt>
<trkpt lat="37.88891" lon="-107.80620"><ele>3700.0</ele></trkpt>
<trkpt lat="37.88900" lon="-107.80669"><ele>3684.0</ele></trkpt>
<trkpt lat="37.88928" lon="-107.80700"><ele>3676.0</ele></trkpt>
<trkpt lat="37.88875" lon="-107.80709"><ele>3662.0</ele></trkpt>
<trkpt lat="37.88899" lon="-107.80759"><ele>3645.0</ele></trkpt>
<trkpt lat="37.88962" lon="-107.80830"><ele>3641.0</ele></trkpt>
<trkpt lat="37.88998" lon="-107.80875"><ele>3626.0</ele></trkpt>
<trkpt lat="37.89031" lon="-107.80921"><ele>3619.0</ele></trkpt>
<trkpt lat="37.89034" lon="-107.80973"><ele>3589.0</ele></trkpt>
<trkpt lat="37.89072" lon="-107.81005"><ele>3589.0</ele></trkpt>
<trkpt lat="37.89108" lon="-107.81005"><ele>3584.0</ele></trkpt>
<trkpt lat="37.89157" lon="-107.80992"><ele>3582.0</ele></trkpt>
<trkpt lat="37.89216" lon="-107.81005"><ele>3570.0</ele></trkpt>
<trkpt lat="37.89272" lon="-107.80987"><ele>3559.0</ele></trkpt>
<trkpt lat="37.89314" lon="-107.80951"><ele>3557.0</ele></trkpt>
<trkpt lat="37.89345" lon="-107.80924"><ele>3550.0</ele></trkpt>
<trkpt lat="37.89390" lon="-107.80908"><ele>3541.0</ele></trkpt>
<trkpt lat="37.89451" lon="-107.80942"><ele>3530.0</ele></trkpt>
<trkpt lat="37.89518" lon="-107.80960"><ele>3484.0</ele></trkpt>
<trkpt lat="37.89488" lon="-107.80993"><ele>3475.0</ele></trkpt>
<trkpt lat="37.89482" lon="-107.81050"><ele>3436.0</ele></trkpt>
<trkpt lat="37.89439" lon="-107.81091"><ele>3422.0</ele></trkpt>
<trkpt lat="37.89491" lon="-107.81132"><ele>3402.0</ele></trkpt>
<trkpt lat="37.89542" lon="-107.81163"><ele>3371.0</ele></trkpt>
<trkpt lat="37.89581" lon="-107.81189"><ele>3359.0</ele></trkpt>
<trkpt lat="37.89576" lon="-107.81238"><ele>3351.0</ele></trkpt>
<trkpt lat="37.89648" lon="-107.81291"><ele>3337.0</ele></trkpt>
<trkpt lat="37.89702" lon="-107.81318"><ele>3339.0</ele></trkpt>
<trkpt lat="37.89734" lon="-107.81341"><ele>3335.0</ele></trkpt>
<trkpt lat="37.89783" lon="-107.81364"><ele>3333.0</ele></trkpt>
<trkpt lat="37.89822" lon="-107.81376"><ele>3329.0</ele></trkpt>
<trkpt lat="37.89874" lon="-107.81392"><ele>3320.0</ele></trkpt>
<trkpt lat="37.89916" lon="-107.81381"><ele>3317.0</ele></trkpt>
<trkpt lat="37.89956" lon="-107.81391"><ele>3310.0</ele></trkpt>
<trkpt lat="37.90002" lon="-107.81394"><ele>3299.0</ele></trkpt>
<trkpt lat="37.90054" lon="-107.81381"><ele>3294.0</ele></trkpt>
<trkpt lat="37.90092" lon="-107.81400"><ele>3295.0</ele></trkpt>
<trkpt lat="37.90134" lon="-107.81394"><ele>3285.0</ele></trkpt>
<trkpt lat="37.90192" lon="-107.81404"><ele>3250.0</ele></trkpt>
<trkpt lat="37.90240" lon="-107.81417"><ele>3231.0</ele></trkpt>
<trkpt lat="37.90293" lon="-107.81444"><ele>3215.0</ele></trkpt>
<trkpt lat="37.90379" lon="-107.81453"><ele>3185.0</ele></trkpt>
<trkpt lat="37.90434" lon="-107.81484"><ele>3191.0</ele></trkpt>
<trkpt lat="37.90479" lon="-107.81490"><ele>3180.0</ele></trkpt>
<trkpt lat="37.90537" lon="-107.81480"><ele>3169.0</ele></trkpt>
<trkpt lat="37.90582" lon="-107.81476"><ele>3172.0</ele></trkpt>
<trkpt lat="37.90622" lon="-107.81475"><ele>3167.0</ele></trkpt>
<trkpt lat="37.90683" lon="-107.81462"><ele>3158.0</ele></trkpt>
<trkpt lat="37.90735" lon="-107.81457"><ele>3151.0</ele></trkpt>
<trkpt lat="37.90794" lon="-107.81431"><ele>3121.0</ele></trkpt>
<trkpt lat="37.90840" lon="-107.81414"><ele>3127.0</ele></trkpt>
<trkpt lat="37.90874" lon="-107.81367"><ele>3116.0</ele></trkpt>
<trkpt lat="37.90959" lon="-107.81337"><ele>3106.0</ele></trkpt>
<trkpt lat="37.90989" lon="-107.81306"><ele>3083.0</ele></trkpt>
<trkpt lat="37.91022" lon="-107.81278"><ele>3063.0</ele></trkpt>
<trkpt lat="37.91018" lon="-107.81229"><ele>3049.0</ele></trkpt>
<trkpt lat="37.91036" lon="-107.81184"><ele>3039.0</ele></trkpt>
<trkpt lat="37.91081" lon="-107.81121"><ele>3010.0</ele></trkpt>
<trkpt lat="37.91029" lon="-107.81112"><ele>2986.0</ele></trkpt>
<trkpt lat="37.90969" lon="-107.81076"><ele>2961.0</ele></trkpt>
<trkpt lat="37.90991" lon="-107.81027"><ele>2940.0</ele></trkpt>
<trkpt lat="37.91027" lon="-107.80996"><ele>2935.0</ele></trkpt>
<trkpt lat="37.91088" lon="-107.80939"><ele>2926.0</ele></trkpt>
<trkpt lat="37.91140" lon="-107.80911"><ele>2927.0</ele></trkpt>
<trkpt lat="37.91166" lon="-107.80875"><ele>2913.0</ele></trkpt>
<trkpt lat="37.91212" lon="-107.80827"><ele>2899.0</ele></trkpt>
<trkpt lat="37.91245" lon="-107.80790"><ele>2896.0</ele></trkpt>
<trkpt lat="37.91310" lon="-107.80795"><ele>2903.0</ele></trkpt>
<trkpt lat="37.91364" lon="-107.80777"><ele>2890.0</ele></trkpt>
<trkpt lat="37.91404" lon="-107.80772"><ele>2879.0</ele></trkpt>
<trkpt lat="37.91443" lon="-107.80772"><ele>2872.0</ele></trkpt>
<trkpt lat="37.91489" lon="-107.80785"><ele>2881.0</ele></trkpt>
<trkpt lat="37.91545" lon="-107.80772"><ele>2875.0</ele></trkpt>
<trkpt lat="37.91598" lon="-107.80745"><ele>2867.0</ele></trkpt>
<trkpt lat="37.91663" lon="-107.80728"><ele>2860.0</ele></trkpt>
<trkpt lat="37.91700" lon="-107.80736"><ele>2861.0</ele></trkpt>
<trkpt lat="37.91747" lon="-107.80754"><ele>2860.0</ele></trkpt>
<trkpt lat="37.91816" lon="-107.80732"><ele>2847.0</ele></trkpt>
<trkpt lat="37.91892" lon="-107.80692"><ele>2843.0</ele></trkpt>
<trkpt lat="37.91948" lon="-107.80701"><ele>2842.0</ele></trkpt>
<trkpt lat="37.91991" lon="-107.80697"><ele>2841.0</ele></trkpt>
<trkpt lat="37.92033" lon="-107.80718"><ele>2842.0</ele></trkpt>
<trkpt lat="37.92075" lon="-107.80719"><ele>2837.0</ele></trkpt>
<trkpt lat="37.92131" lon="-107.80720"><ele>2835.0</ele></trkpt>
<trkpt lat="37.92208" lon="-107.80741"><ele>2838.0</ele></trkpt>
<trkpt lat="37.92252" lon="-107.80750"><ele>2833.0</ele></trkpt>
<trkpt lat="37.92337" lon="-107.80750"><ele>2820.0</ele></trkpt>
<trkpt lat="37.92409" lon="-107.80728"><ele>2819.0</ele></trkpt>
<trkpt lat="37.92481" lon="-107.80705"><ele>2808.0</ele></trkpt>
<trkpt lat="37.92538" lon="-107.80691"><ele>2805.0</ele></trkpt>
<trkpt lat="37.92613" lon="-107.80648"><ele>2793.0</ele></trkpt>
<trkpt lat="37.92684" lon="-107.80620"><ele>2787.0</ele></trkpt>
<trkpt lat="37.92735" lon="-107.80624"><ele>2785.0</ele></trkpt>
<trkpt lat="37.92807" lon="-107.80606"><ele>2776.0</ele></trkpt>
<trkpt lat="37.92869" lon="-107.80593"><ele>2776.0</ele></trkpt>
<trkpt lat="37.92907" lon="-107.80602"><ele>2771.0</ele></trkpt>
<trkpt lat="37.92949" lon="-107.80603"><ele>2769.0</ele></trkpt>
<trkpt lat="37.93000" lon="-107.80607"><ele>2768.0</ele></trkpt>
<trkpt lat="37.93068" lon="-107.80635"><ele>2759.0</ele></trkpt>
<trkpt lat="37.93106" lon="-107.80655"><ele>2749.0</ele></trkpt>
<trkpt lat="37.93138" lon="-107.80712"><ele>2747.0</ele></trkpt>
<trkpt lat="37.93169" lon="-107.80769"><ele>2744.0</ele></trkpt>
<trkpt lat="37.93194" lon="-107.80827"><ele>2737.0</ele></trkpt>
<trkpt lat="37.93219" lon="-107.80884"><ele>2737.0</ele></trkpt>
<trkpt lat="37.93249" lon="-107.80920"><ele>2726.0</ele></trkpt>
<trkpt lat="37.93272" lon="-107.80979"><ele>2723.0</ele></trkpt>
<trkpt lat="37.93296" lon="-107.81037"><ele>2719.0</ele></trkpt>
<trkpt lat="37.93343" lon="-107.81099"><ele>2703.0</ele></trkpt>
<trkpt lat="37.93335" lon="-107.81045"><ele>2699.0</ele></trkpt>
<trkpt lat="37.93331" lon="-107.80993"><ele>2695.0</ele></trkpt>
<trkpt lat="37.93350" lon="-107.80949"><ele>2689.0</ele></trkpt>
<trkpt lat="37.93351" lon="-107.80901"><ele>2686.0</ele></trkpt>
<trkpt lat="37.93378" lon="-107.80864"><ele>2680.0</ele></trkpt>
<trkpt lat="37.93416" lon="-107.80861"><ele>2674.0</ele></trkpt>
<trkpt lat="37.93463" lon="-107.80807"><ele>2675.0</ele></trkpt>
<trkpt lat="37.93495" lon="-107.80756"><ele>2675.0</ele></trkpt>
<trkpt lat="37.93549" lon="-107.80777"><ele>2673.0</ele></trkpt>
<trkpt lat="37.93568" lon="-107.80858"><ele>2672.0</ele></trkpt>
<trkpt lat="37.93582" lon="-107.80913"><ele>2672.0</ele></trkpt>
<trkpt lat="37.93664" lon="-107.80880"><ele>2676.0</ele></trkpt>
<trkpt lat="37.93745" lon="-107.80847"><ele>2679.0</ele></trkpt>
<trkpt lat="37.93827" lon="-107.80814"><ele>2693.0</ele></trkpt>
<trkpt lat="37.93909" lon="-107.80781"><ele>2713.0</ele></trkpt>
<trkpt lat="37.93906" lon="-107.80724"><ele>2724.0</ele></trkpt>
<trkpt lat="37.93886" lon="-107.80673"><ele>2727.0</ele></trkpt>
<trkpt lat="37.93904" lon="-107.80625"><ele>2744.0</ele></trkpt>
<trkpt lat="37.93936" lon="-107.80652"><ele>2752.0</ele></trkpt>
<trkpt lat="37.93970" lon="-107.80727"><ele>2751.0</ele></trkpt>
<trkpt lat="37.94004" lon="-107.80776"><ele>2759.0</ele></trkpt>
<trkpt lat="37.94056" lon="-107.80817"><ele>2779.0</ele></trkpt>
<trkpt lat="37.94073" lon="-107.80862"><ele>2780.0</ele></trkpt>
<trkpt lat="37.94104" lon="-107.80893"><ele>2795.0</ele></trkpt>
<trkpt lat="37.94150" lon="-107.80973"><ele>2803.0</ele></trkpt>
<trkpt lat="37.94185" lon="-107.80991"><ele>2818.0</ele></trkpt>
<trkpt lat="37.94191" lon="-107.80944"><ele>2831.0</ele></trkpt>
<trkpt lat="37.94231" lon="-107.80960"><ele>2848.0</ele></trkpt>
<trkpt lat="37.94263" lon="-107.80982"><ele>2854.0</ele></trkpt>
<trkpt lat="37.94240" lon="-107.80915"><ele>2867.0</ele></trkpt>
<trkpt lat="37.94234" lon="-107.80866"><ele>2881.0</ele></trkpt>
<trkpt lat="37.94270" lon="-107.80894"><ele>2890.0</ele></trkpt>
<trkpt lat="37.94270" lon="-107.80848"><ele>2903.0</ele></trkpt>
<trkpt lat="37.94258" lon="-107.80803"><ele>2912.0</ele></trkpt>
<trkpt lat="37.94287" lon="-107.80759"><ele>2934.0</ele></trkpt>
<trkpt lat="37.94346" lon="-107.80742"><ele>2951.0</ele></trkpt>
<trkpt lat="37.94451" lon="-107.80776"><ele>2956.0</ele></trkpt>
<trkpt lat="37.94495" lon="-107.80747"><ele>2964.0</ele></trkpt>
<trkpt lat="37.94504" lon="-107.80682"><ele>2970.0</ele></trkpt>
<trkpt lat="37.94521" lon="-107.80581"><ele>2973.0</ele></trkpt>
<trkpt lat="37.94569" lon="-107.80512"><ele>2978.0</ele></trkpt>
<trkpt lat="37.94624" lon="-107.80450"><ele>2990.0</ele></trkpt>
<trkpt lat="37.94678" lon="-107.80388"><ele>3000.0</ele></trkpt>
<trkpt lat="37.94718" lon="-107.80333"><ele>3008.0</ele></trkpt>
<trkpt lat="37.94763" lon="-107.80270"><ele>3023.0</ele></trkpt>
<trkpt lat="37.94836" lon="-107.80155"><ele>3043.0</ele></trkpt>
<trkpt lat="37.94882" lon="-107.80091"><ele>3066.0</ele></trkpt>
<trkpt lat="37.94933" lon="-107.80026"><ele>3079.0</ele></trkpt>
<trkpt lat="37.94971" lon="-107.79996"><ele>3089.0</ele></trkpt>
<trkpt lat="37.95010" lon="-107.79966"><ele>3097.0</ele></trkpt>
<trkpt lat="37.95090" lon="-107.79934"><ele>3108.0</ele></trkpt>
<trkpt lat="37.95153" lon="-107.79863"><ele>3132.0</ele></trkpt>
<trkpt lat="37.95178" lon="-107.79805"><ele>3147.0</ele></trkpt>
<trkpt lat="37.95203" lon="-107.79733"><ele>3167.0</ele></trkpt>
<trkpt lat="37.95248" lon="-107.79720"><ele>3170.0</ele></trkpt>
<trkpt lat="37.95276" lon="-107.79680"><ele>3180.0</ele></trkpt>
<trkpt lat="37.95297" lon="-107.79621"><ele>3194.0</ele></trkpt>
<trkpt lat="37.95320" lon="-107.79711"><ele>3191.0</ele></trkpt>
<trkpt lat="37.95361" lon="-107.79621"><ele>3221.0</ele></trkpt>
<trkpt lat="37.95380" lon="-107.79565"><ele>3227.0</ele></trkpt>
<trkpt lat="37.95434" lon="-107.79521"><ele>3256.0</ele></trkpt>
<trkpt lat="37.95488" lon="-107.79478"><ele>3287.0</ele></trkpt>
<trkpt lat="37.95522" lon="-107.79433"><ele>3293.0</ele></trkpt>
<trkpt lat="37.95548" lon="-107.79470"><ele>3304.0</ele></trkpt>
<trkpt lat="37.95594" lon="-107.79456"><ele>3312.0</ele></trkpt>
<trkpt lat="37.95636" lon="-107.79436"><ele>3333.0</ele></trkpt>
<trkpt lat="37.95687" lon="-107.79438"><ele>3351.0</ele></trkpt>
<trkpt lat="37.95726" lon="-107.79424"><ele>3361.0</ele></trkpt>
<trkpt lat="37.95786" lon="-107.79438"><ele>3359.0</ele></trkpt>
<trkpt lat="37.95821" lon="-107.79425"><ele>3368.0</ele></trkpt>
<trkpt lat="37.95866" lon="-107.79355"><ele>3396.0</ele></trkpt>
<trkpt lat="37.95907" lon="-107.79286"><ele>3421.0</ele></trkpt>
<trkpt lat="37.95957" lon="-107.79236"><ele>3429.0</ele></trkpt>
<trkpt lat="37.96005" lon="-107.79151"><ele>3449.0</ele></trkpt>
<trkpt lat="37.95956" lon="-107.79147"><ele>3470.0</ele></trkpt>
<trkpt lat="37.95964" lon="-107.79057"><ele>3486.0</ele></trkpt>
<trkpt lat="37.95890" lon="-107.79032"><ele>3520.0</ele></trkpt>
<trkpt lat="37.95886" lon="-107.78963"><ele>3529.0</ele></trkpt>
<trkpt lat="37.95890" lon="-107.78905"><ele>3526.0</ele></trkpt>
<trkpt lat="37.95853" lon="-107.78809"><ele>3550.0</ele></trkpt>
<trkpt lat="37.95867" lon="-107.78766"><ele>3550.0</ele></trkpt>
<trkpt lat="37.95822" lon="-107.78681"><ele>3576.0</ele></trkpt>
<trkpt lat="37.95786" lon="-107.78632"><ele>3582.0</ele></trkpt>
<trkpt lat="37.95757" lon="-107.78575"><ele>3587.0</ele></trkpt>
<trkpt lat="37.95705" lon="-107.78502"><ele>3614.0</ele></trkpt>
<trkpt lat="37.95685" lon="-107.78441"><ele>3621.0</ele></trkpt>
<trkpt lat="37.95665" lon="-107.78381"><ele>3635.0</ele></trkpt>
<trkpt lat="37.95651" lon="-107.78336"><ele>3646.0</ele></trkpt>
<trkpt lat="37.95635" lon="-107.78275"><ele>3666.0</ele></trkpt>
<trkpt lat="37.95654" lon="-107.78233"><ele>3687.0</ele></trkpt>
<trkpt lat="37.95671" lon="-107.78162"><ele>3710.0</ele></trkpt>
<trkpt lat="37.95685" lon="-107.78104"><ele>3719.0</ele></trkpt>
<trkpt lat="37.95685" lon="-107.78056"><ele>3729.0</ele></trkpt>
<trkpt lat="37.95705" lon="-107.77975"><ele>3782.0</ele></trkpt>
<trkpt lat="37.95680" lon="-107.77921"><ele>3803.0</ele></trkpt>
<trkpt lat="37.95618" lon="-107.77874"><ele>3811.0</ele></trkpt>
<trkpt lat="37.95558" lon="-107.77866"><ele>3815.0</ele></trkpt>
<trkpt lat="37.95606" lon="-107.77826"><ele>3820.0</ele></trkpt>
<trkpt lat="37.95665" lon="-107.77795"><ele>3823.0</ele></trkpt>
<trkpt lat="37.95741" lon="-107.77750"><ele>3831.0</ele></trkpt>
<trkpt lat="37.95768" lon="-107.77710"><ele>3829.0</ele></trkpt>
<trkpt lat="37.95812" lon="-107.77688"><ele>3840.0</ele></trkpt>
<trkpt lat="37.95863" lon="-107.77697"><ele>3862.0</ele></trkpt>
<trkpt lat="37.95917" lon="-107.77678"><ele>3868.0</ele></trkpt>
<trkpt lat="37.95957" lon="-107.77643"><ele>3871.0</ele></trkpt>
<trkpt lat="37.96006" lon="-107.77602"><ele>3889.0</ele></trkpt>
<trkpt lat="37.96043" lon="-107.77577"><ele>3905.0</ele></trkpt>
<trkpt lat="37.96093" lon="-107.77501"><ele>3927.0</ele></trkpt>
<trkpt lat="37.96099" lon="-107.77392"><ele>3945.0</ele></trkpt>
<trkpt lat="37.96093" lon="-107.77320"><ele>3946.0</ele></trkpt>
<trkpt lat="37.96110" lon="-107.77261"><ele>3952.0</ele></trkpt>
<trkpt lat="37.96137" lon="-107.77204"><ele>3962.0</ele></trkpt>
<trkpt lat="37.96183" lon="-107.77172"><ele>3978.0</ele></trkpt>
<trkpt lat="37.96227" lon="-107.77186"><ele>3956.0</ele></trkpt>
<trkpt lat="37.96287" lon="-107.77213"><ele>3928.0</ele></trkpt>
<trkpt lat="37.96340" lon="-107.77240"><ele>3909.0</ele></trkpt>
<trkpt lat="37.96387" lon="-107.77231"><ele>3906.0</ele></trkpt>
<trkpt lat="37.96473" lon="-107.77227"><ele>3872.0</ele></trkpt>
<trkpt lat="37.96513" lon="-107.77257"><ele>3874.0</ele></trkpt>
<trkpt lat="37.96562" lon="-107.77276"><ele>3860.0</ele></trkpt>
<trkpt lat="37.96653" lon="-107.77277"><ele>3786.0</ele></trkpt>
<trkpt lat="37.96689" lon="-107.77226"><ele>3795.0</ele></trkpt>
<trkpt lat="37.96729" lon="-107.77231"><ele>3794.0</ele></trkpt>
<trkpt lat="37.96782" lon="-107.77250"><ele>3764.0</ele></trkpt>
<trkpt lat="37.96839" lon="-107.77284"><ele>3746.0</ele></trkpt>
<trkpt lat="37.96903" lon="-107.77289"><ele>3732.0</ele></trkpt>
<trkpt lat="37.96967" lon="-107.77245"><ele>3718.0</ele></trkpt>
<trkpt lat="37.97007" lon="-107.77218"><ele>3705.0</ele></trkpt>
<trkpt lat="37.97054" lon="-107.77167"><ele>3696.0</ele></trkpt>
<trkpt lat="37.97114" lon="-107.77121"><ele>3695.0</ele></trkpt>
<trkpt lat="37.97153" lon="-107.77099"><ele>3683.0</ele></trkpt>
<trkpt lat="37.97178" lon="-107.77060"><ele>3682.0</ele></trkpt>
<trkpt lat="37.97208" lon="-107.77008"><ele>3665.0</ele></trkpt>
<trkpt lat="37.97224" lon="-107.76948"><ele>3656.0</ele></trkpt>
<trkpt lat="37.97232" lon="-107.76877"><ele>3658.0</ele></trkpt>
<trkpt lat="37.97243" lon="-107.76819"><ele>3653.0</ele></trkpt>
<trkpt lat="37.97232" lon="-107.76760"><ele>3646.0</ele></trkpt>
<trkpt lat="37.97215" lon="-107.76719"><ele>3640.0</ele></trkpt>
<trkpt lat="37.97195" lon="-107.76635"><ele>3633.0</ele></trkpt>
<trkpt lat="37.97199" lon="-107.76564"><ele>3639.0</ele></trkpt>
<trkpt lat="37.97226" lon="-107.76528"><ele>3638.0</ele></trkpt>
<trkpt lat="37.97269" lon="-107.76461"><ele>3632.0</ele></trkpt>
<trkpt lat="37.97293" lon="-107.76407"><ele>3625.0</ele></trkpt>
<trkpt lat="37.97323" lon="-107.76350"><ele>3621.0</ele></trkpt>
<trkpt lat="37.97355" lon="-107.76392"><ele>3619.0</ele></trkpt>
<trkpt lat="37.97381" lon="-107.76439"><ele>3616.0</ele></trkpt>
<trkpt lat="37.97406" lon="-107.76484"><ele>3609.0</ele></trkpt>
<trkpt lat="37.97405" lon="-107.76538"><ele>3600.0</ele></trkpt>
<trkpt lat="37.97387" lon="-107.76585"><ele>3600.0</ele></trkpt>
<trkpt lat="37.97423" lon="-107.76602"><ele>3589.0</ele></trkpt>
<trkpt lat="37.97463" lon="-107.76506"><ele>3580.0</ele></trkpt>
<trkpt lat="37.97494" lon="-107.76541"><ele>3564.0</ele></trkpt>
<trkpt lat="37.97527" lon="-107.76488"><ele>3562.0</ele></trkpt>
<trkpt lat="37.97554" lon="-107.76447"><ele>3548.0</ele></trkpt>
<trkpt lat="37.97568" lon="-107.76404"><ele>3541.0</ele></trkpt>
<trkpt lat="37.97601" lon="-107.76354"><ele>3531.0</ele></trkpt>
<trkpt lat="37.97598" lon="-107.76304"><ele>3532.0</ele></trkpt>
<trkpt lat="37.97573" lon="-107.76228"><ele>3531.0</ele></trkpt>
<trkpt lat="37.97536" lon="-107.76175"><ele>3521.0</ele></trkpt>
<trkpt lat="37.97519" lon="-107.76127"><ele>3502.0</ele></trkpt>
<trkpt lat="37.97591" lon="-107.76187"><ele>3509.0</ele></trkpt>
<trkpt lat="37.97631" lon="-107.76246"><ele>3502.0</ele></trkpt>
<trkpt lat="37.97667" lon="-107.76292"><ele>3485.0</ele></trkpt>
<trkpt lat="37.97703" lon="-107.76337"><ele>3473.0</ele></trkpt>
<trkpt lat="37.97696" lon="-107.76264"><ele>3465.0</ele></trkpt>
<trkpt lat="37.97669" lon="-107.76215"><ele>3472.0</ele></trkpt>
<trkpt lat="37.97692" lon="-107.76171"><ele>3442.0</ele></trkpt>
<trkpt lat="37.97745" lon="-107.76193"><ele>3436.0</ele></trkpt>
<trkpt lat="37.97764" lon="-107.76241"><ele>3443.0</ele></trkpt>
<trkpt lat="37.97770" lon="-107.76319"><ele>3437.0</ele></trkpt>
<trkpt lat="37.97749" lon="-107.76379"><ele>3435.0</ele></trkpt>
<trkpt lat="37.97727" lon="-107.76439"><ele>3423.0</ele></trkpt>
<trkpt lat="37.97726" lon="-107.76496"><ele>3414.0</ele></trkpt>
<trkpt lat="37.97711" lon="-107.76577"><ele>3418.0</ele></trkpt>
<trkpt lat="37.97713" lon="-107.76668"><ele>3415.0</ele></trkpt>
<trkpt lat="37.97741" lon="-107.76717"><ele>3407.0</ele></trkpt>
<trkpt lat="37.97772" lon="-107.76744"><ele>3401.0</ele></trkpt>
<trkpt lat="37.97820" lon="-107.76756"><ele>3396.0</ele></trkpt>
<trkpt lat="37.97871" lon="-107.76711"><ele>3391.0</ele></trkpt>
<trkpt lat="37.97896" lon="-107.76608"><ele>3380.0</ele></trkpt>
<trkpt lat="37.97901" lon="-107.76556"><ele>3369.0</ele></trkpt>
<trkpt lat="37.97920" lon="-107.76506"><ele>3362.0</ele></trkpt>
<trkpt lat="37.97997" lon="-107.76448"><ele>3350.0</ele></trkpt>
<trkpt lat="37.98046" lon="-107.76386"><ele>3338.0</ele></trkpt>
<trkpt lat="37.98082" lon="-107.76353"><ele>3334.0</ele></trkpt>
<trkpt lat="37.98143" lon="-107.76340"><ele>3333.0</ele></trkpt>
<trkpt lat="37.98168" lon="-107.76295"><ele>3326.0</ele></trkpt>
<trkpt lat="37.98201" lon="-107.76259"><ele>3321.0</ele></trkpt>
<trkpt lat="37.98227" lon="-107.76227"><ele>3314.0</ele></trkpt>
<trkpt lat="37.98145" lon="-107.76246"><ele>3306.0</ele></trkpt>
<trkpt lat="37.98177" lon="-107.76183"><ele>3296.0</ele></trkpt>
<trkpt lat="37.98151" lon="-107.76147"><ele>3290.0</ele></trkpt>
<trkpt lat="37.98145" lon="-107.76080"><ele>3285.0</ele></trkpt>
<trkpt lat="37.98063" lon="-107.75995"><ele>3285.0</ele></trkpt>
<trkpt lat="37.98012" lon="-107.75996"><ele>3281.0</ele></trkpt>
<trkpt lat="37.97960" lon="-107.75968"><ele>3276.0</ele></trkpt>
<trkpt lat="37.97936" lon="-107.75925"><ele>3277.0</ele></trkpt>
<trkpt lat="37.97908" lon="-107.75848"><ele>3274.0</ele></trkpt>
<trkpt lat="37.97853" lon="-107.75793"><ele>3271.0</ele></trkpt>
<trkpt lat="37.97788" lon="-107.75719"><ele>3263.0</ele></trkpt>
<trkpt lat="37.97745" lon="-107.75709"><ele>3266.0</ele></trkpt>
<trkpt lat="37.97712" lon="-107.75682"><ele>3259.0</ele></trkpt>
<trkpt lat="37.97684" lon="-107.75634"><ele>3261.0</ele></trkpt>
<trkpt lat="37.97656" lon="-107.75593"><ele>3258.0</ele></trkpt>
<trkpt lat="37.97640" lon="-107.75547"><ele>3256.0</ele></trkpt>
<trkpt lat="37.97621" lon="-107.75480"><ele>3260.0</ele></trkpt>
<trkpt lat="37.97556" lon="-107.75360"><ele>3253.0</ele></trkpt>
<trkpt lat="37.97548" lon="-107.75270"><ele>3244.0</ele></trkpt>
<trkpt lat="37.97571" lon="-107.75220"><ele>3244.0</ele></trkpt>
<trkpt lat="37.97565" lon="-107.75113"><ele>3245.0</ele></trkpt>
<trkpt lat="37.97570" lon="-107.75050"><ele>3240.0</ele></trkpt>
<trkpt lat="37.97569" lon="-107.74956"><ele>3240.0</ele></trkpt>
<trkpt lat="37.97577" lon="-107.74886"><ele>3239.0</ele></trkpt>
<trkpt lat="37.97567" lon="-107.74826"><ele>3237.0</ele></trkpt>
<trkpt lat="37.97549" lon="-107.74752"><ele>3232.0</ele></trkpt>
<trkpt lat="37.97540" lon="-107.74666"><ele>3231.0</ele></trkpt>
<trkpt lat="37.97542" lon="-107.74562"><ele>3231.0</ele></trkpt>
<trkpt lat="37.97534" lon="-107.74500"><ele>3222.0</ele></trkpt>
<trkpt lat="37.97535" lon="-107.74428"><ele>3218.0</ele></trkpt>
<trkpt lat="37.97517" lon="-107.74367"><ele>3209.0</ele></trkpt>
<trkpt lat="37.97536" lon="-107.74317"><ele>3214.0</ele></trkpt>
<trkpt lat="37.97510" lon="-107.74250"><ele>3203.0</ele></trkpt>
<trkpt lat="37.97469" lon="-107.74142"><ele>3182.0</ele></trkpt>
<trkpt lat="37.97442" lon="-107.74074"><ele>3173.0</ele></trkpt>
<trkpt lat="37.97416" lon="-107.74022"><ele>3174.0</ele></trkpt>
<trkpt lat="37.97389" lon="-107.73971"><ele>3166.0</ele></trkpt>
<trkpt lat="37.97371" lon="-107.73931"><ele>3160.0</ele></trkpt>
<trkpt lat="37.97357" lon="-107.73886"><ele>3156.0</ele></trkpt>
<trkpt lat="37.97320" lon="-107.73832"><ele>3139.0</ele></trkpt>
<trkpt lat="37.97297" lon="-107.73771"><ele>3137.0</ele></trkpt>
<trkpt lat="37.97248" lon="-107.73649"><ele>3121.0</ele></trkpt>
<trkpt lat="37.97266" lon="-107.73606"><ele>3114.0</ele></trkpt>
<trkpt lat="37.97283" lon="-107.73506"><ele>3106.0</ele></trkpt>
<trkpt lat="37.97254" lon="-107.73412"><ele>3086.0</ele></trkpt>
<trkpt lat="37.97241" lon="-107.73342"><ele>3091.0</ele></trkpt>
<trkpt lat="37.97227" lon="-107.73273"><ele>3074.0</ele></trkpt>
<trkpt lat="37.97242" lon="-107.73210"><ele>3078.0</ele></trkpt>
<trkpt lat="37.97263" lon="-107.73116"><ele>3081.0</ele></trkpt>
<trkpt lat="37.97285" lon="-107.73022"><ele>3070.0</ele></trkpt>
<trkpt lat="37.97287" lon="-107.72968"><ele>3062.0</ele></trkpt>
<trkpt lat="37.97341" lon="-107.72892"><ele>3083.0</ele></trkpt>
<trkpt lat="37.97368" lon="-107.72823"><ele>3050.0</ele></trkpt>
<trkpt lat="37.97394" lon="-107.72755"><ele>3030.0</ele></trkpt>
<trkpt lat="37.97412" lon="-107.72686"><ele>3016.0</ele></trkpt>
<trkpt lat="37.97411" lon="-107.72612"><ele>3011.0</ele></trkpt>
<trkpt lat="37.97465" lon="-107.72505"><ele>3005.0</ele></trkpt>
<trkpt lat="37.97505" lon="-107.72431"><ele>3000.0</ele></trkpt>
<trkpt lat="37.97494" lon="-107.72377"><ele>2981.0</ele></trkpt>
<trkpt lat="37.97520" lon="-107.72270"><ele>2977.0</ele></trkpt>
<trkpt lat="37.97552" lon="-107.72200"><ele>2960.0</ele></trkpt>
<trkpt lat="37.97599" lon="-107.72143"><ele>2955.0</ele></trkpt>
<trkpt lat="37.97645" lon="-107.72087"><ele>2963.0</ele></trkpt>
<trkpt lat="37.97676" lon="-107.71983"><ele>2958.0</ele></trkpt>
<trkpt lat="37.97689" lon="-107.71920"><ele>2953.0</ele></trkpt>
<trkpt lat="37.97717" lon="-107.71885"><ele>2956.0</ele></trkpt>
<trkpt lat="37.97755" lon="-107.71850"><ele>2959.0</ele></trkpt>
<trkpt lat="37.97799" lon="-107.71764"><ele>2942.0</ele></trkpt>
<trkpt lat="37.97828" lon="-107.71719"><ele>2942.0</ele></trkpt>
<trkpt lat="37.97848" lon="-107.71675"><ele>2939.0</ele></trkpt>
<trkpt lat="37.97886" lon="-107.71612"><ele>2936.0</ele></trkpt>
<trkpt lat="37.97959" lon="-107.71563"><ele>2925.0</ele></trkpt>
<trkpt lat="37.98011" lon="-107.71496"><ele>2903.0</ele></trkpt>
<trkpt lat="37.98055" lon="-107.71457"><ele>2905.0</ele></trkpt>
<trkpt lat="37.98089" lon="-107.71415"><ele>2897.0</ele></trkpt>
<trkpt lat="37.98125" lon="-107.71377"><ele>2887.0</ele></trkpt>
<trkpt lat="37.98162" lon="-107.71339"><ele>2889.0</ele></trkpt>
<trkpt lat="37.98210" lon="-107.71294"><ele>2869.0</ele></trkpt>
<trkpt lat="37.98248" lon="-107.71276"><ele>2858.0</ele></trkpt>
<trkpt lat="37.98295" lon="-107.71225"><ele>2839.0</ele></trkpt>
<trkpt lat="37.98343" lon="-107.71175"><ele>2830.0</ele></trkpt>
<trkpt lat="37.98412" lon="-107.71119"><ele>2827.0</ele></trkpt>
<trkpt lat="37.98440" lon="-107.71080"><ele>2821.0</ele></trkpt>
<trkpt lat="37.98473" lon="-107.71048"><ele>2817.0</ele></trkpt>
<trkpt lat="37.98415" lon="-107.71052"><ele>2807.0</ele></trkpt>
<trkpt lat="37.98471" lon="-107.70994"><ele>2802.0</ele></trkpt>
<trkpt lat="37.98480" lon="-107.70936"><ele>2793.0</ele></trkpt>
<trkpt lat="37.98516" lon="-107.70849"><ele>2789.0</ele></trkpt>
<trkpt lat="37.98584" lon="-107.70788"><ele>2779.0</ele></trkpt>
<trkpt lat="37.98611" lon="-107.70748"><ele>2763.0</ele></trkpt>
<trkpt lat="37.98658" lon="-107.70701"><ele>2771.0</ele></trkpt>
<trkpt lat="37.98705" lon="-107.70655"><ele>2760.0</ele></trkpt>
<trkpt lat="37.98764" lon="-107.70618"><ele>2758.0</ele></trkpt>
<trkpt lat="37.98809" lon="-107.70569"><ele>2755.0</ele></trkpt>
<trkpt lat="37.98848" lon="-107.70539"><ele>2758.0</ele></trkpt>
<trkpt lat="37.98886" lon="-107.70510"><ele>2745.0</ele></trkpt>
<trkpt lat="37.98935" lon="-107.70490"><ele>2728.0</ele></trkpt>
<trkpt lat="37.98993" lon="-107.70494"><ele>2754.0</ele></trkpt>
<trkpt lat="37.99029" lon="-107.70490"><ele>2763.0</ele></trkpt>
<trkpt lat="37.99103" lon="-107.70403"><ele>2732.0</ele></trkpt>
<trkpt lat="37.99155" lon="-107.70327"><ele>2724.0</ele></trkpt>
<trkpt lat="37.99163" lon="-107.70243"><ele>2706.0</ele></trkpt>
<trkpt lat="37.99184" lon="-107.70202"><ele>2697.0</ele></trkpt>
<trkpt lat="37.99229" lon="-107.70186"><ele>2697.0</ele></trkpt>
<trkpt lat="37.99309" lon="-107.70120"><ele>2680.0</ele></trkpt>
<trkpt lat="37.99361" lon="-107.70072"><ele>2680.0</ele></trkpt>
<trkpt lat="37.99414" lon="-107.70025"><ele>2673.0</ele></trkpt>
<trkpt lat="37.99478" lon="-107.69955"><ele>2671.0</ele></trkpt>
<trkpt lat="37.99520" lon="-107.69930"><ele>2673.0</ele></trkpt>
<trkpt lat="37.99554" lon="-107.69902"><ele>2668.0</ele></trkpt>
<trkpt lat="37.99629" lon="-107.69906"><ele>2671.0</ele></trkpt>
<trkpt lat="37.99679" lon="-107.69915"><ele>2675.0</ele></trkpt>
<trkpt lat="37.99730" lon="-107.69907"><ele>2680.0</ele></trkpt>
<trkpt lat="37.99780" lon="-107.69898"><ele>2679.0</ele></trkpt>
<trkpt lat="37.99818" lon="-107.69822"><ele>2663.0</ele></trkpt>
<trkpt lat="37.99883" lon="-107.69759"><ele>2660.0</ele></trkpt>
<trkpt lat="37.99919" lon="-107.69710"><ele>2656.0</ele></trkpt>
<trkpt lat="37.99969" lon="-107.69674"><ele>2651.0</ele></trkpt>
<trkpt lat="38.00042" lon="-107.69638"><ele>2646.0</ele></trkpt>
<trkpt lat="38.00067" lon="-107.69588"><ele>2639.0</ele></trkpt>
<trkpt lat="38.00125" lon="-107.69512"><ele>2627.0</ele></trkpt>
<trkpt lat="38.00163" lon="-107.69476"><ele>2618.0</ele></trkpt>
<trkpt lat="38.00181" lon="-107.69436"><ele>2610.0</ele></trkpt>
<trkpt lat="38.00186" lon="-107.69375"><ele>2611.0</ele></trkpt>
<trkpt lat="38.00244" lon="-107.69289"><ele>2611.0</ele></trkpt>
<trkpt lat="38.00311" lon="-107.69235"><ele>2608.0</ele></trkpt>
<trkpt lat="38.00390" lon="-107.69185"><ele>2612.0</ele></trkpt>
<trkpt lat="38.00472" lon="-107.69146"><ele>2614.0</ele></trkpt>
<trkpt lat="38.00516" lon="-107.69122"><ele>2613.0</ele></trkpt>
<trkpt lat="38.00561" lon="-107.69092"><ele>2612.0</ele></trkpt>
<trkpt lat="38.00607" lon="-107.69056"><ele>2608.0</ele></trkpt>
<trkpt lat="38.00646" lon="-107.69007"><ele>2619.0</ele></trkpt>
<trkpt lat="38.00695" lon="-107.68975"><ele>2618.0</ele></trkpt>
<trkpt lat="38.00724" lon="-107.68936"><ele>2615.0</ele></trkpt>
<trkpt lat="38.00741" lon="-107.68894"><ele>2615.0</ele></trkpt>
<trkpt lat="38.00779" lon="-107.68841"><ele>2607.0</ele></trkpt>
<trkpt lat="38.00827" lon="-107.68827"><ele>2597.0</ele></trkpt>
<trkpt lat="38.00892" lon="-107.68796"><ele>2600.0</ele></trkpt>
<trkpt lat="38.00962" lon="-107.68770"><ele>2594.0</ele></trkpt>
<trkpt lat="38.01009" lon="-107.68773"><ele>2563.0</ele></trkpt>
<trkpt lat="38.01056" lon="-107.68764"><ele>2561.0</ele></trkpt>
<trkpt lat="38.01087" lon="-107.68738"><ele>2571.0</ele></trkpt>
<trkpt lat="38.01160" lon="-107.68725"><ele>2564.0</ele></trkpt>
<trkpt lat="38.01194" lon="-107.68706"><ele>2559.0</ele></trkpt>
<trkpt lat="38.01219" lon="-107.68622"><ele>2567.0</ele></trkpt>
<trkpt lat="38.01245" lon="-107.68546"><ele>2561.0</ele></trkpt>
<trkpt lat="38.01254" lon="-107.68496"><ele>2562.0</ele></trkpt>
<trkpt lat="38.01294" lon="-107.68424"><ele>2546.0</ele></trkpt>
<trkpt lat="38.01318" lon="-107.68330"><ele>2545.0</ele></trkpt>
<trkpt lat="38.01319" lon="-107.68281"><ele>2548.0</ele></trkpt>
<trkpt lat="38.01356" lon="-107.68196"><ele>2537.0</ele></trkpt>
<trkpt lat="38.01418" lon="-107.68169"><ele>2533.0</ele></trkpt>
<trkpt lat="38.01457" lon="-107.68124"><ele>2534.0</ele></trkpt>
<trkpt lat="38.01491" lon="-107.68079"><ele>2532.0</ele></trkpt>
<trkpt lat="38.01521" lon="-107.68000"><ele>2534.0</ele></trkpt>
<trkpt lat="38.01577" lon="-107.67923"><ele>2521.0</ele></trkpt>
<trkpt lat="38.01605" lon="-107.67882"><ele>2514.0</ele></trkpt>
<trkpt lat="38.01616" lon="-107.67835"><ele>2511.0</ele></trkpt>
<trkpt lat="38.01600" lon="-107.67730"><ele>2503.0</ele></trkpt>
<trkpt lat="38.01586" lon="-107.67687"><ele>2498.0</ele></trkpt>
<trkpt lat="38.01567" lon="-107.67611"><ele>2487.0</ele></trkpt>
<trkpt lat="38.01559" lon="-107.67565"><ele>2481.0</ele></trkpt>
<trkpt lat="38.01554" lon="-107.67517"><ele>2473.0</ele></trkpt>
<trkpt lat="38.01592" lon="-107.67542"><ele>2464.0</ele></trkpt>
<trkpt lat="38.01621" lon="-107.67597"><ele>2460.0</ele></trkpt>
<trkpt lat="38.01637" lon="-107.67646"><ele>2468.0</ele></trkpt>
<trkpt lat="38.01686" lon="-107.67735"><ele>2469.0</ele></trkpt>
<trkpt lat="38.01719" lon="-107.67794"><ele>2465.0</ele></trkpt>
<trkpt lat="38.01756" lon="-107.67847"><ele>2451.0</ele></trkpt>
<trkpt lat="38.01758" lon="-107.67898"><ele>2449.0</ele></trkpt>
<trkpt lat="38.01803" lon="-107.67927"><ele>2461.0</ele></trkpt>
<trkpt lat="38.01859" lon="-107.67927"><ele>2452.0</ele></trkpt>
<trkpt lat="38.01918" lon="-107.67875"><ele>2442.0</ele></trkpt>
<trkpt lat="38.01954" lon="-107.67851"><ele>2434.0</ele></trkpt>
<trkpt lat="38.01979" lon="-107.67792"><ele>2414.0</ele></trkpt>
<trkpt lat="38.02004" lon="-107.67732"><ele>2402.0</ele></trkpt>
<trkpt lat="38.02037" lon="-107.67699"><ele>2401.0</ele></trkpt>
<trkpt lat="38.02084" lon="-107.67690"><ele>2402.0</ele></trkpt>
<trkpt lat="38.02125" lon="-107.67656"><ele>2402.0</ele></trkpt>
<trkpt lat="38.02092" lon="-107.67593"><ele>2390.0</ele></trkpt>
<trkpt lat="38.02091" lon="-107.67545"><ele>2383.0</ele></trkpt>
<trkpt lat="38.02157" lon="-107.67538"><ele>2384.0</ele></trkpt>
<trkpt lat="38.02211" lon="-107.67535"><ele>2378.0</ele></trkpt>
<trkpt lat="38.02247" lon="-107.67529"><ele>2369.0</ele></trkpt>
<trkpt lat="38.02301" lon="-107.67523"><ele>2369.0</ele></trkpt>
<trkpt lat="38.02355" lon="-107.67517"><ele>2369.0</ele></trkpt>
<trkpt lat="38.02427" lon="-107.67493"><ele>2363.0</ele></trkpt>
<trkpt lat="38.02487" lon="-107.67467"><ele>2365.0</ele></trkpt>
<trkpt lat="38.02552" lon="-107.67449"><ele>2360.0</ele></trkpt>
<trkpt lat="38.02617" lon="-107.67430"><ele>2361.0</ele></trkpt>
<trkpt lat="38.02699" lon="-107.67415"><ele>2360.0</ele></trkpt>
<trkpt lat="38.02759" lon="-107.67415"><ele>2357.0</ele></trkpt>
<trkpt lat="38.02820" lon="-107.67415"><ele>2354.0</ele></trkpt>
<trkpt lat="38.02829" lon="-107.67358"><ele>2352.0</ele></trkpt>
<trkpt lat="38.02790" lon="-107.67315"><ele>2355.0</ele></trkpt>
<trkpt lat="38.02694" lon="-107.67328"><ele>2352.0</ele></trkpt>
<trkpt lat="38.02645" lon="-107.67323"><ele>2353.0</ele></trkpt>
<trkpt lat="38.02609" lon="-107.67327"><ele>2352.0</ele></trkpt>
<trkpt lat="38.02599" lon="-107.67283"><ele>2358.0</ele></trkpt>
<trkpt lat="38.02544" lon="-107.67285"><ele>2360.0</ele></trkpt>
<trkpt lat="38.02490" lon="-107.67287"><ele>2362.0</ele></trkpt>
<trkpt lat="38.02404" lon="-107.67287"><ele>2364.0</ele></trkpt>
<trkpt lat="38.02319" lon="-107.67287"><ele>2371.0</ele></trkpt>
<trkpt lat="38.02233" lon="-107.67288"><ele>2377.0</ele></trkpt>
<trkpt lat="38.02148" lon="-107.67288"><ele>2378.0</ele></trkpt>
<trkpt lat="38.02062" lon="-107.67288"><ele>2379.0</ele></trkpt>
<trkpt lat="38.02069" lon="-107.67358"><ele>2374.0</ele></trkpt>
<trkpt lat="38.02063" lon="-107.67412"><ele>2371.0</ele></trkpt>
<trkpt lat="38.01961" lon="-107.67418"><ele>2375.0</ele></trkpt>
<trkpt lat="38.01956" lon="-107.67497"><ele>2375.0</ele></trkpt>
<trkpt lat="38.01929" lon="-107.67591"><ele>2382.0</ele></trkpt>
<trkpt lat="38.01938" lon="-107.67647"><ele>2382.0</ele></trkpt>
<trkpt lat="38.01893" lon="-107.67676"><ele>2390.0</ele></trkpt>
<trkpt lat="38.01847" lon="-107.67731"><ele>2405.0</ele></trkpt>
<trkpt lat="38.01811" lon="-107.67757"><ele>2415.0</ele></trkpt>
<trkpt lat="38.01776" lon="-107.67727"><ele>2423.0</ele></trkpt>
<trkpt lat="38.01736" lon="-107.67659"><ele>2423.0</ele></trkpt>
<trkpt lat="38.01699" lon="-107.67548"><ele>2416.0</ele></trkpt>
<trkpt lat="38.01633" lon="-107.67457"><ele>2429.0</ele></trkpt>
<trkpt lat="38.01636" lon="-107.67409"><ele>2426.0</ele></trkpt>
<trkpt lat="38.01614" lon="-107.67368"><ele>2425.0</ele></trkpt>
<trkpt lat="38.01594" lon="-107.67324"><ele>2429.0</ele></trkpt>
<trkpt lat="38.01603" lon="-107.67271"><ele>2439.0</ele></trkpt>
<trkpt lat="38.01563" lon="-107.67235"><ele>2455.0</ele></trkpt>
<trkpt lat="38.01538" lon="-107.67162"><ele>2475.0</ele></trkpt>
<trkpt lat="38.01522" lon="-107.67108"><ele>2480.0</ele></trkpt>
<trkpt lat="38.01518" lon="-107.67041"><ele>2480.0</ele></trkpt>
<trkpt lat="38.01505" lon="-107.66953"><ele>2496.0</ele></trkpt>
<trkpt lat="38.01488" lon="-107.66881"><ele>2503.0</ele></trkpt>
<trkpt lat="38.01456" lon="-107.66845"><ele>2506.0</ele></trkpt>
<trkpt lat="38.01418" lon="-107.66781"><ele>2513.0</ele></trkpt>
<trkpt lat="38.01385" lon="-107.66759"><ele>2510.0</ele></trkpt>
<trkpt lat="38.01396" lon="-107.66700"><ele>2516.0</ele></trkpt>
<trkpt lat="38.01352" lon="-107.66702"><ele>2511.0</ele></trkpt>
<trkpt lat="38.01308" lon="-107.66701"><ele>2509.0</ele></trkpt>
<trkpt lat="38.01242" lon="-107.66651"><ele>2506.0</ele></trkpt>
<trkpt lat="38.01212" lon="-107.66584"><ele>2502.0</ele></trkpt>
<trkpt lat="38.01221" lon="-107.66535"><ele>2508.0</ele></trkpt>
<trkpt lat="38.01197" lon="-107.66499"><ele>2506.0</ele></trkpt>
<trkpt lat="38.01153" lon="-107.66487"><ele>2499.0</ele></trkpt>
<trkpt lat="38.01127" lon="-107.66454"><ele>2500.0</ele></trkpt>
<trkpt lat="38.01080" lon="-107.66446"><ele>2497.0</ele></trkpt>
<trkpt lat="38.00985" lon="-107.66441"><ele>2503.0</ele></trkpt>
<trkpt lat="38.00943" lon="-107.66420"><ele>2507.0</ele></trkpt>
<trkpt lat="38.00903" lon="-107.66409"><ele>2514.0</ele></trkpt>
<trkpt lat="38.00839" lon="-107.66384"><ele>2529.0</ele></trkpt>
<trkpt lat="38.00784" lon="-107.66360"><ele>2532.0</ele></trkpt>
<trkpt lat="38.00748" lon="-107.66369"><ele>2521.0</ele></trkpt>
<trkpt lat="38.00716" lon="-107.66401"><ele>2511.0</ele></trkpt>
<trkpt lat="38.00680" lon="-107.66427"><ele>2511.0</ele></trkpt>
<trkpt lat="38.00637" lon="-107.66402"><ele>2516.0</ele></trkpt>
<trkpt lat="38.00601" lon="-107.66405"><ele>2516.0</ele></trkpt>
<trkpt lat="38.00553" lon="-107.66387"><ele>2518.0</ele></trkpt>
<trkpt lat="38.00539" lon="-107.66344"><ele>2531.0</ele></trkpt>
<trkpt lat="38.00495" lon="-107.66320"><ele>2539.0</ele></trkpt>
<trkpt lat="38.00457" lon="-107.66284"><ele>2549.0</ele></trkpt>
<trkpt lat="38.00411" lon="-107.66257"><ele>2562.0</ele></trkpt>
<trkpt lat="38.00372" lon="-107.66249"><ele>2570.0</ele></trkpt>
<trkpt lat="38.00338" lon="-107.66275"><ele>2562.0</ele></trkpt>
<trkpt lat="38.00274" lon="-107.66231"><ele>2572.0</ele></trkpt>
<trkpt lat="38.00298" lon="-107.66186"><ele>2589.0</ele></trkpt>
<trkpt lat="38.00339" lon="-107.66183"><ele>2592.0</ele></trkpt>
<trkpt lat="38.00354" lon="-107.66119"><ele>2615.0</ele></trkpt>
<trkpt lat="38.00401" lon="-107.66096"><ele>2637.0</ele></trkpt>
<trkpt lat="38.00345" lon="-107.66078"><ele>2633.0</ele></trkpt>
<trkpt lat="38.00319" lon="-107.66030"><ele>2648.0</ele></trkpt>
<trkpt lat="38.00296" lon="-107.65993"><ele>2659.0</ele></trkpt>
<trkpt lat="38.00343" lon="-107.66020"><ele>2658.0</ele></trkpt>
<trkpt lat="38.00387" lon="-107.66020"><ele>2668.0</ele></trkpt>
<trkpt lat="38.00476" lon="-107.65994"><ele>2698.0</ele></trkpt>
<trkpt lat="38.00407" lon="-107.65976"><ele>2694.0</ele></trkpt>
<trkpt lat="38.00372" lon="-107.65944"><ele>2709.0</ele></trkpt>
<trkpt lat="38.00417" lon="-107.65950"><ele>2711.0</ele></trkpt>
<trkpt lat="38.00462" lon="-107.65940"><ele>2719.0</ele></trkpt>
<trkpt lat="38.00517" lon="-107.65917"><ele>2728.0</ele></trkpt>
<trkpt lat="38.00472" lon="-107.65874"><ele>2760.0</ele></trkpt>
<trkpt lat="38.00424" lon="-107.65863"><ele>2773.0</ele></trkpt>
<trkpt lat="38.00336" lon="-107.65854"><ele>2778.0</ele></trkpt>
<trkpt lat="38.00389" lon="-107.65819"><ele>2809.0</ele></trkpt>
<trkpt lat="38.00340" lon="-107.65796"><ele>2822.0</ele></trkpt>
<trkpt lat="38.00281" lon="-107.65778"><ele>2817.0</ele></trkpt>
<trkpt lat="38.00323" lon="-107.65757"><ele>2847.0</ele></trkpt>
<trkpt lat="38.00291" lon="-107.65733"><ele>2847.0</ele></trkpt>
<trkpt lat="38.00337" lon="-107.65733"><ele>2863.0</ele></trkpt>
<trkpt lat="38.00337" lon="-107.65673"><ele>2879.0</ele></trkpt>
<trkpt lat="38.00341" lon="-107.65626"><ele>2880.0</ele></trkpt>
<trkpt lat="38.00359" lon="-107.65554"><ele>2923.0</ele></trkpt>
<trkpt lat="38.00335" lon="-107.65514"><ele>2907.0</ele></trkpt>
<trkpt lat="38.00293" lon="-107.65474"><ele>2895.0</ele></trkpt>
<trkpt lat="38.00268" lon="-107.65420"><ele>2894.0</ele></trkpt>
<trkpt lat="38.00259" lon="-107.65362"><ele>2901.0</ele></trkpt>
<trkpt lat="38.00280" lon="-107.65296"><ele>2919.0</ele></trkpt>
<trkpt lat="38.00259" lon="-107.65214"><ele>2907.0</ele></trkpt>
<trkpt lat="38.00238" lon="-107.65152"><ele>2923.0</ele></trkpt>
<trkpt lat="38.00220" lon="-107.65102"><ele>2927.0</ele></trkpt>
<trkpt lat="38.00169" lon="-107.65071"><ele>2917.0</ele></trkpt>
<trkpt lat="38.00126" lon="-107.65080"><ele>2904.0</ele></trkpt>
<trkpt lat="38.00087" lon="-107.65063"><ele>2886.0</ele></trkpt>
<trkpt lat="38.00064" lon="-107.64995"><ele>2903.0</ele></trkpt>
<trkpt lat="38.00064" lon="-107.64924"><ele>2927.0</ele></trkpt>
<trkpt lat="38.00040" lon="-107.64880"><ele>2914.0</ele></trkpt>
<trkpt lat="38.00026" lon="-107.64817"><ele>2932.0</ele></trkpt>
<trkpt lat="37.99997" lon="-107.64775"><ele>2933.0</ele></trkpt>
<trkpt lat="37.99973" lon="-107.64690"><ele>2951.0</ele></trkpt>
<trkpt lat="37.99983" lon="-107.64620"><ele>2944.0</ele></trkpt>
<trkpt lat="37.99992" lon="-107.64551"><ele>2953.0</ele></trkpt>
<trkpt lat="37.99979" lon="-107.64507"><ele>2963.0</ele></trkpt>
<trkpt lat="37.99943" lon="-107.64471"><ele>2956.0</ele></trkpt>
<trkpt lat="37.99895" lon="-107.64404"><ele>2973.0</ele></trkpt>
<trkpt lat="37.99863" lon="-107.64341"><ele>3001.0</ele></trkpt>
<trkpt lat="37.99871" lon="-107.64292"><ele>3013.0</ele></trkpt>
<trkpt lat="37.99874" lon="-107.64230"><ele>3013.0</ele></trkpt>
<trkpt lat="37.99913" lon="-107.64140"><ele>3032.0</ele></trkpt>
<trkpt lat="37.99895" lon="-107.64090"><ele>3022.0</ele></trkpt>
<trkpt lat="37.99908" lon="-107.64041"><ele>3036.0</ele></trkpt>
<trkpt lat="37.99905" lon="-107.63970"><ele>3043.0</ele></trkpt>
<trkpt lat="37.99922" lon="-107.63925"><ele>3059.0</ele></trkpt>
<trkpt lat="37.99887" lon="-107.63871"><ele>3045.0</ele></trkpt>
<trkpt lat="37.99907" lon="-107.63787"><ele>3072.0</ele></trkpt>
<trkpt lat="37.99904" lon="-107.63723"><ele>3064.0</ele></trkpt>
<trkpt lat="37.99916" lon="-107.63679"><ele>3059.0</ele></trkpt>
<trkpt lat="37.99943" lon="-107.63589"><ele>3071.0</ele></trkpt>
<trkpt lat="37.99943" lon="-107.63508"><ele>3078.0</ele></trkpt>
<trkpt lat="37.99932" lon="-107.63464"><ele>3080.0</ele></trkpt>
<trkpt lat="37.99947" lon="-107.63419"><ele>3084.0</ele></trkpt>
<trkpt lat="37.99972" lon="-107.63383"><ele>3098.0</ele></trkpt>
<trkpt lat="37.99977" lon="-107.63311"><ele>3097.0</ele></trkpt>
<trkpt lat="37.99990" lon="-107.63267"><ele>3105.0</ele></trkpt>
<trkpt lat="38.00000" lon="-107.63174"><ele>3121.0</ele></trkpt>
<trkpt lat="37.99983" lon="-107.63124"><ele>3123.0</ele></trkpt>
<trkpt lat="37.99954" lon="-107.63035"><ele>3131.0</ele></trkpt>
<trkpt lat="37.99981" lon="-107.62973"><ele>3136.0</ele></trkpt>
<trkpt lat="37.99978" lon="-107.62917"><ele>3132.0</ele></trkpt>
<trkpt lat="37.99957" lon="-107.62841"><ele>3142.0</ele></trkpt>
<trkpt lat="37.99954" lon="-107.62780"><ele>3154.0</ele></trkpt>
<trkpt lat="37.99928" lon="-107.62726"><ele>3159.0</ele></trkpt>
<trkpt lat="37.99943" lon="-107.62653"><ele>3176.0</ele></trkpt>
<trkpt lat="37.99928" lon="-107.62591"><ele>3181.0</ele></trkpt>
<trkpt lat="37.99913" lon="-107.62532"><ele>3189.0</ele></trkpt>
<trkpt lat="37.99914" lon="-107.62483"><ele>3197.0</ele></trkpt>
<trkpt lat="37.99881" lon="-107.62438"><ele>3199.0</ele></trkpt>
<trkpt lat="37.99876" lon="-107.62331"><ele>3228.0</ele></trkpt>
<trkpt lat="37.99888" lon="-107.62277"><ele>3251.0</ele></trkpt>
<trkpt lat="37.99859" lon="-107.62219"><ele>3250.0</ele></trkpt>
<trkpt lat="37.99843" lon="-107.62144"><ele>3257.0</ele></trkpt>
<trkpt lat="37.99833" lon="-107.62098"><ele>3269.0</ele></trkpt>
<trkpt lat="37.99810" lon="-107.62026"><ele>3274.0</ele></trkpt>
<trkpt lat="37.99798" lon="-107.61964"><ele>3280.0</ele></trkpt>
<trkpt lat="37.99788" lon="-107.61914"><ele>3297.0</ele></trkpt>
<trkpt lat="37.99796" lon="-107.61856"><ele>3315.0</ele></trkpt>
<trkpt lat="37.99790" lon="-107.61791"><ele>3332.0</ele></trkpt>
<trkpt lat="37.99733" lon="-107.61697"><ele>3324.0</ele></trkpt>
<trkpt lat="37.99720" lon="-107.61637"><ele>3336.0</ele></trkpt>
<trkpt lat="37.99705" lon="-107.61565"><ele>3359.0</ele></trkpt>
<trkpt lat="37.99669" lon="-107.61503"><ele>3357.0</ele></trkpt>
<trkpt lat="37.99661" lon="-107.61455"><ele>3362.0</ele></trkpt>
<trkpt lat="37.99659" lon="-107.61405"><ele>3375.0</ele></trkpt>
<trkpt lat="37.99658" lon="-107.61337"><ele>3386.0</ele></trkpt>
<trkpt lat="37.99642" lon="-107.61292"><ele>3383.0</ele></trkpt>
<trkpt lat="37.99625" lon="-107.61225"><ele>3388.0</ele></trkpt>
<trkpt lat="37.99602" lon="-107.61143"><ele>3406.0</ele></trkpt>
<trkpt lat="37.99571" lon="-107.61097"><ele>3418.0</ele></trkpt>
<trkpt lat="37.99534" lon="-107.61073"><ele>3420.0</ele></trkpt>
<trkpt lat="37.99473" lon="-107.61059"><ele>3427.0</ele></trkpt>
<trkpt lat="37.99404" lon="-107.61043"><ele>3421.0</ele></trkpt>
<trkpt lat="37.99365" lon="-107.61001"><ele>3425.0</ele></trkpt>
<trkpt lat="37.99334" lon="-107.60966"><ele>3432.0</ele></trkpt>
<trkpt lat="37.99302" lon="-107.60939"><ele>3434.0</ele></trkpt>
<trkpt lat="37.99281" lon="-107.60898"><ele>3436.0</ele></trkpt>
<trkpt lat="37.99248" lon="-107.60863"><ele>3428.0</ele></trkpt>
<trkpt lat="37.99206" lon="-107.60827"><ele>3441.0</ele></trkpt>
<trkpt lat="37.99179" lon="-107.60795"><ele>3447.0</ele></trkpt>
<trkpt lat="37.99144" lon="-107.60770"><ele>3457.0</ele></trkpt>
<trkpt lat="37.99106" lon="-107.60774"><ele>3455.0</ele></trkpt>
<trkpt lat="37.99070" lon="-107.60778"><ele>3461.0</ele></trkpt>
<trkpt lat="37.99028" lon="-107.60786"><ele>3469.0</ele></trkpt>
<trkpt lat="37.98985" lon="-107.60764"><ele>3479.0</ele></trkpt>
<trkpt lat="37.98953" lon="-107.60742"><ele>3486.0</ele></trkpt>
<trkpt lat="37.98901" lon="-107.60729"><ele>3487.0</ele></trkpt>
<trkpt lat="37.98862" lon="-107.60712"><ele>3492.0</ele></trkpt>
<trkpt lat="37.98821" lon="-107.60688"><ele>3487.0</ele></trkpt>
<trkpt lat="37.98791" lon="-107.60652"><ele>3489.0</ele></trkpt>
<trkpt lat="37.98734" lon="-107.60603"><ele>3513.0</ele></trkpt>
<trkpt lat="37.98695" lon="-107.60576"><ele>3528.0</ele></trkpt>
<trkpt lat="37.98657" lon="-107.60607"><ele>3539.0</ele></trkpt>
<trkpt lat="37.98618" lon="-107.60603"><ele>3550.0</ele></trkpt>
<trkpt lat="37.98605" lon="-107.60554"><ele>3555.0</ele></trkpt>
<trkpt lat="37.98611" lon="-107.60500"><ele>3554.0</ele></trkpt>
<trkpt lat="37.98597" lon="-107.60446"><ele>3556.0</ele></trkpt>
<trkpt lat="37.98568" lon="-107.60401"><ele>3564.0</ele></trkpt>
<trkpt lat="37.98542" lon="-107.60356"><ele>3565.0</ele></trkpt>
<trkpt lat="37.98532" lon="-107.60307"><ele>3576.0</ele></trkpt>
<trkpt lat="37.98508" lon="-107.60267"><ele>3582.0</ele></trkpt>
<trkpt lat="37.98481" lon="-107.60213"><ele>3588.0</ele></trkpt>
<trkpt lat="37.98465" lon="-107.60128"><ele>3599.0</ele></trkpt>
<trkpt lat="37.98459" lon="-107.60074"><ele>3606.0</ele></trkpt>
<trkpt lat="37.98445" lon="-107.59969"><ele>3615.0</ele></trkpt>
<trkpt lat="37.98439" lon="-107.59909"><ele>3618.0</ele></trkpt>
<trkpt lat="37.98401" lon="-107.59855"><ele>3632.0</ele></trkpt>
<trkpt lat="37.98365" lon="-107.59852"><ele>3628.0</ele></trkpt>
<trkpt lat="37.98324" lon="-107.59788"><ele>3639.0</ele></trkpt>
<trkpt lat="37.98281" lon="-107.59783"><ele>3638.0</ele></trkpt>
<trkpt lat="37.98238" lon="-107.59779"><ele>3649.0</ele></trkpt>
<trkpt lat="37.98160" lon="-107.59757"><ele>3655.0</ele></trkpt>
<trkpt lat="37.98084" lon="-107.59712"><ele>3669.0</ele></trkpt>
<trkpt lat="37.98035" lon="-107.59680"><ele>3680.0</ele></trkpt>
<trkpt lat="37.98000" lon="-107.59667"><ele>3693.0</ele></trkpt>
<trkpt lat="37.97941" lon="-107.59691"><ele>3704.0</ele></trkpt>
<trkpt lat="37.97886" lon="-107.59658"><ele>3710.0</ele></trkpt>
<trkpt lat="37.97844" lon="-107.59631"><ele>3716.0</ele></trkpt>
<trkpt lat="37.97805" lon="-107.59591"><ele>3721.0</ele></trkpt>
<trkpt lat="37.97738" lon="-107.59546"><ele>3734.0</ele></trkpt>
<trkpt lat="37.97705" lon="-107.59515"><ele>3734.0</ele></trkpt>
<trkpt lat="37.97669" lon="-107.59489"><ele>3740.0</ele></trkpt>
<trkpt lat="37.97595" lon="-107.59461"><ele>3747.0</ele></trkpt>
<trkpt lat="37.97543" lon="-107.59452"><ele>3759.0</ele></trkpt>
<trkpt lat="37.97488" lon="-107.59412"><ele>3760.0</ele></trkpt>
<trkpt lat="37.97448" lon="-107.59358"><ele>3781.0</ele></trkpt>
<trkpt lat="37.97382" lon="-107.59286"><ele>3794.0</ele></trkpt>
<trkpt lat="37.97357" lon="-107.59251"><ele>3804.0</ele></trkpt>
<trkpt lat="37.97303" lon="-107.59239"><ele>3810.0</ele></trkpt>
<trkpt lat="37.97246" lon="-107.59194"><ele>3831.0</ele></trkpt>
<trkpt lat="37.97200" lon="-107.59145"><ele>3853.0</ele></trkpt>
<trkpt lat="37.97158" lon="-107.59143"><ele>3865.0</ele></trkpt>
<trkpt lat="37.97117" lon="-107.59090"><ele>3889.0</ele></trkpt>
<trkpt lat="37.97026" lon="-107.59099"><ele>3924.0</ele></trkpt>
<trkpt lat="37.96991" lon="-107.59121"><ele>3925.0</ele></trkpt>
<trkpt lat="37.96976" lon="-107.59064"><ele>3939.0</ele></trkpt>
<trkpt lat="37.96944" lon="-107.59009"><ele>3943.0</ele></trkpt>
<trkpt lat="37.96856" lon="-107.58960"><ele>3938.0</ele></trkpt>
<trkpt lat="37.96817" lon="-107.58933"><ele>3926.0</ele></trkpt>
<trkpt lat="37.96794" lon="-107.58892"><ele>3929.0</ele></trkpt>
<trkpt lat="37.96757" lon="-107.58840"><ele>3914.0</ele></trkpt>
<trkpt lat="37.96743" lon="-107.58794"><ele>3917.0</ele></trkpt>
<trkpt lat="37.96711" lon="-107.58697"><ele>3914.0</ele></trkpt>
<trkpt lat="37.96688" lon="-107.58646"><ele>3904.0</ele></trkpt>
<trkpt lat="37.96657" lon="-107.58601"><ele>3888.0</ele></trkpt>
<trkpt lat="37.96637" lon="-107.58557"><ele>3877.0</ele></trkpt>
<trkpt lat="37.96628" lon="-107.58507"><ele>3886.0</ele></trkpt>
<trkpt lat="37.96604" lon="-107.58472"><ele>3879.0</ele></trkpt>
<trkpt lat="37.96587" lon="-107.58409"><ele>3881.0</ele></trkpt>
<trkpt lat="37.96565" lon="-107.58315"><ele>3880.0</ele></trkpt>
<trkpt lat="37.96570" lon="-107.58261"><ele>3882.0</ele></trkpt>
<trkpt lat="37.96604" lon="-107.58172"><ele>3890.0</ele></trkpt>
<trkpt lat="37.96618" lon="-107.58113"><ele>3898.0</ele></trkpt>
<trkpt lat="37.96620" lon="-107.58025"><ele>3902.0</ele></trkpt>
<trkpt lat="37.96610" lon="-107.57981"><ele>3899.0</ele></trkpt>
<trkpt lat="37.96585" lon="-107.57948"><ele>3895.0</ele></trkpt>
<trkpt lat="37.96558" lon="-107.57899"><ele>3882.0</ele></trkpt>
<trkpt lat="37.96540" lon="-107.57845"><ele>3883.0</ele></trkpt>
<trkpt lat="37.96522" lon="-107.57800"><ele>3878.0</ele></trkpt>
<trkpt lat="37.96498" lon="-107.57737"><ele>3873.0</ele></trkpt>
<trkpt lat="37.96468" lon="-107.57685"><ele>3864.0</ele></trkpt>
<trkpt lat="37.96435" lon="-107.57621"><ele>3855.0</ele></trkpt>
<trkpt lat="37.96420" lon="-107.57577"><ele>3853.0</ele></trkpt>
<trkpt lat="37.96379" lon="-107.57528"><ele>3842.0</ele></trkpt>
<trkpt lat="37.96354" lon="-107.57476"><ele>3838.0</ele></trkpt>
<trkpt lat="37.96350" lon="-107.57537"><ele>3830.0</ele></trkpt>
<trkpt lat="37.96360" lon="-107.57586"><ele>3826.0</ele></trkpt>
<trkpt lat="37.96349" lon="-107.57635"><ele>3812.0</ele></trkpt>
<trkpt lat="37.96343" lon="-107.57715"><ele>3817.0</ele></trkpt>
<trkpt lat="37.96342" lon="-107.57805"><ele>3798.0</ele></trkpt>
<trkpt lat="37.96312" lon="-107.57760"><ele>3794.0</ele></trkpt>
<trkpt lat="37.96257" lon="-107.57689"><ele>3775.0</ele></trkpt>
<trkpt lat="37.96221" lon="-107.57591"><ele>3778.0</ele></trkpt>
<trkpt lat="37.96177" lon="-107.57549"><ele>3772.0</ele></trkpt>
<trkpt lat="37.96147" lon="-107.57576"><ele>3757.0</ele></trkpt>
<trkpt lat="37.96115" lon="-107.57554"><ele>3751.0</ele></trkpt>
<trkpt lat="37.96054" lon="-107.57509"><ele>3746.0</ele></trkpt>
<trkpt lat="37.96067" lon="-107.57558"><ele>3740.0</ele></trkpt>
<trkpt lat="37.96040" lon="-107.57594"><ele>3723.0</ele></trkpt>
<trkpt lat="37.95984" lon="-107.57558"><ele>3717.0</ele></trkpt>
<trkpt lat="37.95930" lon="-107.57563"><ele>3712.0</ele></trkpt>
<trkpt lat="37.95868" lon="-107.57581"><ele>3699.0</ele></trkpt>
<trkpt lat="37.95811" lon="-107.57563"><ele>3690.0</ele></trkpt>
<trkpt lat="37.95762" lon="-107.57545"><ele>3684.0</ele></trkpt>
<trkpt lat="37.95695" lon="-107.57531"><ele>3676.0</ele></trkpt>
<trkpt lat="37.95660" lon="-107.57518"><ele>3676.0</ele></trkpt>
<trkpt lat="37.95614" lon="-107.57516"><ele>3674.0</ele></trkpt>
<trkpt lat="37.95569" lon="-107.57514"><ele>3674.0</ele></trkpt>
<trkpt lat="37.95502" lon="-107.57499"><ele>3675.0</ele></trkpt>
<trkpt lat="37.95435" lon="-107.57484"><ele>3665.0</ele></trkpt>
<trkpt lat="37.95367" lon="-107.57470"><ele>3660.0</ele></trkpt>
<trkpt lat="37.95300" lon="-107.57455"><ele>3652.0</ele></trkpt>
<trkpt lat="37.95204" lon="-107.57419"><ele>3642.0</ele></trkpt>
<trkpt lat="37.95156" lon="-107.57406"><ele>3632.0</ele></trkpt>
<trkpt lat="37.95107" lon="-107.57416"><ele>3632.0</ele></trkpt>
<trkpt lat="37.95045" lon="-107.57482"><ele>3636.0</ele></trkpt>
<trkpt lat="37.95020" lon="-107.57523"><ele>3640.0</ele></trkpt>
<trkpt lat="37.94985" lon="-107.57549"><ele>3635.0</ele></trkpt>
<trkpt lat="37.94933" lon="-107.57585"><ele>3630.0</ele></trkpt>
<trkpt lat="37.94893" lon="-107.57599"><ele>3626.0</ele></trkpt>
<trkpt lat="37.94917" lon="-107.57518"><ele>3610.0</ele></trkpt>
<trkpt lat="37.94950" lon="-107.57469"><ele>3610.0</ele></trkpt>
<trkpt lat="37.94974" lon="-107.57415"><ele>3602.0</ele></trkpt>
<trkpt lat="37.94946" lon="-107.57325"><ele>3594.0</ele></trkpt>
<trkpt lat="37.94894" lon="-107.57339"><ele>3587.0</ele></trkpt>
<trkpt lat="37.94846" lon="-107.57361"><ele>3582.0</ele></trkpt>
<trkpt lat="37.94796" lon="-107.57379"><ele>3586.0</ele></trkpt>
<trkpt lat="37.94714" lon="-107.57402"><ele>3574.0</ele></trkpt>
<trkpt lat="37.94642" lon="-107.57406"><ele>3572.0</ele></trkpt>
<trkpt lat="37.94593" lon="-107.57416"><ele>3563.0</ele></trkpt>
<trkpt lat="37.94515" lon="-107.57403"><ele>3557.0</ele></trkpt>
<trkpt lat="37.94438" lon="-107.57390"><ele>3555.0</ele></trkpt>
<trkpt lat="37.94389" lon="-107.57385"><ele>3560.0</ele></trkpt>
<trkpt lat="37.94340" lon="-107.57380"><ele>3548.0</ele></trkpt>
<trkpt lat="37.94282" lon="-107.57366"><ele>3554.0</ele></trkpt>
<trkpt lat="37.94207" lon="-107.57361"><ele>3549.0</ele></trkpt>
<trkpt lat="37.94161" lon="-107.57352"><ele>3544.0</ele></trkpt>
<trkpt lat="37.94114" lon="-107.57343"><ele>3542.0</ele></trkpt>
<trkpt lat="37.94037" lon="-107.57361"><ele>3522.0</ele></trkpt>
<trkpt lat="37.93970" lon="-107.57348"><ele>3524.0</ele></trkpt>
<trkpt lat="37.93932" lon="-107.57331"><ele>3520.0</ele></trkpt>
<trkpt lat="37.93872" lon="-107.57299"><ele>3516.0</ele></trkpt>
<trkpt lat="37.93812" lon="-107.57267"><ele>3520.0</ele></trkpt>
<trkpt lat="37.93752" lon="-107.57235"><ele>3507.0</ele></trkpt>
<trkpt lat="37.93695" lon="-107.57164"><ele>3494.0</ele></trkpt>
<trkpt lat="37.93658" lon="-107.57115"><ele>3491.0</ele></trkpt>
<trkpt lat="37.93621" lon="-107.57066"><ele>3495.0</ele></trkpt>
<trkpt lat="37.93568" lon="-107.57019"><ele>3472.0</ele></trkpt>
<trkpt lat="37.93516" lon="-107.56972"><ele>3466.0</ele></trkpt>
<trkpt lat="37.93454" lon="-107.56920"><ele>3475.0</ele></trkpt>
<trkpt lat="37.93392" lon="-107.56869"><ele>3470.0</ele></trkpt>
<trkpt lat="37.93348" lon="-107.56838"><ele>3464.0</ele></trkpt>
<trkpt lat="37.93304" lon="-107.56806"><ele>3463.0</ele></trkpt>
<trkpt lat="37.93250" lon="-107.56784"><ele>3451.0</ele></trkpt>
<trkpt lat="37.93205" lon="-107.56758"><ele>3447.0</ele></trkpt>
<trkpt lat="37.93156" lon="-107.56723"><ele>3442.0</ele></trkpt>
<trkpt lat="37.93122" lon="-107.56708"><ele>3435.0</ele></trkpt>
<trkpt lat="37.93068" lon="-107.56641"><ele>3429.0</ele></trkpt>
<trkpt lat="37.93034" lon="-107.56615"><ele>3425.0</ele></trkpt>
<trkpt lat="37.93000" lon="-107.56573"><ele>3425.0</ele></trkpt>
<trkpt lat="37.92933" lon="-107.56522"><ele>3408.0</ele></trkpt>
<trkpt lat="37.92916" lon="-107.56480"><ele>3405.0</ele></trkpt>
<trkpt lat="37.92866" lon="-107.56402"><ele>3391.0</ele></trkpt>
<trkpt lat="37.92837" lon="-107.56351"><ele>3388.0</ele></trkpt>
<trkpt lat="37.92734" lon="-107.56321"><ele>3368.0</ele></trkpt>
<trkpt lat="37.92583" lon="-107.56309"><ele>3348.0</ele></trkpt>
<trkpt lat="37.92516" lon="-107.56296"><ele>3347.0</ele></trkpt>
<trkpt lat="37.92442" lon="-107.56248"><ele>3345.0</ele></trkpt>
<trkpt lat="37.92387" lon="-107.56179"><ele>3334.0</ele></trkpt>
<trkpt lat="37.92352" lon="-107.56140"><ele>3331.0</ele></trkpt>
<trkpt lat="37.92316" lon="-107.56100"><ele>3329.0</ele></trkpt>
<trkpt lat="37.92269" lon="-107.56082"><ele>3318.0</ele></trkpt>
<trkpt lat="37.92200" lon="-107.56027"><ele>3329.0</ele></trkpt>
<trkpt lat="37.92127" lon="-107.56014"><ele>3315.0</ele></trkpt>
<trkpt lat="37.92049" lon="-107.55970"><ele>3302.0</ele></trkpt>
<trkpt lat="37.92007" lon="-107.55902"><ele>3305.0</ele></trkpt>
<trkpt lat="37.91963" lon="-107.55888"><ele>3305.0</ele></trkpt>
<trkpt lat="37.91903" lon="-107.55837"><ele>3301.0</ele></trkpt>
<trkpt lat="37.91820" lon="-107.55815"><ele>3292.0</ele></trkpt>
<trkpt lat="37.91733" lon="-107.55825"><ele>3286.0</ele></trkpt>
<trkpt lat="37.91799" lon="-107.55812"><ele>3291.0</ele></trkpt>
<trkpt lat="37.91884" lon="-107.55822"><ele>3302.0</ele></trkpt>
<trkpt lat="37.91833" lon="-107.55747"><ele>3304.0</ele></trkpt>
<trkpt lat="37.91818" lon="-107.55696"><ele>3316.0</ele></trkpt>
<trkpt lat="37.91774" lon="-107.55648"><ele>3322.0</ele></trkpt>
<trkpt lat="37.91728" lon="-107.55575"><ele>3340.0</ele></trkpt>
<trkpt lat="37.91773" lon="-107.55571"><ele>3350.0</ele></trkpt>
<trkpt lat="37.91825" lon="-107.55588"><ele>3362.0</ele></trkpt>
<trkpt lat="37.91782" lon="-107.55512"><ele>3366.0</ele></trkpt>
<trkpt lat="37.91828" lon="-107.55532"><ele>3385.0</ele></trkpt>
<trkpt lat="37.91802" lon="-107.55463"><ele>3389.0</ele></trkpt>
<trkpt lat="37.91840" lon="-107.55481"><ele>3410.0</ele></trkpt>
<trkpt lat="37.91887" lon="-107.55522"><ele>3415.0</ele></trkpt>
<trkpt lat="37.91868" lon="-107.55456"><ele>3436.0</ele></trkpt>
<trkpt lat="37.91848" lon="-107.55391"><ele>3443.0</ele></trkpt>
<trkpt lat="37.91846" lon="-107.55326"><ele>3456.0</ele></trkpt>
<trkpt lat="37.91851" lon="-107.55271"><ele>3470.0</ele></trkpt>
<trkpt lat="37.91837" lon="-107.55213"><ele>3470.0</ele></trkpt>
<trkpt lat="37.91839" lon="-107.55130"><ele>3495.0</ele></trkpt>
<trkpt lat="37.91842" lon="-107.55047"><ele>3509.0</ele></trkpt>
<trkpt lat="37.91799" lon="-107.54994"><ele>3514.0</ele></trkpt>
<trkpt lat="37.91764" lon="-107.54953"><ele>3534.0</ele></trkpt>
<trkpt lat="37.91748" lon="-107.54890"><ele>3553.0</ele></trkpt>
<trkpt lat="37.91729" lon="-107.54833"><ele>3562.0</ele></trkpt>
<trkpt lat="37.91698" lon="-107.54792"><ele>3575.0</ele></trkpt>
<trkpt lat="37.91694" lon="-107.54703"><ele>3601.0</ele></trkpt>
<trkpt lat="37.91696" lon="-107.54654"><ele>3608.0</ele></trkpt>
<trkpt lat="37.91680" lon="-107.54603"><ele>3629.0</ele></trkpt>
<trkpt lat="37.91643" lon="-107.54554"><ele>3638.0</ele></trkpt>
<trkpt lat="37.91626" lon="-107.54506"><ele>3645.0</ele></trkpt>
<trkpt lat="37.91632" lon="-107.54425"><ele>3656.0</ele></trkpt>
<trkpt lat="37.91619" lon="-107.54369"><ele>3662.0</ele></trkpt>
<trkpt lat="37.91584" lon="-107.54312"><ele>3672.0</ele></trkpt>
<trkpt lat="37.91562" lon="-107.54265"><ele>3677.0</ele></trkpt>
<trkpt lat="37.91535" lon="-107.54187"><ele>3692.0</ele></trkpt>
<trkpt lat="37.91515" lon="-107.54139"><ele>3699.0</ele></trkpt>
<trkpt lat="37.91497" lon="-107.54084"><ele>3708.0</ele></trkpt>
<trkpt lat="37.91463" lon="-107.53986"><ele>3723.0</ele></trkpt>
<trkpt lat="37.91437" lon="-107.53941"><ele>3725.0</ele></trkpt>
<trkpt lat="37.91413" lon="-107.53892"><ele>3740.0</ele></trkpt>
<trkpt lat="37.91386" lon="-107.53820"><ele>3734.0</ele></trkpt>
<trkpt lat="37.91358" lon="-107.53772"><ele>3744.0</ele></trkpt>
<trkpt lat="37.91333" lon="-107.53739"><ele>3758.0</ele></trkpt>
<trkpt lat="37.91304" lon="-107.53691"><ele>3757.0</ele></trkpt>
<trkpt lat="37.91270" lon="-107.53629"><ele>3774.0</ele></trkpt>
<trkpt lat="37.91228" lon="-107.53578"><ele>3789.0</ele></trkpt>
<trkpt lat="37.91201" lon="-107.53547"><ele>3800.0</ele></trkpt>
<trkpt lat="37.91183" lon="-107.53507"><ele>3808.0</ele></trkpt>
<trkpt lat="37.91201" lon="-107.53453"><ele>3823.0</ele></trkpt>
<trkpt lat="37.91209" lon="-107.53374"><ele>3840.0</ele></trkpt>
<trkpt lat="37.91187" lon="-107.53329"><ele>3850.0</ele></trkpt>
<trkpt lat="37.91134" lon="-107.53269"><ele>3867.0</ele></trkpt>
<trkpt lat="37.91105" lon="-107.53233"><ele>3877.0</ele></trkpt>
<trkpt lat="37.91046" lon="-107.53175"><ele>3896.0</ele></trkpt>
<trkpt lat="37.91009" lon="-107.53122"><ele>3915.0</ele></trkpt>
<trkpt lat="37.90988" lon="-107.53083"><ele>3930.0</ele></trkpt>
<trkpt lat="37.91039" lon="-107.53081"><ele>3945.0</ele></trkpt>
<trkpt lat="37.91059" lon="-107.53041"><ele>3956.0</ele></trkpt>
<trkpt lat="37.91077" lon="-107.52997"><ele>3963.0</ele></trkpt>
<trkpt lat="37.91106" lon="-107.52875"><ele>3969.0</ele></trkpt>
<trkpt lat="37.91097" lon="-107.52826"><ele>3953.0</ele></trkpt>
<trkpt lat="37.91069" lon="-107.52773"><ele>3935.0</ele></trkpt>
<trkpt lat="37.91029" lon="-107.52732"><ele>3920.0</ele></trkpt>
<trkpt lat="37.91001" lon="-107.52689"><ele>3913.0</ele></trkpt>
<trkpt lat="37.90963" lon="-107.52593"><ele>3909.0</ele></trkpt>
<trkpt lat="37.90952" lon="-107.52526"><ele>3897.0</ele></trkpt>
<trkpt lat="37.90944" lon="-107.52472"><ele>3889.0</ele></trkpt>
<trkpt lat="37.90911" lon="-107.52436"><ele>3899.0</ele></trkpt>
<trkpt lat="37.90895" lon="-107.52392"><ele>3889.0</ele></trkpt>
<trkpt lat="37.90918" lon="-107.52343"><ele>3869.0</ele></trkpt>
<trkpt lat="37.90923" lon="-107.52289"><ele>3860.0</ele></trkpt>
<trkpt lat="37.90901" lon="-107.52240"><ele>3846.0</ele></trkpt>
<trkpt lat="37.90852" lon="-107.52190"><ele>3834.0</ele></trkpt>
<trkpt lat="37.90836" lon="-107.52137"><ele>3826.0</ele></trkpt>
<trkpt lat="37.90827" lon="-107.52075"><ele>3815.0</ele></trkpt>
<trkpt lat="37.90797" lon="-107.51993"><ele>3805.0</ele></trkpt>
<trkpt lat="37.90770" lon="-107.51936"><ele>3808.0</ele></trkpt>
<trkpt lat="37.90748" lon="-107.51882"><ele>3798.0</ele></trkpt>
<trkpt lat="37.90733" lon="-107.51837"><ele>3796.0</ele></trkpt>
<trkpt lat="37.90741" lon="-107.51774"><ele>3795.0</ele></trkpt>
<trkpt lat="37.90749" lon="-107.51729"><ele>3798.0</ele></trkpt>
<trkpt lat="37.90735" lon="-107.51680"><ele>3817.0</ele></trkpt>
<trkpt lat="37.90770" lon="-107.51644"><ele>3829.0</ele></trkpt>
<trkpt lat="37.90737" lon="-107.51619"><ele>3837.0</ele></trkpt>
<trkpt lat="37.90736" lon="-107.51572"><ele>3854.0</ele></trkpt>
<trkpt lat="37.90741" lon="-107.51525"><ele>3863.0</ele></trkpt>
<trkpt lat="37.90720" lon="-107.51470"><ele>3863.0</ele></trkpt>
<trkpt lat="37.90681" lon="-107.51411"><ele>3880.0</ele></trkpt>
<trkpt lat="37.90673" lon="-107.51331"><ele>3878.0</ele></trkpt>
<trkpt lat="37.90651" lon="-107.51283"><ele>3877.0</ele></trkpt>
<trkpt lat="37.90657" lon="-107.51228"><ele>3882.0</ele></trkpt>
<trkpt lat="37.90659" lon="-107.51174"><ele>3887.0</ele></trkpt>
<trkpt lat="37.90618" lon="-107.51189"><ele>3891.0</ele></trkpt>
<trkpt lat="37.90581" lon="-107.51175"><ele>3908.0</ele></trkpt>
<trkpt lat="37.90542" lon="-107.51180"><ele>3936.0</ele></trkpt>
<trkpt lat="37.90497" lon="-107.51180"><ele>3944.0</ele></trkpt>
<trkpt lat="37.90470" lon="-107.51144"><ele>3953.0</ele></trkpt>
<trkpt lat="37.90488" lon="-107.51095"><ele>3962.0</ele></trkpt>
<trkpt lat="37.90504" lon="-107.51035"><ele>3967.0</ele></trkpt>
<trkpt lat="37.90528" lon="-107.50999"><ele>3965.0</ele></trkpt>
<trkpt lat="37.90578" lon="-107.50932"><ele>3959.0</ele></trkpt>
<trkpt lat="37.90598" lon="-107.50892"><ele>3964.0</ele></trkpt>
<trkpt lat="37.90637" lon="-107.50870"><ele>3968.0</ele></trkpt>
<trkpt lat="37.90684" lon="-107.50865"><ele>3977.0</ele></trkpt>
<trkpt lat="37.90727" lon="-107.50880"><ele>3988.0</ele></trkpt>
<trkpt lat="37.90763" lon="-107.50889"><ele>4003.0</ele></trkpt>
<trkpt lat="37.90797" lon="-107.50923"><ele>4002.0</ele></trkpt>
<trkpt lat="37.90831" lon="-107.50941"><ele>4016.0</ele></trkpt>
<trkpt lat="37.90809" lon="-107.50883"><ele>4020.0</ele></trkpt>
<trkpt lat="37.90802" lon="-107.50838"><ele>4034.0</ele></trkpt>
<trkpt lat="37.90761" lon="-107.50780"><ele>4042.0</ele></trkpt>
<trkpt lat="37.90777" lon="-107.50737"><ele>4062.0</ele></trkpt>
<trkpt lat="37.90824" lon="-107.50731"><ele>4065.0</ele></trkpt>
<trkpt lat="37.90811" lon="-107.50686"><ele>4080.0</ele></trkpt>
<trkpt lat="37.90844" lon="-107.50656"><ele>4094.0</ele></trkpt>
<trkpt lat="37.90818" lon="-107.50611"><ele>4098.0</ele></trkpt>
<trkpt lat="37.90851" lon="-107.50579"><ele>4107.0</ele></trkpt>
<trkpt lat="37.90883" lon="-107.50556"><ele>4114.0</ele></trkpt>
<trkpt lat="37.90928" lon="-107.50574"><ele>4130.0</ele></trkpt>
<trkpt lat="37.90968" lon="-107.50605"><ele>4149.0</ele></trkpt>
<trkpt lat="37.90999" lon="-107.50629"><ele>4161.0</ele></trkpt>
<trkpt lat="37.91006" lon="-107.50570"><ele>4170.0</ele></trkpt>
<trkpt lat="37.91050" lon="-107.50544"><ele>4183.0</ele></trkpt>
<trkpt lat="37.91081" lon="-107.50570"><ele>4197.0</ele></trkpt>
<trkpt lat="37.91124" lon="-107.50547"><ele>4216.0</ele></trkpt>
<trkpt lat="37.91158" lon="-107.50516"><ele>4228.0</ele></trkpt>
<trkpt lat="37.91194" lon="-107.50494"><ele>4237.0</ele></trkpt>
<trkpt lat="37.91230" lon="-107.50467"><ele>4251.0</ele></trkpt>
<trkpt lat="37.91265" lon="-107.50446"><ele>4262.0</ele></trkpt>
<trkpt lat="37.91304" lon="-107.50441"><ele>4265.0</ele></trkpt>
<trkpt lat="37.91350" lon="-107.50444"><ele>4262.0</ele></trkpt>
<trkpt lat="37.91415" lon="-107.50459"><ele>4261.0</ele></trkpt>
<trkpt lat="37.91445" lon="-107.50485"><ele>4267.0</ele></trkpt>
<trkpt lat="37.91470" lon="-107.50525"><ele>4250.0</ele></trkpt>
<trkpt lat="37.91509" lon="-107.50534"><ele>4233.0</ele></trkpt>
<trkpt lat="37.91559" lon="-107.50521"><ele>4199.0</ele></trkpt>
<trkpt lat="37.91595" lon="-107.50516"><ele>4179.0</ele></trkpt>
<trkpt lat="37.91661" lon="-107.50513"><ele>4151.0</ele></trkpt>
<trkpt lat="37.91702" lon="-107.50502"><ele>4144.0</ele></trkpt>
<trkpt lat="37.91744" lon="-107.50498"><ele>4132.0</ele></trkpt>
<trkpt lat="37.91691" lon="-107.50449"><ele>4129.0</ele></trkpt>
<trkpt lat="37.91754" lon="-107.50449"><ele>4120.0</ele></trkpt>
<trkpt lat="37.91782" lon="-107.50408"><ele>4092.0</ele></trkpt>
<trkpt lat="37.91816" lon="-107.50377"><ele>4070.0</ele></trkpt>
<trkpt lat="37.91851" lon="-107.50346"><ele>4056.0</ele></trkpt>
<trkpt lat="37.91887" lon="-107.50305"><ele>4040.0</ele></trkpt>
<trkpt lat="37.91951" lon="-107.50261"><ele>4031.0</ele></trkpt>
<trkpt lat="37.91990" lon="-107.50238"><ele>4018.0</ele></trkpt>
<trkpt lat="37.92016" lon="-107.50203"><ele>4002.0</ele></trkpt>
<trkpt lat="37.92050" lon="-107.50153"><ele>3984.0</ele></trkpt>
<trkpt lat="37.92110" lon="-107.50117"><ele>3968.0</ele></trkpt>
<trkpt lat="37.92152" lon="-107.50104"><ele>3956.0</ele></trkpt>
<trkpt lat="37.92186" lon="-107.50064"><ele>3939.0</ele></trkpt>
<trkpt lat="37.92201" lon="-107.49983"><ele>3921.0</ele></trkpt>
<trkpt lat="37.92216" lon="-107.49921"><ele>3912.0</ele></trkpt>
<trkpt lat="37.92224" lon="-107.49813"><ele>3901.0</ele></trkpt>
<trkpt lat="37.92198" lon="-107.49765"><ele>3891.0</ele></trkpt>
<trkpt lat="37.92181" lon="-107.49692"><ele>3875.0</ele></trkpt>
<trkpt lat="37.92178" lon="-107.49625"><ele>3867.0</ele></trkpt>
<trkpt lat="37.92172" lon="-107.49563"><ele>3857.0</ele></trkpt>
<trkpt lat="37.92158" lon="-107.49518"><ele>3844.0</ele></trkpt>
<trkpt lat="37.92171" lon="-107.49461"><ele>3827.0</ele></trkpt>
<trkpt lat="37.92206" lon="-107.49442"><ele>3826.0</ele></trkpt>
<trkpt lat="37.92165" lon="-107.49438"><ele>3816.0</ele></trkpt>
<trkpt lat="37.92129" lon="-107.49446"><ele>3814.0</ele></trkpt>
<trkpt lat="37.92091" lon="-107.49438"><ele>3805.0</ele></trkpt>
<trkpt lat="37.92016" lon="-107.49477"><ele>3800.0</ele></trkpt>
<trkpt lat="37.91955" lon="-107.49477"><ele>3792.0</ele></trkpt>
<trkpt lat="37.91926" lon="-107.49450"><ele>3786.0</ele></trkpt>
<trkpt lat="37.91952" lon="-107.49401"><ele>3777.0</ele></trkpt>
<trkpt lat="37.91975" lon="-107.49347"><ele>3763.0</ele></trkpt>
<trkpt lat="37.92008" lon="-107.49291"><ele>3750.0</ele></trkpt>
<trkpt lat="37.92055" lon="-107.49249"><ele>3735.0</ele></trkpt>
<trkpt lat="37.92084" lon="-107.49222"><ele>3725.0</ele></trkpt>
<trkpt lat="37.92105" lon="-107.49182"><ele>3720.0</ele></trkpt>
<trkpt lat="37.92139" lon="-107.49132"><ele>3698.0</ele></trkpt>
<trkpt lat="37.92147" lon="-107.49080"><ele>3684.0</ele></trkpt>
<trkpt lat="37.92176" lon="-107.49038"><ele>3679.0</ele></trkpt>
<trkpt lat="37.92184" lon="-107.48986"><ele>3678.0</ele></trkpt>
<trkpt lat="37.92215" lon="-107.48935"><ele>3670.0</ele></trkpt>
<trkpt lat="37.92246" lon="-107.48877"><ele>3664.0</ele></trkpt>
<trkpt lat="37.92242" lon="-107.48825"><ele>3656.0</ele></trkpt>
<trkpt lat="37.92239" lon="-107.48758"><ele>3640.0</ele></trkpt>
<trkpt lat="37.92255" lon="-107.48703"><ele>3629.0</ele></trkpt>
<trkpt lat="37.92283" lon="-107.48631"><ele>3622.0</ele></trkpt>
<trkpt lat="37.92320" lon="-107.48586"><ele>3620.0</ele></trkpt>
<trkpt lat="37.92356" lon="-107.48556"><ele>3616.0</ele></trkpt>
<trkpt lat="37.92376" lon="-107.48510"><ele>3612.0</ele></trkpt>
<trkpt lat="37.92415" lon="-107.48465"><ele>3612.0</ele></trkpt>
<trkpt lat="37.92446" lon="-107.48413"><ele>3601.0</ele></trkpt>
<trkpt lat="37.92479" lon="-107.48382"><ele>3599.0</ele></trkpt>
<trkpt lat="37.92518" lon="-107.48345"><ele>3593.0</ele></trkpt>
<trkpt lat="37.92552" lon="-107.48327"><ele>3591.0</ele></trkpt>
<trkpt lat="37.92593" lon="-107.48286"><ele>3582.0</ele></trkpt>
<trkpt lat="37.92635" lon="-107.48277"><ele>3570.0</ele></trkpt>
<trkpt lat="37.92682" lon="-107.48252"><ele>3567.0</ele></trkpt>
<trkpt lat="37.92759" lon="-107.48194"><ele>3556.0</ele></trkpt>
<trkpt lat="37.92786" lon="-107.48152"><ele>3544.0</ele></trkpt>
<trkpt lat="37.92830" lon="-107.48089"><ele>3532.0</ele></trkpt>
<trkpt lat="37.92885" lon="-107.48013"><ele>3514.0</ele></trkpt>
<trkpt lat="37.92905" lon="-107.47937"><ele>3491.0</ele></trkpt>
<trkpt lat="37.92920" lon="-107.47875"><ele>3479.0</ele></trkpt>
<trkpt lat="37.92946" lon="-107.47834"><ele>3471.0</ele></trkpt>
<trkpt lat="37.92980" lon="-107.47812"><ele>3475.0</ele></trkpt>
<trkpt lat="37.93032" lon="-107.47745"><ele>3458.0</ele></trkpt>
<trkpt lat="37.93064" lon="-107.47683"><ele>3448.0</ele></trkpt>
<trkpt lat="37.93100" lon="-107.47619"><ele>3443.0</ele></trkpt>
<trkpt lat="37.93116" lon="-107.47548"><ele>3424.0</ele></trkpt>
<trkpt lat="37.93135" lon="-107.47494"><ele>3422.0</ele></trkpt>
<trkpt lat="37.93143" lon="-107.47446"><ele>3416.0</ele></trkpt>
<trkpt lat="37.93163" lon="-107.47405"><ele>3411.0</ele></trkpt>
<trkpt lat="37.93187" lon="-107.47360"><ele>3410.0</ele></trkpt>
<trkpt lat="37.93230" lon="-107.47283"><ele>3402.0</ele></trkpt>
<trkpt lat="37.93238" lon="-107.47217"><ele>3399.0</ele></trkpt>
<trkpt lat="37.93242" lon="-107.47151"><ele>3392.0</ele></trkpt>
<trkpt lat="37.93248" lon="-107.47100"><ele>3380.0</ele></trkpt>
<trkpt lat="37.93258" lon="-107.47042"><ele>3366.0</ele></trkpt>
<trkpt lat="37.93282" lon="-107.46984"><ele>3367.0</ele></trkpt>
<trkpt lat="37.93324" lon="-107.46961"><ele>3372.0</ele></trkpt>
<trkpt lat="37.93335" lon="-107.46894"><ele>3363.0</ele></trkpt>
<trkpt lat="37.93314" lon="-107.46822"><ele>3347.0</ele></trkpt>
<trkpt lat="37.93324" lon="-107.46774"><ele>3331.0</ele></trkpt>
<trkpt lat="37.93360" lon="-107.46743"><ele>3319.0</ele></trkpt>
<trkpt lat="37.93399" lon="-107.46679"><ele>3308.0</ele></trkpt>
<trkpt lat="37.93421" lon="-107.46621"><ele>3297.0</ele></trkpt>
<trkpt lat="37.93429" lon="-107.46569"><ele>3287.0</ele></trkpt>
<trkpt lat="37.93455" lon="-107.46505"><ele>3275.0</ele></trkpt>
<trkpt lat="37.93460" lon="-107.46433"><ele>3260.0</ele></trkpt>
<trkpt lat="37.93482" lon="-107.46379"><ele>3250.0</ele></trkpt>
<trkpt lat="37.93512" lon="-107.46294"><ele>3219.0</ele></trkpt>
<trkpt lat="37.93564" lon="-107.46276"><ele>3206.0</ele></trkpt>
<trkpt lat="37.93601" lon="-107.46245"><ele>3189.0</ele></trkpt>
<trkpt lat="37.93617" lon="-107.46187"><ele>3184.0</ele></trkpt>
<trkpt lat="37.93653" lon="-107.46145"><ele>3176.0</ele></trkpt>
<trkpt lat="37.93699" lon="-107.46097"><ele>3178.0</ele></trkpt>
<trkpt lat="37.93640" lon="-107.46025"><ele>3173.0</ele></trkpt>
<trkpt lat="37.93599" lon="-107.45981"><ele>3173.0</ele></trkpt>
<trkpt lat="37.93558" lon="-107.45936"><ele>3174.0</ele></trkpt>
<trkpt lat="37.93516" lon="-107.45883"><ele>3173.0</ele></trkpt>
<trkpt lat="37.93445" lon="-107.45821"><ele>3183.0</ele></trkpt>
<trkpt lat="37.93402" lon="-107.45806"><ele>3183.0</ele></trkpt>
<trkpt lat="37.93336" lon="-107.45790"><ele>3176.0</ele></trkpt>
<trkpt lat="37.93269" lon="-107.45773"><ele>3173.0</ele></trkpt>
<trkpt lat="37.93203" lon="-107.45757"><ele>3171.0</ele></trkpt>
<trkpt lat="37.93125" lon="-107.45737"><ele>3163.0</ele></trkpt>
<trkpt lat="37.93048" lon="-107.45717"><ele>3161.0</ele></trkpt>
<trkpt lat="37.92970" lon="-107.45696"><ele>3162.0</ele></trkpt>
<trkpt lat="37.92892" lon="-107.45676"><ele>3156.0</ele></trkpt>
<trkpt lat="37.92830" lon="-107.45667"><ele>3157.0</ele></trkpt>
<trkpt lat="37.92779" lon="-107.45663"><ele>3160.0</ele></trkpt>
<trkpt lat="37.92727" lon="-107.45659"><ele>3161.0</ele></trkpt>
<trkpt lat="37.92654" lon="-107.45646"><ele>3167.0</ele></trkpt>
<trkpt lat="37.92600" lon="-107.45633"><ele>3164.0</ele></trkpt>
<trkpt lat="37.92545" lon="-107.45619"><ele>3159.0</ele></trkpt>
<trkpt lat="37.92503" lon="-107.45597"><ele>3155.0</ele></trkpt>
<trkpt lat="37.92474" lon="-107.45529"><ele>3164.0</ele></trkpt>
<trkpt lat="37.92423" lon="-107.45490"><ele>3157.0</ele></trkpt>
<trkpt lat="37.92374" lon="-107.45455"><ele>3154.0</ele></trkpt>
<trkpt lat="37.92312" lon="-107.45412"><ele>3149.0</ele></trkpt>
<trkpt lat="37.92231" lon="-107.45322"><ele>3144.0</ele></trkpt>
<trkpt lat="37.92186" lon="-107.45269"><ele>3137.0</ele></trkpt>
<trkpt lat="37.92132" lon="-107.45228"><ele>3137.0</ele></trkpt>
<trkpt lat="37.92070" lon="-107.45166"><ele>3133.0</ele></trkpt>
<trkpt lat="37.92005" lon="-107.45117"><ele>3137.0</ele></trkpt>
<trkpt lat="37.91962" lon="-107.45064"><ele>3129.0</ele></trkpt>
<trkpt lat="37.91930" lon="-107.45040"><ele>3122.0</ele></trkpt>
<trkpt lat="37.91911" lon="-107.44996"><ele>3120.0</ele></trkpt>
<trkpt lat="37.91890" lon="-107.44933"><ele>3128.0</ele></trkpt>
<trkpt lat="37.91819" lon="-107.44866"><ele>3132.0</ele></trkpt>
<trkpt lat="37.91775" lon="-107.44812"><ele>3135.0</ele></trkpt>
<trkpt lat="37.91737" lon="-107.44794"><ele>3130.0</ele></trkpt>
<trkpt lat="37.91695" lon="-107.44767"><ele>3124.0</ele></trkpt>
<trkpt lat="37.91670" lon="-107.44732"><ele>3122.0</ele></trkpt>
<trkpt lat="37.91646" lon="-107.44669"><ele>3121.0</ele></trkpt>
<trkpt lat="37.91616" lon="-107.44620"><ele>3129.0</ele></trkpt>
<trkpt lat="37.91541" lon="-107.44562"><ele>3128.0</ele></trkpt>
<trkpt lat="37.91486" lon="-107.44530"><ele>3118.0</ele></trkpt>
<trkpt lat="37.91438" lon="-107.44490"><ele>3110.0</ele></trkpt>
<trkpt lat="37.91409" lon="-107.44427"><ele>3113.0</ele></trkpt>
<trkpt lat="37.91362" lon="-107.44379"><ele>3100.0</ele></trkpt>
<trkpt lat="37.91306" lon="-107.44326"><ele>3103.0</ele></trkpt>
<trkpt lat="37.91272" lon="-107.44261"><ele>3112.0</ele></trkpt>
<trkpt lat="37.91238" lon="-107.44204"><ele>3118.0</ele></trkpt>
<trkpt lat="37.91188" lon="-107.44194"><ele>3106.0</ele></trkpt>
<trkpt lat="37.91109" lon="-107.44110"><ele>3109.0</ele></trkpt>
<trkpt lat="37.91059" lon="-107.44056"><ele>3127.0</ele></trkpt>
<trkpt lat="37.91017" lon="-107.44073"><ele>3103.0</ele></trkpt>
<trkpt lat="37.90982" lon="-107.44012"><ele>3116.0</ele></trkpt>
<trkpt lat="37.90945" lon="-107.44003"><ele>3098.0</ele></trkpt>
<trkpt lat="37.90872" lon="-107.43886"><ele>3094.0</ele></trkpt>
<trkpt lat="37.90855" lon="-107.43827"><ele>3099.0</ele></trkpt>
<trkpt lat="37.90805" lon="-107.43730"><ele>3082.0</ele></trkpt>
<trkpt lat="37.90772" lon="-107.43657"><ele>3084.0</ele></trkpt>
<trkpt lat="37.90759" lon="-107.43560"><ele>3078.0</ele></trkpt>
<trkpt lat="37.90721" lon="-107.43497"><ele>3062.0</ele></trkpt>
<trkpt lat="37.90672" lon="-107.43402"><ele>3060.0</ele></trkpt>
<trkpt lat="37.90673" lon="-107.43345"><ele>3070.0</ele></trkpt>
<trkpt lat="37.90671" lon="-107.43259"><ele>3088.0</ele></trkpt>
<trkpt lat="37.90627" lon="-107.43273"><ele>3068.0</ele></trkpt>
<trkpt lat="37.90570" lon="-107.43238"><ele>3064.0</ele></trkpt>
<trkpt lat="37.90523" lon="-107.43170"><ele>3046.0</ele></trkpt>
<trkpt lat="37.90506" lon="-107.43079"><ele>3053.0</ele></trkpt>
<trkpt lat="37.90490" lon="-107.43017"><ele>3047.0</ele></trkpt>
<trkpt lat="37.90479" lon="-107.42923"><ele>3042.0</ele></trkpt>
<trkpt lat="37.90444" lon="-107.42870"><ele>3029.0</ele></trkpt>
<trkpt lat="37.90410" lon="-107.42802"><ele>3019.0</ele></trkpt>
<trkpt lat="37.90374" lon="-107.42726"><ele>2989.0</ele></trkpt>
<trkpt lat="37.90338" lon="-107.42685"><ele>2968.0</ele></trkpt>
<trkpt lat="37.90329" lon="-107.42573"><ele>2957.0</ele></trkpt>
<trkpt lat="37.90287" lon="-107.42557"><ele>2941.0</ele></trkpt>
<trkpt lat="37.90260" lon="-107.42610"><ele>2937.0</ele></trkpt>
<trkpt lat="37.90235" lon="-107.42651"><ele>2933.0</ele></trkpt>
<trkpt lat="37.90201" lon="-107.42761"><ele>2933.0</ele></trkpt>
<trkpt lat="37.90174" lon="-107.42848"><ele>2937.0</ele></trkpt>
<trkpt lat="37.90139" lon="-107.42947"><ele>2932.0</ele></trkpt>
<trkpt lat="37.90121" lon="-107.43021"><ele>2934.0</ele></trkpt>
<trkpt lat="37.90109" lon="-107.43156"><ele>2936.0</ele></trkpt>
<trkpt lat="37.90102" lon="-107.43250"><ele>2936.0</ele></trkpt>
<trkpt lat="37.90080" lon="-107.43301"><ele>2937.0</ele></trkpt>
<trkpt lat="37.90029" lon="-107.43310"><ele>2938.0</ele></trkpt>
<trkpt lat="37.89968" lon="-107.43312"><ele>2942.0</ele></trkpt>
<trkpt lat="37.89920" lon="-107.43309"><ele>2940.0</ele></trkpt>
<trkpt lat="37.89872" lon="-107.43355"><ele>2951.0</ele></trkpt>
<trkpt lat="37.89839" lon="-107.43393"><ele>2961.0</ele></trkpt>
<trkpt lat="37.89791" lon="-107.43429"><ele>2973.0</ele></trkpt>
<trkpt lat="37.89734" lon="-107.43442"><ele>2989.0</ele></trkpt>
<trkpt lat="37.89684" lon="-107.43398"><ele>3001.0</ele></trkpt>
<trkpt lat="37.89689" lon="-107.43290"><ele>3012.0</ele></trkpt>
<trkpt lat="37.89654" lon="-107.43320"><ele>3020.0</ele></trkpt>
<trkpt lat="37.89653" lon="-107.43267"><ele>3027.0</ele></trkpt>
<trkpt lat="37.89685" lon="-107.43197"><ele>3026.0</ele></trkpt>
<trkpt lat="37.89700" lon="-107.43152"><ele>3030.0</ele></trkpt>
<trkpt lat="37.89670" lon="-107.43187"><ele>3034.0</ele></trkpt>
<trkpt lat="37.89608" lon="-107.43264"><ele>3059.0</ele></trkpt>
<trkpt lat="37.89612" lon="-107.43200"><ele>3067.0</ele></trkpt>
<trkpt lat="37.89568" lon="-107.43299"><ele>3075.0</ele></trkpt>
<trkpt lat="37.89530" lon="-107.43362"><ele>3079.0</ele></trkpt>
<trkpt lat="37.89483" lon="-107.43363"><ele>3100.0</ele></trkpt>
<trkpt lat="37.89428" lon="-107.43375"><ele>3112.0</ele></trkpt>
<trkpt lat="37.89377" lon="-107.43362"><ele>3122.0</ele></trkpt>
<trkpt lat="37.89323" lon="-107.43357"><ele>3143.0</ele></trkpt>
<trkpt lat="37.89376" lon="-107.43294"><ele>3138.0</ele></trkpt>
<trkpt lat="37.89335" lon="-107.43303"><ele>3146.0</ele></trkpt>
<trkpt lat="37.89265" lon="-107.43336"><ele>3161.0</ele></trkpt>
<trkpt lat="37.89221" lon="-107.43370"><ele>3166.0</ele></trkpt>
<trkpt lat="37.89173" lon="-107.43362"><ele>3176.0</ele></trkpt>
<trkpt lat="37.89135" lon="-107.43348"><ele>3182.0</ele></trkpt>
<trkpt lat="37.89096" lon="-107.43370"><ele>3187.0</ele></trkpt>
<trkpt lat="37.89017" lon="-107.43397"><ele>3197.0</ele></trkpt>
<trkpt lat="37.88983" lon="-107.43417"><ele>3205.0</ele></trkpt>
<trkpt lat="37.88924" lon="-107.43420"><ele>3224.0</ele></trkpt>
<trkpt lat="37.88883" lon="-107.43412"><ele>3240.0</ele></trkpt>
<trkpt lat="37.88828" lon="-107.43420"><ele>3258.0</ele></trkpt>
<trkpt lat="37.88776" lon="-107.43415"><ele>3270.0</ele></trkpt>
<trkpt lat="37.88734" lon="-107.43424"><ele>3269.0</ele></trkpt>
<trkpt lat="37.88700" lon="-107.43456"><ele>3267.0</ele></trkpt>
<trkpt lat="37.88616" lon="-107.43444"><ele>3289.0</ele></trkpt>
<trkpt lat="37.88550" lon="-107.43492"><ele>3305.0</ele></trkpt>
<trkpt lat="37.88509" lon="-107.43482"><ele>3315.0</ele></trkpt>
<trkpt lat="37.88466" lon="-107.43474"><ele>3325.0</ele></trkpt>
<trkpt lat="37.88395" lon="-107.43496"><ele>3346.0</ele></trkpt>
<trkpt lat="37.88350" lon="-107.43505"><ele>3355.0</ele></trkpt>
<trkpt lat="37.88296" lon="-107.43510"><ele>3357.0</ele></trkpt>
<trkpt lat="37.88237" lon="-107.43509"><ele>3368.0</ele></trkpt>
<trkpt lat="37.88184" lon="-107.43509"><ele>3376.0</ele></trkpt>
<trkpt lat="37.88144" lon="-107.43528"><ele>3376.0</ele></trkpt>
<trkpt lat="37.88112" lon="-107.43581"><ele>3380.0</ele></trkpt>
<trkpt lat="37.88104" lon="-107.43635"><ele>3387.0</ele></trkpt>
<trkpt lat="37.88045" lon="-107.43675"><ele>3427.0</ele></trkpt>
<trkpt lat="37.87992" lon="-107.43702"><ele>3444.0</ele></trkpt>
<trkpt lat="37.87978" lon="-107.43654"><ele>3430.0</ele></trkpt>
<trkpt lat="37.87933" lon="-107.43608"><ele>3436.0</ele></trkpt>
<trkpt lat="37.87869" lon="-107.43614"><ele>3442.0</ele></trkpt>
<trkpt lat="37.87828" lon="-107.43614"><ele>3444.0</ele></trkpt>
<trkpt lat="37.87807" lon="-107.43661"><ele>3455.0</ele></trkpt>
<trkpt lat="37.87763" lon="-107.43649"><ele>3459.0</ele></trkpt>
<trkpt lat="37.87721" lon="-107.43653"><ele>3465.0</ele></trkpt>
<trkpt lat="37.87678" lon="-107.43644"><ele>3477.0</ele></trkpt>
<trkpt lat="37.87633" lon="-107.43621"><ele>3480.0</ele></trkpt>
<trkpt lat="37.87566" lon="-107.43648"><ele>3498.0</ele></trkpt>
<trkpt lat="37.87510" lon="-107.43666"><ele>3503.0</ele></trkpt>
<trkpt lat="37.87452" lon="-107.43706"><ele>3514.0</ele></trkpt>
<trkpt lat="37.87408" lon="-107.43769"><ele>3516.0</ele></trkpt>
<trkpt lat="37.87398" lon="-107.43814"><ele>3520.0</ele></trkpt>
<trkpt lat="37.87391" lon="-107.43876"><ele>3525.0</ele></trkpt>
<trkpt lat="37.87374" lon="-107.43930"><ele>3529.0</ele></trkpt>
<trkpt lat="37.87339" lon="-107.43953"><ele>3530.0</ele></trkpt>
<trkpt lat="37.87303" lon="-107.43966"><ele>3531.0</ele></trkpt>
<trkpt lat="37.87296" lon="-107.44024"><ele>3529.0</ele></trkpt>
<trkpt lat="37.87255" lon="-107.44034"><ele>3535.0</ele></trkpt>
<trkpt lat="37.87217" lon="-107.44051"><ele>3539.0</ele></trkpt>
<trkpt lat="37.87194" lon="-107.44011"><ele>3548.0</ele></trkpt>
<trkpt lat="37.87159" lon="-107.43970"><ele>3558.0</ele></trkpt>
<trkpt lat="37.87175" lon="-107.43912"><ele>3568.0</ele></trkpt>
<trkpt lat="37.87137" lon="-107.43877"><ele>3575.0</ele></trkpt>
<trkpt lat="37.87130" lon="-107.43828"><ele>3585.0</ele></trkpt>
<trkpt lat="37.87129" lon="-107.43779"><ele>3595.0</ele></trkpt>
<trkpt lat="37.87157" lon="-107.43735"><ele>3597.0</ele></trkpt>
<trkpt lat="37.87168" lon="-107.43690"><ele>3602.0</ele></trkpt>
<trkpt lat="37.87123" lon="-107.43699"><ele>3606.0</ele></trkpt>
<trkpt lat="37.87078" lon="-107.43709"><ele>3612.0</ele></trkpt>
<trkpt lat="37.87013" lon="-107.43684"><ele>3624.0</ele></trkpt>
<trkpt lat="37.86962" lon="-107.43666"><ele>3644.0</ele></trkpt>
<trkpt lat="37.86901" lon="-107.43663"><ele>3656.0</ele></trkpt>
<trkpt lat="37.86861" lon="-107.43641"><ele>3662.0</ele></trkpt>
<trkpt lat="37.86796" lon="-107.43641"><ele>3672.0</ele></trkpt>
<trkpt lat="37.86756" lon="-107.43617"><ele>3671.0</ele></trkpt>
<trkpt lat="37.86714" lon="-107.43599"><ele>3675.0</ele></trkpt>
<trkpt lat="37.86666" lon="-107.43599"><ele>3679.0</ele></trkpt>
<trkpt lat="37.86582" lon="-107.43644"><ele>3686.0</ele></trkpt>
<trkpt lat="37.86470" lon="-107.43675"><ele>3686.0</ele></trkpt>
<trkpt lat="37.86432" lon="-107.43662"><ele>3685.0</ele></trkpt>
<trkpt lat="37.86394" lon="-107.43680"><ele>3685.0</ele></trkpt>
<trkpt lat="37.86330" lon="-107.43702"><ele>3684.0</ele></trkpt>
<trkpt lat="37.86283" lon="-107.43715"><ele>3681.0</ele></trkpt>
<trkpt lat="37.86244" lon="-107.43722"><ele>3683.0</ele></trkpt>
<trkpt lat="37.86205" lon="-107.43725"><ele>3681.0</ele></trkpt>
<trkpt lat="37.86140" lon="-107.43735"><ele>3678.0</ele></trkpt>
<trkpt lat="37.86086" lon="-107.43733"><ele>3677.0</ele></trkpt>
<trkpt lat="37.86041" lon="-107.43720"><ele>3675.0</ele></trkpt>
<trkpt lat="37.85999" lon="-107.43751"><ele>3671.0</ele></trkpt>
<trkpt lat="37.85956" lon="-107.43773"><ele>3669.0</ele></trkpt>
<trkpt lat="37.85904" lon="-107.43782"><ele>3665.0</ele></trkpt>
<trkpt lat="37.85867" lon="-107.43791"><ele>3664.0</ele></trkpt>
<trkpt lat="37.85829" lon="-107.43800"><ele>3663.0</ele></trkpt>
<trkpt lat="37.85783" lon="-107.43827"><ele>3667.0</ele></trkpt>
<trkpt lat="37.85747" lon="-107.43882"><ele>3668.0</ele></trkpt>
<trkpt lat="37.85704" lon="-107.43922"><ele>3676.0</ele></trkpt>
<trkpt lat="37.85670" lon="-107.43948"><ele>3681.0</ele></trkpt>
<trkpt lat="37.85614" lon="-107.43988"><ele>3686.0</ele></trkpt>
<trkpt lat="37.85571" lon="-107.44011"><ele>3683.0</ele></trkpt>
<trkpt lat="37.85532" lon="-107.44029"><ele>3676.0</ele></trkpt>
<trkpt lat="37.85485" lon="-107.44061"><ele>3678.0</ele></trkpt>
<trkpt lat="37.85435" lon="-107.44073"><ele>3684.0</ele></trkpt>
<trkpt lat="37.85362" lon="-107.44087"><ele>3689.0</ele></trkpt>
<trkpt lat="37.85276" lon="-107.44115"><ele>3691.0</ele></trkpt>
<trkpt lat="37.85228" lon="-107.44129"><ele>3689.0</ele></trkpt>
<trkpt lat="37.85179" lon="-107.44216"><ele>3687.0</ele></trkpt>
<trkpt lat="37.85131" lon="-107.44304"><ele>3691.0</ele></trkpt>
<trkpt lat="37.85082" lon="-107.44391"><ele>3703.0</ele></trkpt>
<trkpt lat="37.85042" lon="-107.44409"><ele>3703.0</ele></trkpt>
<trkpt lat="37.84993" lon="-107.44432"><ele>3705.0</ele></trkpt>
<trkpt lat="37.84923" lon="-107.44458"><ele>3709.0</ele></trkpt>
<trkpt lat="37.84880" lon="-107.44490"><ele>3715.0</ele></trkpt>
<trkpt lat="37.84835" lon="-107.44508"><ele>3715.0</ele></trkpt>
<trkpt lat="37.84792" lon="-107.44540"><ele>3718.0</ele></trkpt>
<trkpt lat="37.84742" lon="-107.44566"><ele>3723.0</ele></trkpt>
<trkpt lat="37.84700" lon="-107.44572"><ele>3728.0</ele></trkpt>
<trkpt lat="37.84720" lon="-107.44476"><ele>3734.0</ele></trkpt>
<trkpt lat="37.84684" lon="-107.44485"><ele>3738.0</ele></trkpt>
<trkpt lat="37.84643" lon="-107.44509"><ele>3740.0</ele></trkpt>
<trkpt lat="37.84574" lon="-107.44512"><ele>3745.0</ele></trkpt>
<trkpt lat="37.84519" lon="-107.44485"><ele>3766.0</ele></trkpt>
<trkpt lat="37.84488" lon="-107.44460"><ele>3778.0</ele></trkpt>
<trkpt lat="37.84447" lon="-107.44400"><ele>3789.0</ele></trkpt>
<trkpt lat="37.84448" lon="-107.44289"><ele>3786.0</ele></trkpt>
<trkpt lat="37.84447" lon="-107.44199"><ele>3786.0</ele></trkpt>
<trkpt lat="37.84450" lon="-107.44127"><ele>3787.0</ele></trkpt>
<trkpt lat="37.84459" lon="-107.44048"><ele>3777.0</ele></trkpt>
<trkpt lat="37.84460" lon="-107.43984"><ele>3777.0</ele></trkpt>
<trkpt lat="37.84477" lon="-107.43914"><ele>3775.0</ele></trkpt>
<trkpt lat="37.84502" lon="-107.43881"><ele>3771.0</ele></trkpt>
<trkpt lat="37.84518" lon="-107.43837"><ele>3773.0</ele></trkpt>
<trkpt lat="37.84481" lon="-107.43874"><ele>3771.0</ele></trkpt>
<trkpt lat="37.84445" lon="-107.43912"><ele>3771.0</ele></trkpt>
<trkpt lat="37.84398" lon="-107.43953"><ele>3763.0</ele></trkpt>
<trkpt lat="37.84355" lon="-107.43993"><ele>3751.0</ele></trkpt>
<trkpt lat="37.84305" lon="-107.44051"><ele>3741.0</ele></trkpt>
<trkpt lat="37.84270" lon="-107.44082"><ele>3738.0</ele></trkpt>
<trkpt lat="37.84194" lon="-107.44115"><ele>3732.0</ele></trkpt>
<trkpt lat="37.84153" lon="-107.44158"><ele>3732.0</ele></trkpt>
<trkpt lat="37.84091" lon="-107.44223"><ele>3723.0</ele></trkpt>
<trkpt lat="37.84061" lon="-107.44253"><ele>3716.0</ele></trkpt>
<trkpt lat="37.84049" lon="-107.44299"><ele>3712.0</ele></trkpt>
<trkpt lat="37.84045" lon="-107.44346"><ele>3706.0</ele></trkpt>
<trkpt lat="37.84066" lon="-107.44387"><ele>3704.0</ele></trkpt>
<trkpt lat="37.84049" lon="-107.44445"><ele>3697.0</ele></trkpt>
<trkpt lat="37.84053" lon="-107.44512"><ele>3700.0</ele></trkpt>
<trkpt lat="37.84007" lon="-107.44594"><ele>3685.0</ele></trkpt>
<trkpt lat="37.83971" lon="-107.44679"><ele>3675.0</ele></trkpt>
<trkpt lat="37.83939" lon="-107.44718"><ele>3668.0</ele></trkpt>
<trkpt lat="37.83940" lon="-107.44781"><ele>3657.0</ele></trkpt>
<trkpt lat="37.83981" lon="-107.44800"><ele>3656.0</ele></trkpt>
<trkpt lat="37.83953" lon="-107.44848"><ele>3641.0</ele></trkpt>
<trkpt lat="37.83923" lon="-107.44893"><ele>3627.0</ele></trkpt>
<trkpt lat="37.83915" lon="-107.44964"><ele>3623.0</ele></trkpt>
<trkpt lat="37.83882" lon="-107.45014"><ele>3613.0</ele></trkpt>
<trkpt lat="37.83835" lon="-107.45050"><ele>3606.0</ele></trkpt>
<trkpt lat="37.83786" lon="-107.45118"><ele>3606.0</ele></trkpt>
<trkpt lat="37.83727" lon="-107.45161"><ele>3606.0</ele></trkpt>
<trkpt lat="37.83698" lon="-107.45194"><ele>3601.0</ele></trkpt>
<trkpt lat="37.83653" lon="-107.45252"><ele>3604.0</ele></trkpt>
<trkpt lat="37.83612" lon="-107.45286"><ele>3604.0</ele></trkpt>
<trkpt lat="37.83563" lon="-107.45314"><ele>3604.0</ele></trkpt>
<trkpt lat="37.83511" lon="-107.45350"><ele>3605.0</ele></trkpt>
<trkpt lat="37.83459" lon="-107.45386"><ele>3604.0</ele></trkpt>
<trkpt lat="37.83408" lon="-107.45418"><ele>3598.0</ele></trkpt>
<trkpt lat="37.83378" lon="-107.45448"><ele>3601.0</ele></trkpt>
<trkpt lat="37.83347" lon="-107.45484"><ele>3599.0</ele></trkpt>
<trkpt lat="37.83320" lon="-107.45520"><ele>3592.0</ele></trkpt>
<trkpt lat="37.83293" lon="-107.45564"><ele>3591.0</ele></trkpt>
<trkpt lat="37.83266" lon="-107.45596"><ele>3589.0</ele></trkpt>
<trkpt lat="37.83198" lon="-107.45640"><ele>3583.0</ele></trkpt>
<trkpt lat="37.83155" lon="-107.45659"><ele>3581.0</ele></trkpt>
<trkpt lat="37.83109" lon="-107.45694"><ele>3580.0</ele></trkpt>
<trkpt lat="37.83059" lon="-107.45709"><ele>3580.0</ele></trkpt>
<trkpt lat="37.82989" lon="-107.45736"><ele>3574.0</ele></trkpt>
<trkpt lat="37.82939" lon="-107.45776"><ele>3565.0</ele></trkpt>
<trkpt lat="37.82901" lon="-107.45797"><ele>3568.0</ele></trkpt>
<trkpt lat="37.82883" lon="-107.45865"><ele>3568.0</ele></trkpt>
<trkpt lat="37.82838" lon="-107.45906"><ele>3570.0</ele></trkpt>
<trkpt lat="37.82756" lon="-107.45931"><ele>3571.0</ele></trkpt>
<trkpt lat="37.82682" lon="-107.45981"><ele>3567.0</ele></trkpt>
<trkpt lat="37.82640" lon="-107.46016"><ele>3566.0</ele></trkpt>
<trkpt lat="37.82572" lon="-107.46084"><ele>3571.0</ele></trkpt>
<trkpt lat="37.82530" lon="-107.46115"><ele>3565.0</ele></trkpt>
<trkpt lat="37.82474" lon="-107.46151"><ele>3562.0</ele></trkpt>
<trkpt lat="37.82445" lon="-107.46178"><ele>3561.0</ele></trkpt>
<trkpt lat="37.82403" lon="-107.46204"><ele>3557.0</ele></trkpt>
<trkpt lat="37.82359" lon="-107.46240"><ele>3558.0</ele></trkpt>
<trkpt lat="37.82320" lon="-107.46273"><ele>3561.0</ele></trkpt>
<trkpt lat="37.82275" lon="-107.46303"><ele>3558.0</ele></trkpt>
<trkpt lat="37.82217" lon="-107.46309"><ele>3553.0</ele></trkpt>
<trkpt lat="37.82175" lon="-107.46330"><ele>3551.0</ele></trkpt>
<trkpt lat="37.82135" lon="-107.46345"><ele>3551.0</ele></trkpt>
<trkpt lat="37.82090" lon="-107.46357"><ele>3546.0</ele></trkpt>
<trkpt lat="37.82016" lon="-107.46379"><ele>3541.0</ele></trkpt>
<trkpt lat="37.81957" lon="-107.46402"><ele>3543.0</ele></trkpt>
<trkpt lat="37.81896" lon="-107.46424"><ele>3535.0</ele></trkpt>
<trkpt lat="37.81835" lon="-107.46437"><ele>3535.0</ele></trkpt>
<trkpt lat="37.81779" lon="-107.46469"><ele>3533.0</ele></trkpt>
<trkpt lat="37.81737" lon="-107.46477"><ele>3534.0</ele></trkpt>
<trkpt lat="37.81690" lon="-107.46473"><ele>3530.0</ele></trkpt>
<trkpt lat="37.81647" lon="-107.46478"><ele>3528.0</ele></trkpt>
<trkpt lat="37.81609" lon="-107.46466"><ele>3521.0</ele></trkpt>
<trkpt lat="37.81566" lon="-107.46456"><ele>3518.0</ele></trkpt>
<trkpt lat="37.81518" lon="-107.46460"><ele>3516.0</ele></trkpt>
<trkpt lat="37.81467" lon="-107.46428"><ele>3509.0</ele></trkpt>
<trkpt lat="37.81425" lon="-107.46434"><ele>3499.0</ele></trkpt>
<trkpt lat="37.81384" lon="-107.46437"><ele>3493.0</ele></trkpt>
<trkpt lat="37.81343" lon="-107.46460"><ele>3491.0</ele></trkpt>
<trkpt lat="37.81293" lon="-107.46469"><ele>3490.0</ele></trkpt>
<trkpt lat="37.81261" lon="-107.46492"><ele>3492.0</ele></trkpt>
<trkpt lat="37.81218" lon="-107.46515"><ele>3490.0</ele></trkpt>
<trkpt lat="37.81154" lon="-107.46533"><ele>3481.0</ele></trkpt>
<trkpt lat="37.81122" lon="-107.46599"><ele>3487.0</ele></trkpt>
<trkpt lat="37.81064" lon="-107.46643"><ele>3467.0</ele></trkpt>
<trkpt lat="37.81031" lon="-107.46693"><ele>3461.0</ele></trkpt>
<trkpt lat="37.80975" lon="-107.46755"><ele>3452.0</ele></trkpt>
<trkpt lat="37.80905" lon="-107.46783"><ele>3440.0</ele></trkpt>
<trkpt lat="37.80853" lon="-107.46774"><ele>3434.0</ele></trkpt>
<trkpt lat="37.80799" lon="-107.46742"><ele>3435.0</ele></trkpt>
<trkpt lat="37.80757" lon="-107.46711"><ele>3439.0</ele></trkpt>
<trkpt lat="37.80715" lon="-107.46693"><ele>3439.0</ele></trkpt>
<trkpt lat="37.80677" lon="-107.46657"><ele>3440.0</ele></trkpt>
<trkpt lat="37.80631" lon="-107.46634"><ele>3439.0</ele></trkpt>
<trkpt lat="37.80579" lon="-107.46626"><ele>3433.0</ele></trkpt>
<trkpt lat="37.80517" lon="-107.46594"><ele>3433.0</ele></trkpt>
<trkpt lat="37.80470" lon="-107.46573"><ele>3430.0</ele></trkpt>
<trkpt lat="37.80421" lon="-107.46539"><ele>3430.0</ele></trkpt>
<trkpt lat="37.80389" lon="-107.46518"><ele>3429.0</ele></trkpt>
<trkpt lat="37.80359" lon="-107.46478"><ele>3429.0</ele></trkpt>
<trkpt lat="37.80330" lon="-107.46438"><ele>3432.0</ele></trkpt>
<trkpt lat="37.80291" lon="-107.46424"><ele>3426.0</ele></trkpt>
<trkpt lat="37.80245" lon="-107.46406"><ele>3422.0</ele></trkpt>
<trkpt lat="37.80211" lon="-107.46388"><ele>3421.0</ele></trkpt>
<trkpt lat="37.80145" lon="-107.46349"><ele>3421.0</ele></trkpt>
<trkpt lat="37.80085" lon="-107.46295"><ele>3419.0</ele></trkpt>
<trkpt lat="37.80031" lon="-107.46259"><ele>3417.0</ele></trkpt>
<trkpt lat="37.80068" lon="-107.46316"><ele>3415.0</ele></trkpt>
<trkpt lat="37.80105" lon="-107.46393"><ele>3414.0</ele></trkpt>
<trkpt lat="37.80129" lon="-107.46428"><ele>3414.0</ele></trkpt>
<trkpt lat="37.80137" lon="-107.46473"><ele>3411.0</ele></trkpt>
<trkpt lat="37.80166" lon="-107.46509"><ele>3410.0</ele></trkpt>
<trkpt lat="37.80203" lon="-107.46581"><ele>3408.0</ele></trkpt>
<trkpt lat="37.80208" lon="-107.46627"><ele>3409.0</ele></trkpt>
<trkpt lat="37.80215" lon="-107.46692"><ele>3415.0</ele></trkpt>
<trkpt lat="37.80263" lon="-107.46724"><ele>3420.0</ele></trkpt>
<trkpt lat="37.80300" lon="-107.46764"><ele>3423.0</ele></trkpt>
<trkpt lat="37.80339" lon="-107.46801"><ele>3428.0</ele></trkpt>
<trkpt lat="37.80377" lon="-107.46809"><ele>3429.0</ele></trkpt>
<trkpt lat="37.80419" lon="-107.46854"><ele>3433.0</ele></trkpt>
<trkpt lat="37.80439" lon="-107.46903"><ele>3440.0</ele></trkpt>
<trkpt lat="37.80482" lon="-107.47010"><ele>3446.0</ele></trkpt>
<trkpt lat="37.80474" lon="-107.47095"><ele>3455.0</ele></trkpt>
<trkpt lat="37.80433" lon="-107.47168"><ele>3480.0</ele></trkpt>
<trkpt lat="37.80386" lon="-107.47258"><ele>3484.0</ele></trkpt>
<trkpt lat="37.80357" lon="-107.47288"><ele>3494.0</ele></trkpt>
<trkpt lat="37.80315" lon="-107.47315"><ele>3495.0</ele></trkpt>
<trkpt lat="37.80290" lon="-107.47361"><ele>3497.0</ele></trkpt>
<trkpt lat="37.80281" lon="-107.47446"><ele>3503.0</ele></trkpt>
<trkpt lat="37.80279" lon="-107.47494"><ele>3504.0</ele></trkpt>
<trkpt lat="37.80243" lon="-107.47544"><ele>3501.0</ele></trkpt>
<trkpt lat="37.80223" lon="-107.47593"><ele>3504.0</ele></trkpt>
<trkpt lat="37.80207" lon="-107.47660"><ele>3502.0</ele></trkpt>
<trkpt lat="37.80189" lon="-107.47758"><ele>3498.0</ele></trkpt>
<trkpt lat="37.80182" lon="-107.47825"><ele>3499.0</ele></trkpt>
<trkpt lat="37.80175" lon="-107.47892"><ele>3496.0</ele></trkpt>
<trkpt lat="37.80178" lon="-107.47955"><ele>3499.0</ele></trkpt>
<trkpt lat="37.80161" lon="-107.48021"><ele>3501.0</ele></trkpt>
<trkpt lat="37.80140" lon="-107.48098"><ele>3502.0</ele></trkpt>
<trkpt lat="37.80120" lon="-107.48171"><ele>3507.0</ele></trkpt>
<trkpt lat="37.80110" lon="-107.48224"><ele>3513.0</ele></trkpt>
<trkpt lat="37.80092" lon="-107.48269"><ele>3513.0</ele></trkpt>
<trkpt lat="37.80078" lon="-107.48315"><ele>3514.0</ele></trkpt>
<trkpt lat="37.80055" lon="-107.48358"><ele>3510.0</ele></trkpt>
<trkpt lat="37.80048" lon="-107.48407"><ele>3513.0</ele></trkpt>
<trkpt lat="37.80019" lon="-107.48484"><ele>3511.0</ele></trkpt>
<trkpt lat="37.80012" lon="-107.48533"><ele>3510.0</ele></trkpt>
<trkpt lat="37.79995" lon="-107.48604"><ele>3506.0</ele></trkpt>
<trkpt lat="37.79984" lon="-107.48680"><ele>3509.0</ele></trkpt>
<trkpt lat="37.79975" lon="-107.48749"><ele>3506.0</ele></trkpt>
<trkpt lat="37.79982" lon="-107.48801"><ele>3505.0</ele></trkpt>
<trkpt lat="37.79977" lon="-107.48877"><ele>3506.0</ele></trkpt>
<trkpt lat="37.80010" lon="-107.48959"><ele>3510.0</ele></trkpt>
<trkpt lat="37.80009" lon="-107.49008"><ele>3514.0</ele></trkpt>
<trkpt lat="37.80019" lon="-107.49106"><ele>3520.0</ele></trkpt>
<trkpt lat="37.80018" lon="-107.49198"><ele>3516.0</ele></trkpt>
<trkpt lat="37.80019" lon="-107.49263"><ele>3514.0</ele></trkpt>
<trkpt lat="37.80037" lon="-107.49338"><ele>3514.0</ele></trkpt>
<trkpt lat="37.80059" lon="-107.49403"><ele>3515.0</ele></trkpt>
<trkpt lat="37.80063" lon="-107.49504"><ele>3506.0</ele></trkpt>
<trkpt lat="37.80064" lon="-107.49568"><ele>3506.0</ele></trkpt>
<trkpt lat="37.80077" lon="-107.49622"><ele>3504.0</ele></trkpt>
<trkpt lat="37.80078" lon="-107.49685"><ele>3504.0</ele></trkpt>
<trkpt lat="37.80062" lon="-107.49788"><ele>3505.0</ele></trkpt>
<trkpt lat="37.80054" lon="-107.49867"><ele>3515.0</ele></trkpt>
<trkpt lat="37.80041" lon="-107.49961"><ele>3526.0</ele></trkpt>
<trkpt lat="37.80049" lon="-107.50019"><ele>3525.0</ele></trkpt>
<trkpt lat="37.80050" lon="-107.50068"><ele>3528.0</ele></trkpt>
<trkpt lat="37.80036" lon="-107.50142"><ele>3539.0</ele></trkpt>
<trkpt lat="37.80021" lon="-107.50216"><ele>3539.0</ele></trkpt>
<trkpt lat="37.80023" lon="-107.50283"><ele>3546.0</ele></trkpt>
<trkpt lat="37.79999" lon="-107.50391"><ele>3549.0</ele></trkpt>
<trkpt lat="37.79993" lon="-107.50458"><ele>3551.0</ele></trkpt>
<trkpt lat="37.80017" lon="-107.50494"><ele>3554.0</ele></trkpt>
<trkpt lat="37.80045" lon="-107.50544"><ele>3559.0</ele></trkpt>
<trkpt lat="37.80075" lon="-107.50580"><ele>3562.0</ele></trkpt>
<trkpt lat="37.80134" lon="-107.50646"><ele>3567.0</ele></trkpt>
<trkpt lat="37.80161" lon="-107.50682"><ele>3567.0</ele></trkpt>
<trkpt lat="37.80173" lon="-107.50727"><ele>3569.0</ele></trkpt>
<trkpt lat="37.80195" lon="-107.50794"><ele>3574.0</ele></trkpt>
<trkpt lat="37.80199" lon="-107.50843"><ele>3582.0</ele></trkpt>
<trkpt lat="37.80207" lon="-107.50892"><ele>3585.0</ele></trkpt>
<trkpt lat="37.80257" lon="-107.50925"><ele>3584.0</ele></trkpt>
<trkpt lat="37.80298" lon="-107.50955"><ele>3584.0</ele></trkpt>
<trkpt lat="37.80340" lon="-107.50968"><ele>3589.0</ele></trkpt>
<trkpt lat="37.80382" lon="-107.51040"><ele>3598.0</ele></trkpt>
<trkpt lat="37.80405" lon="-107.51089"><ele>3606.0</ele></trkpt>
<trkpt lat="37.80429" lon="-107.51138"><ele>3615.0</ele></trkpt>
<trkpt lat="37.80472" lon="-107.51237"><ele>3632.0</ele></trkpt>
<trkpt lat="37.80494" lon="-107.51283"><ele>3633.0</ele></trkpt>
<trkpt lat="37.80481" lon="-107.51386"><ele>3651.0</ele></trkpt>
<trkpt lat="37.80499" lon="-107.51447"><ele>3655.0</ele></trkpt>
<trkpt lat="37.80547" lon="-107.51483"><ele>3663.0</ele></trkpt>
<trkpt lat="37.80582" lon="-107.51519"><ele>3668.0</ele></trkpt>
<trkpt lat="37.80667" lon="-107.51550"><ele>3679.0</ele></trkpt>
<trkpt lat="37.80733" lon="-107.51595"><ele>3688.0</ele></trkpt>
<trkpt lat="37.80771" lon="-107.51644"><ele>3689.0</ele></trkpt>
<trkpt lat="37.80819" lon="-107.51695"><ele>3688.0</ele></trkpt>
<trkpt lat="37.80863" lon="-107.51735"><ele>3694.0</ele></trkpt>
<trkpt lat="37.80874" lon="-107.51787"><ele>3697.0</ele></trkpt>
<trkpt lat="37.80908" lon="-107.51814"><ele>3706.0</ele></trkpt>
<trkpt lat="37.80948" lon="-107.51846"><ele>3716.0</ele></trkpt>
<trkpt lat="37.80977" lon="-107.51878"><ele>3725.0</ele></trkpt>
<trkpt lat="37.81015" lon="-107.51919"><ele>3741.0</ele></trkpt>
<trkpt lat="37.81062" lon="-107.51980"><ele>3756.0</ele></trkpt>
<trkpt lat="37.81096" lon="-107.52047"><ele>3765.0</ele></trkpt>
<trkpt lat="37.81112" lon="-107.52096"><ele>3772.0</ele></trkpt>
<trkpt lat="37.81130" lon="-107.52190"><ele>3787.0</ele></trkpt>
<trkpt lat="37.81162" lon="-107.52226"><ele>3794.0</ele></trkpt>
<trkpt lat="37.81204" lon="-107.52266"><ele>3806.0</ele></trkpt>
<trkpt lat="37.81252" lon="-107.52307"><ele>3814.0</ele></trkpt>
<trkpt lat="37.81292" lon="-107.52360"><ele>3822.0</ele></trkpt>
<trkpt lat="37.81327" lon="-107.52407"><ele>3827.0</ele></trkpt>
<trkpt lat="37.81358" lon="-107.52436"><ele>3833.0</ele></trkpt>
<trkpt lat="37.81401" lon="-107.52455"><ele>3830.0</ele></trkpt>
<trkpt lat="37.81438" lon="-107.52486"><ele>3821.0</ele></trkpt>
<trkpt lat="37.81478" lon="-107.52540"><ele>3806.0</ele></trkpt>
<trkpt lat="37.81514" lon="-107.52605"><ele>3789.0</ele></trkpt>
<trkpt lat="37.81550" lon="-107.52670"><ele>3774.0</ele></trkpt>
<trkpt lat="37.81566" lon="-107.52763"><ele>3769.0</ele></trkpt>
<trkpt lat="37.81554" lon="-107.52848"><ele>3758.0</ele></trkpt>
<trkpt lat="37.81550" lon="-107.52934"><ele>3745.0</ele></trkpt>
<trkpt lat="37.81540" lon="-107.52979"><ele>3736.0</ele></trkpt>
<trkpt lat="37.81512" lon="-107.53011"><ele>3737.0</ele></trkpt>
<trkpt lat="37.81472" lon="-107.53086"><ele>3724.0</ele></trkpt>
<trkpt lat="37.81444" lon="-107.53122"><ele>3718.0</ele></trkpt>
<trkpt lat="37.81409" lon="-107.53171"><ele>3708.0</ele></trkpt>
<trkpt lat="37.81377" lon="-107.53220"><ele>3701.0</ele></trkpt>
<trkpt lat="37.81352" lon="-107.53256"><ele>3690.0</ele></trkpt>
<trkpt lat="37.81316" lon="-107.53275"><ele>3690.0</ele></trkpt>
<trkpt lat="37.81302" lon="-107.53352"><ele>3670.0</ele></trkpt>
<trkpt lat="37.81297" lon="-107.53413"><ele>3653.0</ele></trkpt>
<trkpt lat="37.81293" lon="-107.53481"><ele>3641.0</ele></trkpt>
<trkpt lat="37.81304" lon="-107.53525"><ele>3632.0</ele></trkpt>
<trkpt lat="37.81326" lon="-107.53575"><ele>3618.0</ele></trkpt>
<trkpt lat="37.81309" lon="-107.53623"><ele>3616.0</ele></trkpt>
<trkpt lat="37.81262" lon="-107.53650"><ele>3622.0</ele></trkpt>
<trkpt lat="37.81227" lon="-107.53663"><ele>3625.0</ele></trkpt>
<trkpt lat="37.81187" lon="-107.53654"><ele>3632.0</ele></trkpt>
<trkpt lat="37.81128" lon="-107.53681"><ele>3639.0</ele></trkpt>
<trkpt lat="37.81074" lon="-107.53768"><ele>3648.0</ele></trkpt>
<trkpt lat="37.81077" lon="-107.53816"><ele>3656.0</ele></trkpt>
<trkpt lat="37.81084" lon="-107.53865"><ele>3663.0</ele></trkpt>
<trkpt lat="37.81114" lon="-107.53938"><ele>3676.0</ele></trkpt>
<trkpt lat="37.81162" lon="-107.53972"><ele>3697.0</ele></trkpt>
<trkpt lat="37.81196" lon="-107.54004"><ele>3705.0</ele></trkpt>
<trkpt lat="37.81237" lon="-107.54057"><ele>3714.0</ele></trkpt>
<trkpt lat="37.81301" lon="-107.54108"><ele>3753.0</ele></trkpt>
<trkpt lat="37.81290" lon="-107.54209"><ele>3768.0</ele></trkpt>
<trkpt lat="37.81255" lon="-107.54277"><ele>3792.0</ele></trkpt>
<trkpt lat="37.81220" lon="-107.54344"><ele>3799.0</ele></trkpt>
<trkpt lat="37.81192" lon="-107.54402"><ele>3794.0</ele></trkpt>
<trkpt lat="37.81162" lon="-107.54445"><ele>3798.0</ele></trkpt>
<trkpt lat="37.81140" lon="-107.54485"><ele>3804.0</ele></trkpt>
<trkpt lat="37.81134" lon="-107.54535"><ele>3810.0</ele></trkpt>
<trkpt lat="37.81124" lon="-107.54588"><ele>3821.0</ele></trkpt>
<trkpt lat="37.81106" lon="-107.54647"><ele>3828.0</ele></trkpt>
<trkpt lat="37.81108" lon="-107.54695"><ele>3843.0</ele></trkpt>
<trkpt lat="37.81022" lon="-107.54711"><ele>3868.0</ele></trkpt>
<trkpt lat="37.80990" lon="-107.54769"><ele>3880.0</ele></trkpt>
<trkpt lat="37.80958" lon="-107.54827"><ele>3893.0</ele></trkpt>
<trkpt lat="37.80935" lon="-107.54865"><ele>3905.0</ele></trkpt>
<trkpt lat="37.80899" lon="-107.54905"><ele>3915.0</ele></trkpt>
<trkpt lat="37.80860" lon="-107.54926"><ele>3921.0</ele></trkpt>
<trkpt lat="37.80792" lon="-107.54946"><ele>3944.0</ele></trkpt>
<trkpt lat="37.80740" lon="-107.54957"><ele>3946.0</ele></trkpt>
<trkpt lat="37.80763" lon="-107.55007"><ele>3969.0</ele></trkpt>
<trkpt lat="37.80718" lon="-107.55065"><ele>3984.0</ele></trkpt>
<trkpt lat="37.80681" lon="-107.55096"><ele>3993.0</ele></trkpt>
<trkpt lat="37.80602" lon="-107.55145"><ele>4015.0</ele></trkpt>
<trkpt lat="37.80564" lon="-107.55155"><ele>4020.0</ele></trkpt>
<trkpt lat="37.80502" lon="-107.55138"><ele>4008.0</ele></trkpt>
<trkpt lat="37.80460" lon="-107.55119"><ele>4006.0</ele></trkpt>
<trkpt lat="37.80425" lon="-107.55084"><ele>4005.0</ele></trkpt>
<trkpt lat="37.80387" lon="-107.55060"><ele>3996.0</ele></trkpt>
<trkpt lat="37.80351" lon="-107.55006"><ele>3984.0</ele></trkpt>
<trkpt lat="37.80296" lon="-107.54993"><ele>3983.0</ele></trkpt>
<trkpt lat="37.80243" lon="-107.55002"><ele>3973.0</ele></trkpt>
<trkpt lat="37.80207" lon="-107.55002"><ele>3974.0</ele></trkpt>
<trkpt lat="37.80161" lon="-107.55015"><ele>3969.0</ele></trkpt>
<trkpt lat="37.80112" lon="-107.55011"><ele>3966.0</ele></trkpt>
<trkpt lat="37.80065" lon="-107.54998"><ele>3955.0</ele></trkpt>
<trkpt lat="37.80012" lon="-107.54962"><ele>3957.0</ele></trkpt>
<trkpt lat="37.79968" lon="-107.54939"><ele>3952.0</ele></trkpt>
<trkpt lat="37.79890" lon="-107.54897"><ele>3940.0</ele></trkpt>
<trkpt lat="37.79846" lon="-107.54872"><ele>3937.0</ele></trkpt>
<trkpt lat="37.79790" lon="-107.54846"><ele>3935.0</ele></trkpt>
<trkpt lat="37.79711" lon="-107.54814"><ele>3915.0</ele></trkpt>
<trkpt lat="37.79670" lon="-107.54770"><ele>3899.0</ele></trkpt>
<trkpt lat="37.79606" lon="-107.54715"><ele>3880.0</ele></trkpt>
<trkpt lat="37.79589" lon="-107.54765"><ele>3867.0</ele></trkpt>
<trkpt lat="37.79551" lon="-107.54797"><ele>3848.0</ele></trkpt>
<trkpt lat="37.79519" lon="-107.54824"><ele>3840.0</ele></trkpt>
<trkpt lat="37.79479" lon="-107.54868"><ele>3842.0</ele></trkpt>
<trkpt lat="37.79460" lon="-107.54927"><ele>3842.0</ele></trkpt>
<trkpt lat="37.79433" lon="-107.55002"><ele>3850.0</ele></trkpt>
<trkpt lat="37.79417" lon="-107.55051"><ele>3860.0</ele></trkpt>
<trkpt lat="37.79407" lon="-107.55114"><ele>3864.0</ele></trkpt>
<trkpt lat="37.79371" lon="-107.55203"><ele>3864.0</ele></trkpt>
<trkpt lat="37.79337" lon="-107.55262"><ele>3870.0</ele></trkpt>
<trkpt lat="37.79315" lon="-107.55329"><ele>3871.0</ele></trkpt>
<trkpt lat="37.79307" lon="-107.55388"><ele>3873.0</ele></trkpt>
<trkpt lat="37.79268" lon="-107.55396"><ele>3884.0</ele></trkpt>
<trkpt lat="37.79232" lon="-107.55414"><ele>3894.0</ele></trkpt>
<trkpt lat="37.79180" lon="-107.55423"><ele>3906.0</ele></trkpt>
<trkpt lat="37.79124" lon="-107.55442"><ele>3918.0</ele></trkpt>
<trkpt lat="37.79079" lon="-107.55463"><ele>3929.0</ele></trkpt>
<trkpt lat="37.79031" lon="-107.55436"><ele>3953.0</ele></trkpt>
<trkpt lat="37.78972" lon="-107.55439"><ele>3963.0</ele></trkpt>
<trkpt lat="37.78927" lon="-107.55485"><ele>3949.0</ele></trkpt>
<trkpt lat="37.78878" lon="-107.55494"><ele>3926.0</ele></trkpt>
<trkpt lat="37.78801" lon="-107.55500"><ele>3903.0</ele></trkpt>
<trkpt lat="37.78762" lon="-107.55521"><ele>3897.0</ele></trkpt>
<trkpt lat="37.78696" lon="-107.55582"><ele>3894.0</ele></trkpt>
<trkpt lat="37.78662" lon="-107.55624"><ele>3882.0</ele></trkpt>
<trkpt lat="37.78634" lon="-107.55707"><ele>3855.0</ele></trkpt>
<trkpt lat="37.78606" lon="-107.55790"><ele>3840.0</ele></trkpt>
<trkpt lat="37.78578" lon="-107.55873"><ele>3821.0</ele></trkpt>
<trkpt lat="37.78550" lon="-107.55956"><ele>3803.0</ele></trkpt>
<trkpt lat="37.78553" lon="-107.56027"><ele>3779.0</ele></trkpt>
<trkpt lat="37.78558" lon="-107.56112"><ele>3753.0</ele></trkpt>
<trkpt lat="37.78561" lon="-107.56158"><ele>3746.0</ele></trkpt>
<trkpt lat="37.78575" lon="-107.56213"><ele>3736.0</ele></trkpt>
<trkpt lat="37.78612" lon="-107.56296"><ele>3725.0</ele></trkpt>
<trkpt lat="37.78670" lon="-107.56350"><ele>3725.0</ele></trkpt>
<trkpt lat="37.78702" lon="-107.56399"><ele>3719.0</ele></trkpt>
<trkpt lat="37.78735" lon="-107.56448"><ele>3709.0</ele></trkpt>
<trkpt lat="37.78800" lon="-107.56488"><ele>3707.0</ele></trkpt>
<trkpt lat="37.78846" lon="-107.56525"><ele>3699.0</ele></trkpt>
<trkpt lat="37.78915" lon="-107.56578"><ele>3699.0</ele></trkpt>
<trkpt lat="37.78966" lon="-107.56655"><ele>3690.0</ele></trkpt>
<trkpt lat="37.78995" lon="-107.56717"><ele>3685.0</ele></trkpt>
<trkpt lat="37.79038" lon="-107.56770"><ele>3688.0</ele></trkpt>
<trkpt lat="37.79077" lon="-107.56797"><ele>3680.0</ele></trkpt>
<trkpt lat="37.79145" lon="-107.56820"><ele>3668.0</ele></trkpt>
<trkpt lat="37.79233" lon="-107.56866"><ele>3651.0</ele></trkpt>
<trkpt lat="37.79292" lon="-107.56909"><ele>3652.0</ele></trkpt>
<trkpt lat="37.79322" lon="-107.56955"><ele>3643.0</ele></trkpt>
<trkpt lat="37.79370" lon="-107.57003"><ele>3639.0</ele></trkpt>
<trkpt lat="37.79472" lon="-107.57052"><ele>3629.0</ele></trkpt>
<trkpt lat="37.79508" lon="-107.57071"><ele>3613.0</ele></trkpt>
<trkpt lat="37.79587" lon="-107.57088"><ele>3598.0</ele></trkpt>
<trkpt lat="37.79646" lon="-107.57116"><ele>3585.0</ele></trkpt>
<trkpt lat="37.79708" lon="-107.57117"><ele>3559.0</ele></trkpt>
<trkpt lat="37.79762" lon="-107.57151"><ele>3536.0</ele></trkpt>
<trkpt lat="37.79739" lon="-107.57205"><ele>3529.0</ele></trkpt>
<trkpt lat="37.79768" lon="-107.57277"><ele>3473.0</ele></trkpt>
<trkpt lat="37.79736" lon="-107.57300"><ele>3467.0</ele></trkpt>
<trkpt lat="37.79787" lon="-107.57344"><ele>3436.0</ele></trkpt>
<trkpt lat="37.79740" lon="-107.57406"><ele>3422.0</ele></trkpt>
<trkpt lat="37.79668" lon="-107.57411"><ele>3399.0</ele></trkpt>
<trkpt lat="37.79629" lon="-107.57406"><ele>3399.0</ele></trkpt>
<trkpt lat="37.79578" lon="-107.57416"><ele>3390.0</ele></trkpt>
<trkpt lat="37.79526" lon="-107.57433"><ele>3376.0</ele></trkpt>
<trkpt lat="37.79510" lon="-107.57478"><ele>3352.0</ele></trkpt>
<trkpt lat="37.79412" lon="-107.57513"><ele>3337.0</ele></trkpt>
<trkpt lat="37.79337" lon="-107.57519"><ele>3346.0</ele></trkpt>
<trkpt lat="37.79267" lon="-107.57549"><ele>3314.0</ele></trkpt>
<trkpt lat="37.79220" lon="-107.57567"><ele>3303.0</ele></trkpt>
<trkpt lat="37.79127" lon="-107.57572"><ele>3274.0</ele></trkpt>
<trkpt lat="37.79092" lon="-107.57594"><ele>3244.0</ele></trkpt>
<trkpt lat="37.79028" lon="-107.57599"><ele>3229.0</ele></trkpt>
<trkpt lat="37.78987" lon="-107.57621"><ele>3212.0</ele></trkpt>
<trkpt lat="37.79008" lon="-107.57702"><ele>3190.0</ele></trkpt>
<trkpt lat="37.79065" lon="-107.57733"><ele>3180.0</ele></trkpt>
<trkpt lat="37.79122" lon="-107.57763"><ele>3174.0</ele></trkpt>
<trkpt lat="37.79176" lon="-107.57759"><ele>3172.0</ele></trkpt>
<trkpt lat="37.79229" lon="-107.57755"><ele>3169.0</ele></trkpt>
<trkpt lat="37.79302" lon="-107.57745"><ele>3169.0</ele></trkpt>
<trkpt lat="37.79331" lon="-107.57779"><ele>3168.0</ele></trkpt>
<trkpt lat="37.79362" lon="-107.57805"><ele>3167.0</ele></trkpt>
<trkpt lat="37.79382" lon="-107.57854"><ele>3166.0</ele></trkpt>
<trkpt lat="37.79391" lon="-107.57903"><ele>3169.0</ele></trkpt>
<trkpt lat="37.79413" lon="-107.57958"><ele>3180.0</ele></trkpt>
<trkpt lat="37.79441" lon="-107.57993"><ele>3190.0</ele></trkpt>
<trkpt lat="37.79475" lon="-107.58010"><ele>3195.0</ele></trkpt>
<trkpt lat="37.79539" lon="-107.58019"><ele>3186.0</ele></trkpt>
<trkpt lat="37.79603" lon="-107.58028"><ele>3219.0</ele></trkpt>
<trkpt lat="37.79649" lon="-107.58043"><ele>3242.0</ele></trkpt>
<trkpt lat="37.79691" lon="-107.58046"><ele>3239.0</ele></trkpt>
<trkpt lat="37.79743" lon="-107.58096"><ele>3283.0</ele></trkpt>
<trkpt lat="37.79692" lon="-107.58123"><ele>3307.0</ele></trkpt>
<trkpt lat="37.79656" lon="-107.58118"><ele>3311.0</ele></trkpt>
<trkpt lat="37.79639" lon="-107.58159"><ele>3330.0</ele></trkpt>
<trkpt lat="37.79602" lon="-107.58176"><ele>3340.0</ele></trkpt>
<trkpt lat="37.79529" lon="-107.58208"><ele>3362.0</ele></trkpt>
<trkpt lat="37.79480" lon="-107.58234"><ele>3379.0</ele></trkpt>
<trkpt lat="37.79462" lon="-107.58276"><ele>3404.0</ele></trkpt>
<trkpt lat="37.79493" lon="-107.58303"><ele>3418.0</ele></trkpt>
<trkpt lat="37.79527" lon="-107.58319"><ele>3420.0</ele></trkpt>
<trkpt lat="37.79509" lon="-107.58384"><ele>3455.0</ele></trkpt>
<trkpt lat="37.79454" lon="-107.58427"><ele>3486.0</ele></trkpt>
<trkpt lat="37.79434" lon="-107.58472"><ele>3510.0</ele></trkpt>
<trkpt lat="37.79444" lon="-107.58525"><ele>3532.0</ele></trkpt>
<trkpt lat="37.79455" lon="-107.58585"><ele>3560.0</ele></trkpt>
<trkpt lat="37.79450" lon="-107.58646"><ele>3582.0</ele></trkpt>
<trkpt lat="37.79474" lon="-107.58687"><ele>3598.0</ele></trkpt>
<trkpt lat="37.79468" lon="-107.58751"><ele>3623.0</ele></trkpt>
<trkpt lat="37.79444" lon="-107.58803"><ele>3623.0</ele></trkpt>
<trkpt lat="37.79431" lon="-107.58848"><ele>3637.0</ele></trkpt>
<trkpt lat="37.79433" lon="-107.58906"><ele>3662.0</ele></trkpt>
<trkpt lat="37.79472" lon="-107.58919"><ele>3701.0</ele></trkpt>
<trkpt lat="37.79453" lon="-107.58960"><ele>3713.0</ele></trkpt>
<trkpt lat="37.79394" lon="-107.59009"><ele>3707.0</ele></trkpt>
<trkpt lat="37.79432" lon="-107.59027"><ele>3729.0</ele></trkpt>
<trkpt lat="37.79458" lon="-107.59103"><ele>3760.0</ele></trkpt>
<trkpt lat="37.79451" lon="-107.59152"><ele>3783.0</ele></trkpt>
<trkpt lat="37.79443" lon="-107.59219"><ele>3803.0</ele></trkpt>
<trkpt lat="37.79422" lon="-107.59273"><ele>3806.0</ele></trkpt>
<trkpt lat="37.79457" lon="-107.59309"><ele>3821.0</ele></trkpt>
<trkpt lat="37.79497" lon="-107.59304"><ele>3838.0</ele></trkpt>
<trkpt lat="37.79541" lon="-107.59300"><ele>3861.0</ele></trkpt>
<trkpt lat="37.79578" lon="-107.59333"><ele>3880.0</ele></trkpt>
<trkpt lat="37.79602" lon="-107.59398"><ele>3896.0</ele></trkpt>
<trkpt lat="37.79642" lon="-107.59426"><ele>3915.0</ele></trkpt>
<trkpt lat="37.79688" lon="-107.59430"><ele>3935.0</ele></trkpt>
<trkpt lat="37.79731" lon="-107.59426"><ele>3935.0</ele></trkpt>
<trkpt lat="37.79782" lon="-107.59461"><ele>3949.0</ele></trkpt>
<trkpt lat="37.79856" lon="-107.59488"><ele>3939.0</ele></trkpt>
<trkpt lat="37.79893" lon="-107.59470"><ele>3930.0</ele></trkpt>
<trkpt lat="37.79956" lon="-107.59434"><ele>3928.0</ele></trkpt>
<trkpt lat="37.80021" lon="-107.59425"><ele>3941.0</ele></trkpt>
<trkpt lat="37.80098" lon="-107.59423"><ele>3936.0</ele></trkpt>
<trkpt lat="37.80150" lon="-107.59431"><ele>3917.0</ele></trkpt>
<trkpt lat="37.80221" lon="-107.59421"><ele>3918.0</ele></trkpt>
<trkpt lat="37.80260" lon="-107.59434"><ele>3899.0</ele></trkpt>
<trkpt lat="37.80325" lon="-107.59457"><ele>3882.0</ele></trkpt>
<trkpt lat="37.80374" lon="-107.59475"><ele>3871.0</ele></trkpt>
<trkpt lat="37.80432" lon="-107.59515"><ele>3838.0</ele></trkpt>
<trkpt lat="37.80476" lon="-107.59555"><ele>3811.0</ele></trkpt>
<trkpt lat="37.80520" lon="-107.59595"><ele>3816.0</ele></trkpt>
<trkpt lat="37.80558" lon="-107.59650"><ele>3791.0</ele></trkpt>
<trkpt lat="37.80586" lon="-107.59708"><ele>3756.0</ele></trkpt>
<trkpt lat="37.80616" lon="-107.59775"><ele>3734.0</ele></trkpt>
<trkpt lat="37.80648" lon="-107.59807"><ele>3733.0</ele></trkpt>
<trkpt lat="37.80683" lon="-107.59855"><ele>3719.0</ele></trkpt>
<trkpt lat="37.80703" lon="-107.59896"><ele>3713.0</ele></trkpt>
<trkpt lat="37.80740" lon="-107.59945"><ele>3705.0</ele></trkpt>
<trkpt lat="37.80768" lon="-107.60000"><ele>3694.0</ele></trkpt>
<trkpt lat="37.80782" lon="-107.60043"><ele>3684.0</ele></trkpt>
<trkpt lat="37.80804" lon="-107.60083"><ele>3675.0</ele></trkpt>
<trkpt lat="37.80831" lon="-107.60133"><ele>3660.0</ele></trkpt>
<trkpt lat="37.80867" lon="-107.60173"><ele>3643.0</ele></trkpt>
<trkpt lat="37.80883" lon="-107.60214"><ele>3637.0</ele></trkpt>
<trkpt lat="37.80911" lon="-107.60258"><ele>3628.0</ele></trkpt>
<trkpt lat="37.80960" lon="-107.60321"><ele>3618.0</ele></trkpt>
<trkpt lat="37.81001" lon="-107.60356"><ele>3606.0</ele></trkpt>
<trkpt lat="37.81050" lon="-107.60361"><ele>3603.0</ele></trkpt>
<trkpt lat="37.81095" lon="-107.60318"><ele>3594.0</ele></trkpt>
<trkpt lat="37.81172" lon="-107.60330"><ele>3568.0</ele></trkpt>
<trkpt lat="37.81215" lon="-107.60348"><ele>3568.0</ele></trkpt>
<trkpt lat="37.81273" lon="-107.60367"><ele>3556.0</ele></trkpt>
<trkpt lat="37.81336" lon="-107.60423"><ele>3539.0</ele></trkpt>
<trkpt lat="37.81365" lon="-107.60470"><ele>3523.0</ele></trkpt>
<trkpt lat="37.81409" lon="-107.60506"><ele>3515.0</ele></trkpt>
<trkpt lat="37.81465" lon="-107.60522"><ele>3510.0</ele></trkpt>
<trkpt lat="37.81420" lon="-107.60531"><ele>3506.0</ele></trkpt>
<trkpt lat="37.81348" lon="-107.60540"><ele>3495.0</ele></trkpt>
<trkpt lat="37.81300" lon="-107.60558"><ele>3489.0</ele></trkpt>
<trkpt lat="37.81339" lon="-107.60567"><ele>3494.0</ele></trkpt>
<trkpt lat="37.81370" lon="-107.60594"><ele>3494.0</ele></trkpt>
<trkpt lat="37.81427" lon="-107.60586"><ele>3491.0</ele></trkpt>
<trkpt lat="37.81480" lon="-107.60616"><ele>3478.0</ele></trkpt>
<trkpt lat="37.81564" lon="-107.60643"><ele>3471.0</ele></trkpt>
<trkpt lat="37.81607" lon="-107.60688"><ele>3460.0</ele></trkpt>
<trkpt lat="37.81646" lon="-107.60733"><ele>3455.0</ele></trkpt>
<trkpt lat="37.81685" lon="-107.60777"><ele>3443.0</ele></trkpt>
<trkpt lat="37.81726" lon="-107.60832"><ele>3434.0</ele></trkpt>
<trkpt lat="37.81766" lon="-107.60886"><ele>3418.0</ele></trkpt>
<trkpt lat="37.81804" lon="-107.60933"><ele>3416.0</ele></trkpt>
<trkpt lat="37.81841" lon="-107.60980"><ele>3406.0</ele></trkpt>
<trkpt lat="37.81890" lon="-107.61064"><ele>3394.0</ele></trkpt>
<trkpt lat="37.81940" lon="-107.61111"><ele>3377.0</ele></trkpt>
<trkpt lat="37.81967" lon="-107.61194"><ele>3359.0</ele></trkpt>
<trkpt lat="37.81995" lon="-107.61240"><ele>3348.0</ele></trkpt>
<trkpt lat="37.82067" lon="-107.61266"><ele>3340.0</ele></trkpt>
<trkpt lat="37.82125" lon="-107.61234"><ele>3330.0</ele></trkpt>
<trkpt lat="37.82149" lon="-107.61274"><ele>3322.0</ele></trkpt>
<trkpt lat="37.82112" lon="-107.61310"><ele>3318.0</ele></trkpt>
<trkpt lat="37.82080" lon="-107.61350"><ele>3315.0</ele></trkpt>
<trkpt lat="37.82035" lon="-107.61397"><ele>3305.0</ele></trkpt>
<trkpt lat="37.82008" lon="-107.61445"><ele>3286.0</ele></trkpt>
<trkpt lat="37.82042" lon="-107.61464"><ele>3283.0</ele></trkpt>
<trkpt lat="37.82144" lon="-107.61427"><ele>3268.0</ele></trkpt>
<trkpt lat="37.82192" lon="-107.61431"><ele>3255.0</ele></trkpt>
<trkpt lat="37.82271" lon="-107.61427"><ele>3238.0</ele></trkpt>
<trkpt lat="37.82327" lon="-107.61422"><ele>3225.0</ele></trkpt>
<trkpt lat="37.82367" lon="-107.61403"><ele>3216.0</ele></trkpt>
<trkpt lat="37.82288" lon="-107.61489"><ele>3216.0</ele></trkpt>
<trkpt lat="37.82225" lon="-107.61538"><ele>3209.0</ele></trkpt>
<trkpt lat="37.82172" lon="-107.61592"><ele>3205.0</ele></trkpt>
<trkpt lat="37.82179" lon="-107.61700"><ele>3173.0</ele></trkpt>
<trkpt lat="37.82099" lon="-107.61749"><ele>3164.0</ele></trkpt>
<trkpt lat="37.82038" lon="-107.61742"><ele>3152.0</ele></trkpt>
<trkpt lat="37.81977" lon="-107.61735"><ele>3147.0</ele></trkpt>
<trkpt lat="37.81925" lon="-107.61727"><ele>3129.0</ele></trkpt>
<trkpt lat="37.81872" lon="-107.61719"><ele>3119.0</ele></trkpt>
<trkpt lat="37.81826" lon="-107.61702"><ele>3115.0</ele></trkpt>
<trkpt lat="37.81780" lon="-107.61686"><ele>3119.0</ele></trkpt>
<trkpt lat="37.81739" lon="-107.61707"><ele>3102.0</ele></trkpt>
<trkpt lat="37.81787" lon="-107.61731"><ele>3100.0</ele></trkpt>
<trkpt lat="37.81867" lon="-107.61804"><ele>3087.0</ele></trkpt>
<trkpt lat="37.81921" lon="-107.61849"><ele>3065.0</ele></trkpt>
<trkpt lat="37.81998" lon="-107.61902"><ele>3054.0</ele></trkpt>
<trkpt lat="37.82020" lon="-107.61946"><ele>3051.0</ele></trkpt>
<trkpt lat="37.82014" lon="-107.62018"><ele>3038.0</ele></trkpt>
<trkpt lat="37.82032" lon="-107.62073"><ele>3028.0</ele></trkpt>
<trkpt lat="37.82055" lon="-107.62125"><ele>3027.0</ele></trkpt>
<trkpt lat="37.82057" lon="-107.62207"><ele>3015.0</ele></trkpt>
<trkpt lat="37.82003" lon="-107.62174"><ele>3013.0</ele></trkpt>
<trkpt lat="37.81955" lon="-107.62180"><ele>3009.0</ele></trkpt>
<trkpt lat="37.81914" lon="-107.62201"><ele>3009.0</ele></trkpt>
<trkpt lat="37.81978" lon="-107.62286"><ele>3014.0</ele></trkpt>
<trkpt lat="37.82025" lon="-107.62300"><ele>3008.0</ele></trkpt>
<trkpt lat="37.82067" lon="-107.62328"><ele>3008.0</ele></trkpt>
<trkpt lat="37.82117" lon="-107.62344"><ele>2998.0</ele></trkpt>
<trkpt lat="37.82179" lon="-107.62362"><ele>2994.0</ele></trkpt>
<trkpt lat="37.82266" lon="-107.62371"><ele>2992.0</ele></trkpt>
<trkpt lat="37.82314" lon="-107.62355"><ele>2985.0</ele></trkpt>
<trkpt lat="37.82361" lon="-107.62340"><ele>2980.0</ele></trkpt>
<trkpt lat="37.82402" lon="-107.62358"><ele>2978.0</ele></trkpt>
<trkpt lat="37.82409" lon="-107.62416"><ele>2978.0</ele></trkpt>
<trkpt lat="37.82442" lon="-107.62465"><ele>2964.0</ele></trkpt>
<trkpt lat="37.82491" lon="-107.62514"><ele>2953.0</ele></trkpt>
<trkpt lat="37.82506" lon="-107.62582"><ele>2947.0</ele></trkpt>
<trkpt lat="37.82521" lon="-107.62628"><ele>2940.0</ele></trkpt>
<trkpt lat="37.82462" lon="-107.62734"><ele>2947.0</ele></trkpt>
<trkpt lat="37.82468" lon="-107.62837"><ele>2938.0</ele></trkpt>
<trkpt lat="37.82457" lon="-107.62899"><ele>2936.0</ele></trkpt>
<trkpt lat="37.82446" lon="-107.62967"><ele>2934.0</ele></trkpt>
<trkpt lat="37.82435" lon="-107.63026"><ele>2931.0</ele></trkpt>
<trkpt lat="37.82425" lon="-107.63070"><ele>2927.0</ele></trkpt>
<trkpt lat="37.82422" lon="-107.63123"><ele>2924.0</ele></trkpt>
<trkpt lat="37.82383" lon="-107.63204"><ele>2917.0</ele></trkpt>
<trkpt lat="37.82346" lon="-107.63245"><ele>2912.0</ele></trkpt>
<trkpt lat="37.82308" lon="-107.63285"><ele>2908.0</ele></trkpt>
<trkpt lat="37.82281" lon="-107.63324"><ele>2908.0</ele></trkpt>
<trkpt lat="37.82250" lon="-107.63419"><ele>2909.0</ele></trkpt>
<trkpt lat="37.82247" lon="-107.63486"><ele>2902.0</ele></trkpt>
<trkpt lat="37.82238" lon="-107.63532"><ele>2905.0</ele></trkpt>
<trkpt lat="37.82209" lon="-107.63585"><ele>2904.0</ele></trkpt>
<trkpt lat="37.82188" lon="-107.63622"><ele>2907.0</ele></trkpt>
<trkpt lat="37.82163" lon="-107.63670"><ele>2909.0</ele></trkpt>
<trkpt lat="37.82149" lon="-107.63714"><ele>2910.0</ele></trkpt>
<trkpt lat="37.82101" lon="-107.63768"><ele>2917.0</ele></trkpt>
<trkpt lat="37.82069" lon="-107.63840"><ele>2904.0</ele></trkpt>
<trkpt lat="37.82065" lon="-107.63908"><ele>2897.0</ele></trkpt>
<trkpt lat="37.82033" lon="-107.63944"><ele>2904.0</ele></trkpt>
<trkpt lat="37.82024" lon="-107.63993"><ele>2903.0</ele></trkpt>
<trkpt lat="37.81976" lon="-107.64056"><ele>2899.0</ele></trkpt>
<trkpt lat="37.81922" lon="-107.64186"><ele>2898.0</ele></trkpt>
<trkpt lat="37.81873" lon="-107.64273"><ele>2899.0</ele></trkpt>
<trkpt lat="37.81844" lon="-107.64323"><ele>2896.0</ele></trkpt>
<trkpt lat="37.81796" lon="-107.64363"><ele>2901.0</ele></trkpt>
<trkpt lat="37.81740" lon="-107.64449"><ele>2909.0</ele></trkpt>
<trkpt lat="37.81701" lon="-107.64507"><ele>2916.0</ele></trkpt>
<trkpt lat="37.81672" lon="-107.64593"><ele>2913.0</ele></trkpt>
<trkpt lat="37.81642" lon="-107.64678"><ele>2912.0</ele></trkpt>
<trkpt lat="37.81592" lon="-107.64731"><ele>2921.0</ele></trkpt>
<trkpt lat="37.81554" lon="-107.64775"><ele>2925.0</ele></trkpt>
<trkpt lat="37.81525" lon="-107.64813"><ele>2922.0</ele></trkpt>
<trkpt lat="37.81480" lon="-107.64897"><ele>2913.0</ele></trkpt>
<trkpt lat="37.81446" lon="-107.64979"><ele>2903.0</ele></trkpt>
<trkpt lat="37.81411" lon="-107.65062"><ele>2893.0</ele></trkpt>
<trkpt lat="37.81399" lon="-107.65129"><ele>2883.0</ele></trkpt>
<trkpt lat="37.81342" lon="-107.65223"><ele>2887.0</ele></trkpt>
<trkpt lat="37.81301" lon="-107.65281"><ele>2887.0</ele></trkpt>
<trkpt lat="37.81268" lon="-107.65375"><ele>2869.0</ele></trkpt>
<trkpt lat="37.81245" lon="-107.65480"><ele>2856.0</ele></trkpt>
<trkpt lat="37.81224" lon="-107.65535"><ele>2848.0</ele></trkpt>
<trkpt lat="37.81204" lon="-107.65590"><ele>2848.0</ele></trkpt>
<trkpt lat="37.81169" lon="-107.65677"><ele>2841.0</ele></trkpt>
<trkpt lat="37.81149" lon="-107.65726"><ele>2839.0</ele></trkpt>
<trkpt lat="37.81128" lon="-107.65821"><ele>2833.0</ele></trkpt>
<trkpt lat="37.81111" lon="-107.65887"><ele>2831.0</ele></trkpt>
<trkpt lat="37.81159" lon="-107.65984"><ele>2840.0</ele></trkpt>
<trkpt lat="37.81196" lon="-107.66046"><ele>2839.0</ele></trkpt>
<trkpt lat="37.81232" lon="-107.66108"><ele>2841.0</ele></trkpt>
<trkpt lat="37.81282" lon="-107.66196"><ele>2844.0</ele></trkpt>
<trkpt lat="37.81332" lon="-107.66284"><ele>2845.0</ele></trkpt>
<trkpt lat="37.81382" lon="-107.66372"><ele>2843.0</ele></trkpt>
<trkpt lat="37.81433" lon="-107.66459"><ele>2846.0</ele></trkpt>
<trkpt lat="37.81349" lon="-107.66535"><ele>2842.0</ele></trkpt>
<trkpt lat="37.81266" lon="-107.66607"><ele>2838.0</ele></trkpt>
<trkpt lat="37.81221" lon="-107.66538"><ele>2841.0</ele></trkpt>
</trkseg></trk></gpx>
