<?xml version="1.0" encoding="UTF-8"?>
<gpx version="1.1" creator="race-kilian course pack" xmlns="http://www.topografix.com/GPX/1/1"><trk><name>UTMB</name><trkseg>
<trkpt lat="45.92359" lon="6.86918"><ele>1035.0</ele></trkpt>
<trkpt lat="45.92345" lon="6.86963"><ele>1035.0</ele></trkpt>
<trkpt lat="45.92320" lon="6.86969"><ele>1035.0</ele></trkpt>
<trkpt lat="45.92297" lon="6.86944"><ele>1034.0</ele></trkpt>
<trkpt lat="45.92272" lon="6.86908"><ele>1034.0</ele></trkpt>
<trkpt lat="45.92247" lon="6.86876"><ele>1035.0</ele></trkpt>
<trkpt lat="45.92215" lon="6.86839"><ele>1035.0</ele></trkpt>
<trkpt lat="45.92183" lon="6.86805"><ele>1035.1</ele></trkpt>
<trkpt lat="45.92149" lon="6.86773"><ele>1035.4</ele></trkpt>
<trkpt lat="45.92114" lon="6.86741"><ele>1035.6</ele></trkpt>
<trkpt lat="45.92080" lon="6.86709"><ele>1035.8</ele></trkpt>
<trkpt lat="45.92049" lon="6.86679"><ele>1035.8</ele></trkpt>
<trkpt lat="45.92021" lon="6.86651"><ele>1035.3</ele></trkpt>
<trkpt lat="45.91994" lon="6.86622"><ele>1035.0</ele></trkpt>
<trkpt lat="45.91973" lon="6.86601"><ele>1035.0</ele></trkpt>
<trkpt lat="45.91952" lon="6.86580"><ele>1035.0</ele></trkpt>
<trkpt lat="45.91931" lon="6.86554"><ele>1035.0</ele></trkpt>
<trkpt lat="45.91908" lon="6.86528"><ele>1035.0</ele></trkpt>
<trkpt lat="45.91892" lon="6.86499"><ele>1034.0</ele></trkpt>
<trkpt lat="45.91876" lon="6.86474"><ele>1034.0</ele></trkpt>
<trkpt lat="45.91859" lon="6.86450"><ele>1033.0</ele></trkpt>
<trkpt lat="45.91844" lon="6.86423"><ele>1032.0</ele></trkpt>
<trkpt lat="45.91817" lon="6.86380"><ele>1032.0</ele></trkpt>
<trkpt lat="45.91803" lon="6.86346"><ele>1032.0</ele></trkpt>
<trkpt lat="45.91791" lon="6.86311"><ele>1030.0</ele></trkpt>
<trkpt lat="45.91779" lon="6.86275"><ele>1030.0</ele></trkpt>
<trkpt lat="45.91765" lon="6.86228"><ele>1030.0</ele></trkpt>
<trkpt lat="45.91747" lon="6.86176"><ele>1030.5</ele></trkpt>
<trkpt lat="45.91729" lon="6.86123"><ele>1030.5</ele></trkpt>
<trkpt lat="45.91719" lon="6.86084"><ele>1030.5</ele></trkpt>
<trkpt lat="45.91708" lon="6.86046"><ele>1030.0</ele></trkpt>
<trkpt lat="45.91696" lon="6.85990"><ele>1029.5</ele></trkpt>
<trkpt lat="45.91683" lon="6.85935"><ele>1029.0</ele></trkpt>
<trkpt lat="45.91669" lon="6.85881"><ele>1028.5</ele></trkpt>
<trkpt lat="45.91656" lon="6.85828"><ele>1028.0</ele></trkpt>
<trkpt lat="45.91647" lon="6.85789"><ele>1027.5</ele></trkpt>
<trkpt lat="45.91639" lon="6.85750"><ele>1027.0</ele></trkpt>
<trkpt lat="45.91629" lon="6.85688"><ele>1027.0</ele></trkpt>
<trkpt lat="45.91621" lon="6.85647"><ele>1026.5</ele></trkpt>
<trkpt lat="45.91614" lon="6.85606"><ele>1026.0</ele></trkpt>
<trkpt lat="45.91613" lon="6.85569"><ele>1025.5</ele></trkpt>
<trkpt lat="45.91612" lon="6.85532"><ele>1025.0</ele></trkpt>
<trkpt lat="45.91617" lon="6.85472"><ele>1024.0</ele></trkpt>
<trkpt lat="45.91622" lon="6.85411"><ele>1023.0</ele></trkpt>
<trkpt lat="45.91617" lon="6.85355"><ele>1022.8</ele></trkpt>
<trkpt lat="45.91611" lon="6.85300"><ele>1022.3</ele></trkpt>
<trkpt lat="45.91608" lon="6.85246"><ele>1021.5</ele></trkpt>
<trkpt lat="45.91609" lon="6.85192"><ele>1020.5</ele></trkpt>
<trkpt lat="45.91610" lon="6.85137"><ele>1019.0</ele></trkpt>
<trkpt lat="45.91604" lon="6.85091"><ele>1018.8</ele></trkpt>
<trkpt lat="45.91597" lon="6.85046"><ele>1018.3</ele></trkpt>
<trkpt lat="45.91586" lon="6.84994"><ele>1017.5</ele></trkpt>
<trkpt lat="45.91568" lon="6.84936"><ele>1017.0</ele></trkpt>
<trkpt lat="45.91549" lon="6.84908"><ele>1017.0</ele></trkpt>
<trkpt lat="45.91539" lon="6.84879"><ele>1017.0</ele></trkpt>
<trkpt lat="45.91522" lon="6.84851"><ele>1018.0</ele></trkpt>
<trkpt lat="45.91515" lon="6.84819"><ele>1018.0</ele></trkpt>
<trkpt lat="45.91501" lon="6.84788"><ele>1018.0</ele></trkpt>
<trkpt lat="45.91489" lon="6.84739"><ele>1017.0</ele></trkpt>
<trkpt lat="45.91482" lon="6.84696"><ele>1017.0</ele></trkpt>
<trkpt lat="45.91468" lon="6.84668"><ele>1018.0</ele></trkpt>
<trkpt lat="45.91437" lon="6.84645"><ele>1018.3</ele></trkpt>
<trkpt lat="45.91404" lon="6.84621"><ele>1018.8</ele></trkpt>
<trkpt lat="45.91374" lon="6.84600"><ele>1019.0</ele></trkpt>
<trkpt lat="45.91347" lon="6.84580"><ele>1019.0</ele></trkpt>
<trkpt lat="45.91319" lon="6.84570"><ele>1019.0</ele></trkpt>
<trkpt lat="45.91290" lon="6.84567"><ele>1018.5</ele></trkpt>
<trkpt lat="45.91263" lon="6.84563"><ele>1017.5</ele></trkpt>
<trkpt lat="45.91233" lon="6.84551"><ele>1017.0</ele></trkpt>
<trkpt lat="45.91195" lon="6.84539"><ele>1017.0</ele></trkpt>
<trkpt lat="45.91168" lon="6.84520"><ele>1017.0</ele></trkpt>
<trkpt lat="45.91147" lon="6.84490"><ele>1018.0</ele></trkpt>
<trkpt lat="45.91121" lon="6.84457"><ele>1020.0</ele></trkpt>
<trkpt lat="45.91104" lon="6.84433"><ele>1021.0</ele></trkpt>
<trkpt lat="45.91075" lon="6.84407"><ele>1021.0</ele></trkpt>
<trkpt lat="45.91051" lon="6.84364"><ele>1022.0</ele></trkpt>
<trkpt lat="45.91027" lon="6.84328"><ele>1022.0</ele></trkpt>
<trkpt lat="45.91007" lon="6.84294"><ele>1022.0</ele></trkpt>
<trkpt lat="45.90986" lon="6.84264"><ele>1021.0</ele></trkpt>
<trkpt lat="45.90962" lon="6.84221"><ele>1020.0</ele></trkpt>
<trkpt lat="45.90936" lon="6.84173"><ele>1020.0</ele></trkpt>
<trkpt lat="45.90917" lon="6.84129"><ele>1021.0</ele></trkpt>
<trkpt lat="45.90910" lon="6.84096"><ele>1022.0</ele></trkpt>
<trkpt lat="45.90902" lon="6.84057"><ele>1022.0</ele></trkpt>
<trkpt lat="45.90887" lon="6.84025"><ele>1022.0</ele></trkpt>
<trkpt lat="45.90880" lon="6.83980"><ele>1020.0</ele></trkpt>
<trkpt lat="45.90864" lon="6.83928"><ele>1019.5</ele></trkpt>
<trkpt lat="45.90847" lon="6.83883"><ele>1018.5</ele></trkpt>
<trkpt lat="45.90827" lon="6.83840"><ele>1017.0</ele></trkpt>
<trkpt lat="45.90798" lon="6.83810"><ele>1011.5</ele></trkpt>
<trkpt lat="45.90780" lon="6.83771"><ele>1009.5</ele></trkpt>
<trkpt lat="45.90767" lon="6.83716"><ele>1009.5</ele></trkpt>
<trkpt lat="45.90776" lon="6.83666"><ele>1010.5</ele></trkpt>
<trkpt lat="45.90775" lon="6.83613"><ele>1012.0</ele></trkpt>
<trkpt lat="45.90753" lon="6.83583"><ele>1012.0</ele></trkpt>
<trkpt lat="45.90720" lon="6.83553"><ele>1006.0</ele></trkpt>
<trkpt lat="45.90704" lon="6.83520"><ele>1006.0</ele></trkpt>
<trkpt lat="45.90675" lon="6.83489"><ele>1006.0</ele></trkpt>
<trkpt lat="45.90662" lon="6.83457"><ele>1007.0</ele></trkpt>
<trkpt lat="45.90653" lon="6.83408"><ele>1010.0</ele></trkpt>
<trkpt lat="45.90651" lon="6.83368"><ele>1017.0</ele></trkpt>
<trkpt lat="45.90620" lon="6.83341"><ele>1018.0</ele></trkpt>
<trkpt lat="45.90592" lon="6.83305"><ele>1017.0</ele></trkpt>
<trkpt lat="45.90556" lon="6.83289"><ele>1009.0</ele></trkpt>
<trkpt lat="45.90529" lon="6.83292"><ele>1001.0</ele></trkpt>
<trkpt lat="45.90503" lon="6.83327"><ele>1000.5</ele></trkpt>
<trkpt lat="45.90480" lon="6.83351"><ele>1000.5</ele></trkpt>
<trkpt lat="45.90449" lon="6.83384"><ele>1001.5</ele></trkpt>
<trkpt lat="45.90417" lon="6.83416"><ele>1003.0</ele></trkpt>
<trkpt lat="45.90408" lon="6.83457"><ele>1004.0</ele></trkpt>
<trkpt lat="45.90387" lon="6.83483"><ele>1005.0</ele></trkpt>
<trkpt lat="45.90352" lon="6.83518"><ele>1008.0</ele></trkpt>
<trkpt lat="45.90331" lon="6.83550"><ele>1010.0</ele></trkpt>
<trkpt lat="45.90311" lon="6.83575"><ele>1012.0</ele></trkpt>
<trkpt lat="45.90295" lon="6.83599"><ele>1014.0</ele></trkpt>
<trkpt lat="45.90267" lon="6.83626"><ele>1016.0</ele></trkpt>
<trkpt lat="45.90247" lon="6.83646"><ele>1017.0</ele></trkpt>
<trkpt lat="45.90245" lon="6.83609"><ele>1017.0</ele></trkpt>
<trkpt lat="45.90244" lon="6.83552"><ele>1015.0</ele></trkpt>
<trkpt lat="45.90238" lon="6.83519"><ele>1014.5</ele></trkpt>
<trkpt lat="45.90233" lon="6.83486"><ele>1014.0</ele></trkpt>
<trkpt lat="45.90216" lon="6.83430"><ele>1014.0</ele></trkpt>
<trkpt lat="45.90196" lon="6.83390"><ele>1014.0</ele></trkpt>
<trkpt lat="45.90180" lon="6.83360"><ele>1014.4</ele></trkpt>
<trkpt lat="45.90165" lon="6.83329"><ele>1014.8</ele></trkpt>
<trkpt lat="45.90149" lon="6.83299"><ele>1015.1</ele></trkpt>
<trkpt lat="45.90133" lon="6.83268"><ele>1015.5</ele></trkpt>
<trkpt lat="45.90117" lon="6.83238"><ele>1015.9</ele></trkpt>
<trkpt lat="45.90102" lon="6.83208"><ele>1016.3</ele></trkpt>
<trkpt lat="45.90086" lon="6.83177"><ele>1016.6</ele></trkpt>
<trkpt lat="45.90070" lon="6.83147"><ele>1017.0</ele></trkpt>
<trkpt lat="45.90038" lon="6.83112"><ele>1019.0</ele></trkpt>
<trkpt lat="45.90006" lon="6.83084"><ele>1021.0</ele></trkpt>
<trkpt lat="45.89974" lon="6.83056"><ele>1023.0</ele></trkpt>
<trkpt lat="45.89950" lon="6.83037"><ele>1023.5</ele></trkpt>
<trkpt lat="45.89925" lon="6.83017"><ele>1024.0</ele></trkpt>
<trkpt lat="45.89901" lon="6.82995"><ele>1024.5</ele></trkpt>
<trkpt lat="45.89876" lon="6.82972"><ele>1025.0</ele></trkpt>
<trkpt lat="45.89845" lon="6.82950"><ele>1026.0</ele></trkpt>
<trkpt lat="45.89805" lon="6.82960"><ele>1030.0</ele></trkpt>
<trkpt lat="45.89781" lon="6.82929"><ele>1030.0</ele></trkpt>
<trkpt lat="45.89755" lon="6.82904"><ele>1031.0</ele></trkpt>
<trkpt lat="45.89730" lon="6.82896"><ele>1032.0</ele></trkpt>
<trkpt lat="45.89720" lon="6.82859"><ele>1031.0</ele></trkpt>
<trkpt lat="45.89701" lon="6.82819"><ele>1031.0</ele></trkpt>
<trkpt lat="45.89681" lon="6.82776"><ele>1030.0</ele></trkpt>
<trkpt lat="45.89655" lon="6.82733"><ele>1028.5</ele></trkpt>
<trkpt lat="45.89630" lon="6.82691"><ele>1027.0</ele></trkpt>
<trkpt lat="45.89614" lon="6.82659"><ele>1027.0</ele></trkpt>
<trkpt lat="45.89600" lon="6.82620"><ele>1026.0</ele></trkpt>
<trkpt lat="45.89586" lon="6.82563"><ele>1024.0</ele></trkpt>
<trkpt lat="45.89580" lon="6.82517"><ele>1022.0</ele></trkpt>
<trkpt lat="45.89574" lon="6.82470"><ele>1020.0</ele></trkpt>
<trkpt lat="45.89577" lon="6.82420"><ele>1019.5</ele></trkpt>
<trkpt lat="45.89578" lon="6.82363"><ele>1019.0</ele></trkpt>
<trkpt lat="45.89579" lon="6.82307"><ele>1019.0</ele></trkpt>
<trkpt lat="45.89574" lon="6.82254"><ele>1019.5</ele></trkpt>
<trkpt lat="45.89564" lon="6.82212"><ele>1020.0</ele></trkpt>
<trkpt lat="45.89554" lon="6.82158"><ele>1020.0</ele></trkpt>
<trkpt lat="45.89520" lon="6.82160"><ele>1023.0</ele></trkpt>
<trkpt lat="45.89492" lon="6.82170"><ele>1026.5</ele></trkpt>
<trkpt lat="45.89464" lon="6.82180"><ele>1030.0</ele></trkpt>
<trkpt lat="45.89440" lon="6.82197"><ele>1033.0</ele></trkpt>
<trkpt lat="45.89415" lon="6.82214"><ele>1036.0</ele></trkpt>
<trkpt lat="45.89390" lon="6.82225"><ele>1040.0</ele></trkpt>
<trkpt lat="45.89358" lon="6.82233"><ele>1044.0</ele></trkpt>
<trkpt lat="45.89328" lon="6.82220"><ele>1049.5</ele></trkpt>
<trkpt lat="45.89301" lon="6.82203"><ele>1054.5</ele></trkpt>
<trkpt lat="45.89283" lon="6.82169"><ele>1057.5</ele></trkpt>
<trkpt lat="45.89263" lon="6.82117"><ele>1061.0</ele></trkpt>
<trkpt lat="45.89247" lon="6.82091"><ele>1064.0</ele></trkpt>
<trkpt lat="45.89230" lon="6.82063"><ele>1067.0</ele></trkpt>
<trkpt lat="45.89201" lon="6.82055"><ele>1073.0</ele></trkpt>
<trkpt lat="45.89178" lon="6.82046"><ele>1077.0</ele></trkpt>
<trkpt lat="45.89155" lon="6.82019"><ele>1081.0</ele></trkpt>
<trkpt lat="45.89122" lon="6.82029"><ele>1087.0</ele></trkpt>
<trkpt lat="45.89090" lon="6.82032"><ele>1092.0</ele></trkpt>
<trkpt lat="45.89066" lon="6.82015"><ele>1098.0</ele></trkpt>
<trkpt lat="45.89040" lon="6.82001"><ele>1103.0</ele></trkpt>
<trkpt lat="45.89017" lon="6.81982"><ele>1107.0</ele></trkpt>
<trkpt lat="45.89009" lon="6.81940"><ele>1109.0</ele></trkpt>
<trkpt lat="45.89002" lon="6.81902"><ele>1111.0</ele></trkpt>
<trkpt lat="45.88974" lon="6.81912"><ele>1116.0</ele></trkpt>
<trkpt lat="45.88951" lon="6.81879"><ele>1121.0</ele></trkpt>
<trkpt lat="45.88929" lon="6.81832"><ele>1121.5</ele></trkpt>
<trkpt lat="45.88909" lon="6.81801"><ele>1121.5</ele></trkpt>
<trkpt lat="45.88896" lon="6.81752"><ele>1119.0</ele></trkpt>
<trkpt lat="45.88879" lon="6.81717"><ele>1119.0</ele></trkpt>
<trkpt lat="45.88860" lon="6.81687"><ele>1119.0</ele></trkpt>
<trkpt lat="45.88833" lon="6.81660"><ele>1120.0</ele></trkpt>
<trkpt lat="45.88804" lon="6.81647"><ele>1124.0</ele></trkpt>
<trkpt lat="45.88766" lon="6.81618"><ele>1127.0</ele></trkpt>
<trkpt lat="45.88754" lon="6.81586"><ele>1127.0</ele></trkpt>
<trkpt lat="45.88762" lon="6.81540"><ele>1126.0</ele></trkpt>
<trkpt lat="45.88766" lon="6.81486"><ele>1125.0</ele></trkpt>
<trkpt lat="45.88761" lon="6.81437"><ele>1125.0</ele></trkpt>
<trkpt lat="45.88759" lon="6.81399"><ele>1125.0</ele></trkpt>
<trkpt lat="45.88735" lon="6.81368"><ele>1131.0</ele></trkpt>
<trkpt lat="45.88715" lon="6.81337"><ele>1136.0</ele></trkpt>
<trkpt lat="45.88693" lon="6.81317"><ele>1143.0</ele></trkpt>
<trkpt lat="45.88658" lon="6.81290"><ele>1156.0</ele></trkpt>
<trkpt lat="45.88629" lon="6.81258"><ele>1164.0</ele></trkpt>
<trkpt lat="45.88602" lon="6.81245"><ele>1176.0</ele></trkpt>
<trkpt lat="45.88582" lon="6.81215"><ele>1176.0</ele></trkpt>
<trkpt lat="45.88569" lon="6.81185"><ele>1179.0</ele></trkpt>
<trkpt lat="45.88549" lon="6.81170"><ele>1185.0</ele></trkpt>
<trkpt lat="45.88534" lon="6.81133"><ele>1189.0</ele></trkpt>
<trkpt lat="45.88518" lon="6.81110"><ele>1189.0</ele></trkpt>
<trkpt lat="45.88500" lon="6.81062"><ele>1188.0</ele></trkpt>
<trkpt lat="45.88494" lon="6.81008"><ele>1187.0</ele></trkpt>
<trkpt lat="45.88493" lon="6.80955"><ele>1185.5</ele></trkpt>
<trkpt lat="45.88493" lon="6.80921"><ele>1184.0</ele></trkpt>
<trkpt lat="45.88529" lon="6.80918"><ele>1176.0</ele></trkpt>
<trkpt lat="45.88553" lon="6.80914"><ele>1171.0</ele></trkpt>
<trkpt lat="45.88576" lon="6.80910"><ele>1166.0</ele></trkpt>
<trkpt lat="45.88614" lon="6.80895"><ele>1160.0</ele></trkpt>
<trkpt lat="45.88646" lon="6.80868"><ele>1153.0</ele></trkpt>
<trkpt lat="45.88678" lon="6.80840"><ele>1146.0</ele></trkpt>
<trkpt lat="45.88699" lon="6.80813"><ele>1140.5</ele></trkpt>
<trkpt lat="45.88721" lon="6.80785"><ele>1135.0</ele></trkpt>
<trkpt lat="45.88743" lon="6.80748"><ele>1128.0</ele></trkpt>
<trkpt lat="45.88760" lon="6.80714"><ele>1124.0</ele></trkpt>
<trkpt lat="45.88779" lon="6.80676"><ele>1118.8</ele></trkpt>
<trkpt lat="45.88802" lon="6.80634"><ele>1112.3</ele></trkpt>
<trkpt lat="45.88829" lon="6.80588"><ele>1104.3</ele></trkpt>
<trkpt lat="45.88845" lon="6.80564"><ele>1099.5</ele></trkpt>
<trkpt lat="45.88862" lon="6.80540"><ele>1094.8</ele></trkpt>
<trkpt lat="45.88878" lon="6.80515"><ele>1090.0</ele></trkpt>
<trkpt lat="45.88897" lon="6.80479"><ele>1083.5</ele></trkpt>
<trkpt lat="45.88916" lon="6.80443"><ele>1077.0</ele></trkpt>
<trkpt lat="45.88939" lon="6.80402"><ele>1071.5</ele></trkpt>
<trkpt lat="45.88958" lon="6.80362"><ele>1064.5</ele></trkpt>
<trkpt lat="45.88972" lon="6.80332"><ele>1060.0</ele></trkpt>
<trkpt lat="45.88993" lon="6.80312"><ele>1056.0</ele></trkpt>
<trkpt lat="45.89023" lon="6.80294"><ele>1052.0</ele></trkpt>
<trkpt lat="45.89044" lon="6.80269"><ele>1047.0</ele></trkpt>
<trkpt lat="45.89066" lon="6.80244"><ele>1042.0</ele></trkpt>
<trkpt lat="45.89085" lon="6.80205"><ele>1037.0</ele></trkpt>
<trkpt lat="45.89103" lon="6.80171"><ele>1033.0</ele></trkpt>
<trkpt lat="45.89114" lon="6.80126"><ele>1027.0</ele></trkpt>
<trkpt lat="45.89131" lon="6.80080"><ele>1020.0</ele></trkpt>
<trkpt lat="45.89151" lon="6.80024"><ele>1014.0</ele></trkpt>
<trkpt lat="45.89171" lon="6.79992"><ele>1007.0</ele></trkpt>
<trkpt lat="45.89200" lon="6.79967"><ele>1005.5</ele></trkpt>
<trkpt lat="45.89196" lon="6.79926"><ele>1005.0</ele></trkpt>
<trkpt lat="45.89170" lon="6.79904"><ele>1005.0</ele></trkpt>
<trkpt lat="45.89147" lon="6.79896"><ele>1006.0</ele></trkpt>
<trkpt lat="45.89124" lon="6.79889"><ele>1007.0</ele></trkpt>
<trkpt lat="45.89100" lon="6.79881"><ele>1008.0</ele></trkpt>
<trkpt lat="45.89077" lon="6.79873"><ele>1009.0</ele></trkpt>
<trkpt lat="45.89055" lon="6.79861"><ele>1009.0</ele></trkpt>
<trkpt lat="45.89018" lon="6.79830"><ele>1009.0</ele></trkpt>
<trkpt lat="45.88999" lon="6.79813"><ele>1009.0</ele></trkpt>
<trkpt lat="45.88975" lon="6.79778"><ele>1008.0</ele></trkpt>
<trkpt lat="45.88950" lon="6.79738"><ele>1008.0</ele></trkpt>
<trkpt lat="45.88941" lon="6.79703"><ele>1008.0</ele></trkpt>
<trkpt lat="45.88936" lon="6.79659"><ele>1008.5</ele></trkpt>
<trkpt lat="45.88933" lon="6.79619"><ele>1009.5</ele></trkpt>
<trkpt lat="45.88929" lon="6.79578"><ele>1010.5</ele></trkpt>
<trkpt lat="45.88926" lon="6.79538"><ele>1011.5</ele></trkpt>
<trkpt lat="45.88927" lon="6.79492"><ele>1012.0</ele></trkpt>
<trkpt lat="45.88933" lon="6.79440"><ele>1012.0</ele></trkpt>
<trkpt lat="45.88935" lon="6.79390"><ele>1011.0</ele></trkpt>
<trkpt lat="45.88931" lon="6.79332"><ele>1008.5</ele></trkpt>
<trkpt lat="45.88929" lon="6.79298"><ele>1007.0</ele></trkpt>
<trkpt lat="45.88926" lon="6.79264"><ele>1005.5</ele></trkpt>
<trkpt lat="45.88923" lon="6.79230"><ele>1004.0</ele></trkpt>
<trkpt lat="45.88925" lon="6.79171"><ele>1003.5</ele></trkpt>
<trkpt lat="45.88930" lon="6.79108"><ele>1003.0</ele></trkpt>
<trkpt lat="45.88933" lon="6.79075"><ele>1003.0</ele></trkpt>
<trkpt lat="45.88940" lon="6.79043"><ele>1000.0</ele></trkpt>
<trkpt lat="45.88949" lon="6.79011"><ele>998.8</ele></trkpt>
<trkpt lat="45.88958" lon="6.78979"><ele>997.5</ele></trkpt>
<trkpt lat="45.88967" lon="6.78948"><ele>996.3</ele></trkpt>
<trkpt lat="45.88976" lon="6.78916"><ele>996.0</ele></trkpt>
<trkpt lat="45.88956" lon="6.78900"><ele>996.0</ele></trkpt>
<trkpt lat="45.88933" lon="6.78891"><ele>996.0</ele></trkpt>
<trkpt lat="45.88958" lon="6.78859"><ele>998.0</ele></trkpt>
<trkpt lat="45.88967" lon="6.78806"><ele>1001.0</ele></trkpt>
<trkpt lat="45.88968" lon="6.78768"><ele>1005.0</ele></trkpt>
<trkpt lat="45.88961" lon="6.78728"><ele>1009.0</ele></trkpt>
<trkpt lat="45.88939" lon="6.78716"><ele>1014.0</ele></trkpt>
<trkpt lat="45.88911" lon="6.78700"><ele>1025.0</ele></trkpt>
<trkpt lat="45.88887" lon="6.78682"><ele>1034.0</ele></trkpt>
<trkpt lat="45.88873" lon="6.78656"><ele>1039.0</ele></trkpt>
<trkpt lat="45.88852" lon="6.78628"><ele>1045.0</ele></trkpt>
<trkpt lat="45.88831" lon="6.78612"><ele>1051.0</ele></trkpt>
<trkpt lat="45.88814" lon="6.78583"><ele>1064.0</ele></trkpt>
<trkpt lat="45.88837" lon="6.78562"><ele>1067.0</ele></trkpt>
<trkpt lat="45.88865" lon="6.78567"><ele>1063.0</ele></trkpt>
<trkpt lat="45.88888" lon="6.78560"><ele>1062.0</ele></trkpt>
<trkpt lat="45.88890" lon="6.78527"><ele>1068.0</ele></trkpt>
<trkpt lat="45.88864" lon="6.78533"><ele>1074.0</ele></trkpt>
<trkpt lat="45.88870" lon="6.78487"><ele>1088.0</ele></trkpt>
<trkpt lat="45.88889" lon="6.78467"><ele>1088.0</ele></trkpt>
<trkpt lat="45.88915" lon="6.78426"><ele>1098.0</ele></trkpt>
<trkpt lat="45.88893" lon="6.78442"><ele>1102.0</ele></trkpt>
<trkpt lat="45.88870" lon="6.78436"><ele>1108.0</ele></trkpt>
<trkpt lat="45.88888" lon="6.78414"><ele>1111.0</ele></trkpt>
<trkpt lat="45.88893" lon="6.78369"><ele>1118.0</ele></trkpt>
<trkpt lat="45.88905" lon="6.78336"><ele>1119.0</ele></trkpt>
<trkpt lat="45.88883" lon="6.78321"><ele>1127.0</ele></trkpt>
<trkpt lat="45.88869" lon="6.78289"><ele>1135.0</ele></trkpt>
<trkpt lat="45.88881" lon="6.78260"><ele>1137.0</ele></trkpt>
<trkpt lat="45.88897" lon="6.78222"><ele>1141.0</ele></trkpt>
<trkpt lat="45.88915" lon="6.78195"><ele>1142.0</ele></trkpt>
<trkpt lat="45.88896" lon="6.78157"><ele>1147.0</ele></trkpt>
<trkpt lat="45.88881" lon="6.78127"><ele>1151.0</ele></trkpt>
<trkpt lat="45.88880" lon="6.78078"><ele>1152.0</ele></trkpt>
<trkpt lat="45.88894" lon="6.78051"><ele>1153.0</ele></trkpt>
<trkpt lat="45.88891" lon="6.78008"><ele>1156.0</ele></trkpt>
<trkpt lat="45.88921" lon="6.77987"><ele>1159.0</ele></trkpt>
<trkpt lat="45.88945" lon="6.77981"><ele>1159.0</ele></trkpt>
<trkpt lat="45.88972" lon="6.77946"><ele>1163.0</ele></trkpt>
<trkpt lat="45.88982" lon="6.77898"><ele>1164.0</ele></trkpt>
<trkpt lat="45.88990" lon="6.77860"><ele>1166.0</ele></trkpt>
<trkpt lat="45.88981" lon="6.77828"><ele>1171.0</ele></trkpt>
<trkpt lat="45.88951" lon="6.77855"><ele>1176.0</ele></trkpt>
<trkpt lat="45.88927" lon="6.77878"><ele>1177.0</ele></trkpt>
<trkpt lat="45.88899" lon="6.77851"><ele>1189.0</ele></trkpt>
<trkpt lat="45.88914" lon="6.77818"><ele>1191.0</ele></trkpt>
<trkpt lat="45.88900" lon="6.77791"><ele>1199.0</ele></trkpt>
<trkpt lat="45.88875" lon="6.77786"><ele>1204.0</ele></trkpt>
<trkpt lat="45.88849" lon="6.77785"><ele>1208.0</ele></trkpt>
<trkpt lat="45.88852" lon="6.77731"><ele>1213.0</ele></trkpt>
<trkpt lat="45.88838" lon="6.77705"><ele>1218.0</ele></trkpt>
<trkpt lat="45.88820" lon="6.77677"><ele>1222.0</ele></trkpt>
<trkpt lat="45.88833" lon="6.77629"><ele>1222.0</ele></trkpt>
<trkpt lat="45.88810" lon="6.77597"><ele>1228.0</ele></trkpt>
<trkpt lat="45.88790" lon="6.77563"><ele>1236.0</ele></trkpt>
<trkpt lat="45.88785" lon="6.77511"><ele>1241.0</ele></trkpt>
<trkpt lat="45.88794" lon="6.77479"><ele>1245.0</ele></trkpt>
<trkpt lat="45.88806" lon="6.77446"><ele>1248.0</ele></trkpt>
<trkpt lat="45.88790" lon="6.77416"><ele>1257.0</ele></trkpt>
<trkpt lat="45.88763" lon="6.77421"><ele>1263.0</ele></trkpt>
<trkpt lat="45.88738" lon="6.77417"><ele>1273.0</ele></trkpt>
<trkpt lat="45.88714" lon="6.77423"><ele>1280.0</ele></trkpt>
<trkpt lat="45.88690" lon="6.77426"><ele>1283.0</ele></trkpt>
<trkpt lat="45.88661" lon="6.77428"><ele>1287.0</ele></trkpt>
<trkpt lat="45.88656" lon="6.77393"><ele>1303.0</ele></trkpt>
<trkpt lat="45.88680" lon="6.77379"><ele>1312.0</ele></trkpt>
<trkpt lat="45.88700" lon="6.77362"><ele>1317.0</ele></trkpt>
<trkpt lat="45.88683" lon="6.77339"><ele>1329.0</ele></trkpt>
<trkpt lat="45.88660" lon="6.77325"><ele>1331.5</ele></trkpt>
<trkpt lat="45.88638" lon="6.77310"><ele>1333.0</ele></trkpt>
<trkpt lat="45.88624" lon="6.77274"><ele>1335.0</ele></trkpt>
<trkpt lat="45.88602" lon="6.77252"><ele>1336.0</ele></trkpt>
<trkpt lat="45.88605" lon="6.77202"><ele>1344.0</ele></trkpt>
<trkpt lat="45.88600" lon="6.77161"><ele>1349.0</ele></trkpt>
<trkpt lat="45.88580" lon="6.77133"><ele>1351.0</ele></trkpt>
<trkpt lat="45.88597" lon="6.77107"><ele>1356.0</ele></trkpt>
<trkpt lat="45.88631" lon="6.77101"><ele>1362.5</ele></trkpt>
<trkpt lat="45.88658" lon="6.77095"><ele>1367.0</ele></trkpt>
<trkpt lat="45.88683" lon="6.77099"><ele>1370.0</ele></trkpt>
<trkpt lat="45.88678" lon="6.77064"><ele>1377.0</ele></trkpt>
<trkpt lat="45.88677" lon="6.77024"><ele>1387.0</ele></trkpt>
<trkpt lat="45.88666" lon="6.76989"><ele>1398.0</ele></trkpt>
<trkpt lat="45.88685" lon="6.76942"><ele>1411.0</ele></trkpt>
<trkpt lat="45.88673" lon="6.76912"><ele>1420.0</ele></trkpt>
<trkpt lat="45.88660" lon="6.76881"><ele>1426.0</ele></trkpt>
<trkpt lat="45.88661" lon="6.76842"><ele>1434.0</ele></trkpt>
<trkpt lat="45.88661" lon="6.76804"><ele>1442.0</ele></trkpt>
<trkpt lat="45.88663" lon="6.76767"><ele>1450.0</ele></trkpt>
<trkpt lat="45.88647" lon="6.76741"><ele>1454.0</ele></trkpt>
<trkpt lat="45.88653" lon="6.76706"><ele>1463.0</ele></trkpt>
<trkpt lat="45.88673" lon="6.76687"><ele>1467.0</ele></trkpt>
<trkpt lat="45.88668" lon="6.76654"><ele>1472.0</ele></trkpt>
<trkpt lat="45.88666" lon="6.76603"><ele>1486.0</ele></trkpt>
<trkpt lat="45.88645" lon="6.76573"><ele>1494.0</ele></trkpt>
<trkpt lat="45.88629" lon="6.76550"><ele>1498.0</ele></trkpt>
<trkpt lat="45.88609" lon="6.76530"><ele>1502.0</ele></trkpt>
<trkpt lat="45.88589" lon="6.76505"><ele>1505.0</ele></trkpt>
<trkpt lat="45.88564" lon="6.76474"><ele>1515.0</ele></trkpt>
<trkpt lat="45.88541" lon="6.76447"><ele>1523.0</ele></trkpt>
<trkpt lat="45.88526" lon="6.76422"><ele>1532.0</ele></trkpt>
<trkpt lat="45.88498" lon="6.76398"><ele>1539.0</ele></trkpt>
<trkpt lat="45.88471" lon="6.76386"><ele>1544.0</ele></trkpt>
<trkpt lat="45.88444" lon="6.76374"><ele>1551.0</ele></trkpt>
<trkpt lat="45.88420" lon="6.76366"><ele>1555.0</ele></trkpt>
<trkpt lat="45.88411" lon="6.76332"><ele>1562.0</ele></trkpt>
<trkpt lat="45.88412" lon="6.76293"><ele>1569.0</ele></trkpt>
<trkpt lat="45.88410" lon="6.76250"><ele>1575.0</ele></trkpt>
<trkpt lat="45.88402" lon="6.76198"><ele>1575.0</ele></trkpt>
<trkpt lat="45.88393" lon="6.76161"><ele>1576.0</ele></trkpt>
<trkpt lat="45.88370" lon="6.76126"><ele>1577.0</ele></trkpt>
<trkpt lat="45.88341" lon="6.76102"><ele>1582.0</ele></trkpt>
<trkpt lat="45.88313" lon="6.76093"><ele>1587.0</ele></trkpt>
<trkpt lat="45.88284" lon="6.76094"><ele>1589.0</ele></trkpt>
<trkpt lat="45.88258" lon="6.76087"><ele>1592.0</ele></trkpt>
<trkpt lat="45.88237" lon="6.76071"><ele>1597.0</ele></trkpt>
<trkpt lat="45.88214" lon="6.76043"><ele>1601.0</ele></trkpt>
<trkpt lat="45.88178" lon="6.76011"><ele>1603.0</ele></trkpt>
<trkpt lat="45.88156" lon="6.75998"><ele>1607.0</ele></trkpt>
<trkpt lat="45.88131" lon="6.76012"><ele>1608.0</ele></trkpt>
<trkpt lat="45.88118" lon="6.76046"><ele>1615.0</ele></trkpt>
<trkpt lat="45.88099" lon="6.76072"><ele>1621.0</ele></trkpt>
<trkpt lat="45.88071" lon="6.76081"><ele>1628.0</ele></trkpt>
<trkpt lat="45.88032" lon="6.76107"><ele>1630.0</ele></trkpt>
<trkpt lat="45.88006" lon="6.76106"><ele>1635.0</ele></trkpt>
<trkpt lat="45.87980" lon="6.76098"><ele>1641.0</ele></trkpt>
<trkpt lat="45.87957" lon="6.76086"><ele>1648.0</ele></trkpt>
<trkpt lat="45.87957" lon="6.76049"><ele>1660.0</ele></trkpt>
<trkpt lat="45.87935" lon="6.76019"><ele>1669.0</ele></trkpt>
<trkpt lat="45.87913" lon="6.76012"><ele>1669.0</ele></trkpt>
<trkpt lat="45.87875" lon="6.76006"><ele>1668.5</ele></trkpt>
<trkpt lat="45.87837" lon="6.76000"><ele>1668.0</ele></trkpt>
<trkpt lat="45.87804" lon="6.76002"><ele>1667.0</ele></trkpt>
<trkpt lat="45.87772" lon="6.76013"><ele>1663.5</ele></trkpt>
<trkpt lat="45.87736" lon="6.76023"><ele>1662.0</ele></trkpt>
<trkpt lat="45.87748" lon="6.75975"><ele>1668.0</ele></trkpt>
<trkpt lat="45.87768" lon="6.75960"><ele>1671.0</ele></trkpt>
<trkpt lat="45.87801" lon="6.75952"><ele>1677.0</ele></trkpt>
<trkpt lat="45.87846" lon="6.75938"><ele>1686.0</ele></trkpt>
<trkpt lat="45.87874" lon="6.75936"><ele>1689.0</ele></trkpt>
<trkpt lat="45.87903" lon="6.75927"><ele>1693.0</ele></trkpt>
<trkpt lat="45.87927" lon="6.75897"><ele>1699.0</ele></trkpt>
<trkpt lat="45.87950" lon="6.75861"><ele>1703.0</ele></trkpt>
<trkpt lat="45.87959" lon="6.75829"><ele>1709.0</ele></trkpt>
<trkpt lat="45.87940" lon="6.75808"><ele>1714.0</ele></trkpt>
<trkpt lat="45.87954" lon="6.75772"><ele>1719.0</ele></trkpt>
<trkpt lat="45.87970" lon="6.75743"><ele>1722.0</ele></trkpt>
<trkpt lat="45.87987" lon="6.75720"><ele>1723.0</ele></trkpt>
<trkpt lat="45.87963" lon="6.75703"><ele>1732.0</ele></trkpt>
<trkpt lat="45.87931" lon="6.75693"><ele>1738.0</ele></trkpt>
<trkpt lat="45.87913" lon="6.75657"><ele>1744.0</ele></trkpt>
<trkpt lat="45.87928" lon="6.75614"><ele>1751.0</ele></trkpt>
<trkpt lat="45.87915" lon="6.75579"><ele>1755.0</ele></trkpt>
<trkpt lat="45.87897" lon="6.75549"><ele>1758.0</ele></trkpt>
<trkpt lat="45.87869" lon="6.75504"><ele>1764.0</ele></trkpt>
<trkpt lat="45.87847" lon="6.75474"><ele>1766.0</ele></trkpt>
<trkpt lat="45.87827" lon="6.75439"><ele>1769.0</ele></trkpt>
<trkpt lat="45.87816" lon="6.75380"><ele>1774.0</ele></trkpt>
<trkpt lat="45.87817" lon="6.75347"><ele>1775.0</ele></trkpt>
<trkpt lat="45.87800" lon="6.75298"><ele>1778.0</ele></trkpt>
<trkpt lat="45.87797" lon="6.75247"><ele>1781.5</ele></trkpt>
<trkpt lat="45.87801" lon="6.75204"><ele>1786.0</ele></trkpt>
<trkpt lat="45.87799" lon="6.75170"><ele>1786.0</ele></trkpt>
<trkpt lat="45.87793" lon="6.75125"><ele>1787.0</ele></trkpt>
<trkpt lat="45.87787" lon="6.75080"><ele>1788.0</ele></trkpt>
<trkpt lat="45.87782" lon="6.75048"><ele>1790.0</ele></trkpt>
<trkpt lat="45.87777" lon="6.75016"><ele>1792.0</ele></trkpt>
<trkpt lat="45.87774" lon="6.74983"><ele>1794.0</ele></trkpt>
<trkpt lat="45.87767" lon="6.74944"><ele>1795.0</ele></trkpt>
<trkpt lat="45.87759" lon="6.74906"><ele>1796.0</ele></trkpt>
<trkpt lat="45.87749" lon="6.74869"><ele>1796.0</ele></trkpt>
<trkpt lat="45.87740" lon="6.74833"><ele>1796.0</ele></trkpt>
<trkpt lat="45.87729" lon="6.74803"><ele>1796.0</ele></trkpt>
<trkpt lat="45.87717" lon="6.74759"><ele>1796.0</ele></trkpt>
<trkpt lat="45.87698" lon="6.74713"><ele>1797.0</ele></trkpt>
<trkpt lat="45.87675" lon="6.74664"><ele>1799.0</ele></trkpt>
<trkpt lat="45.87657" lon="6.74614"><ele>1802.0</ele></trkpt>
<trkpt lat="45.87629" lon="6.74580"><ele>1803.0</ele></trkpt>
<trkpt lat="45.87617" lon="6.74547"><ele>1803.0</ele></trkpt>
<trkpt lat="45.87606" lon="6.74485"><ele>1805.0</ele></trkpt>
<trkpt lat="45.87587" lon="6.74448"><ele>1805.0</ele></trkpt>
<trkpt lat="45.87573" lon="6.74403"><ele>1805.0</ele></trkpt>
<trkpt lat="45.87572" lon="6.74362"><ele>1805.0</ele></trkpt>
<trkpt lat="45.87579" lon="6.74314"><ele>1805.0</ele></trkpt>
<trkpt lat="45.87605" lon="6.74268"><ele>1805.0</ele></trkpt>
<trkpt lat="45.87647" lon="6.74237"><ele>1806.0</ele></trkpt>
<trkpt lat="45.87677" lon="6.74225"><ele>1806.0</ele></trkpt>
<trkpt lat="45.87705" lon="6.74215"><ele>1806.0</ele></trkpt>
<trkpt lat="45.87721" lon="6.74184"><ele>1807.0</ele></trkpt>
<trkpt lat="45.87756" lon="6.74164"><ele>1807.0</ele></trkpt>
<trkpt lat="45.87781" lon="6.74173"><ele>1807.0</ele></trkpt>
<trkpt lat="45.87816" lon="6.74170"><ele>1807.0</ele></trkpt>
<trkpt lat="45.87846" lon="6.74166"><ele>1805.5</ele></trkpt>
<trkpt lat="45.87874" lon="6.74162"><ele>1804.5</ele></trkpt>
<trkpt lat="45.87905" lon="6.74157"><ele>1803.0</ele></trkpt>
<trkpt lat="45.87941" lon="6.74151"><ele>1801.5</ele></trkpt>
<trkpt lat="45.87967" lon="6.74145"><ele>1800.0</ele></trkpt>
<trkpt lat="45.87993" lon="6.74127"><ele>1794.0</ele></trkpt>
<trkpt lat="45.88016" lon="6.74117"><ele>1789.0</ele></trkpt>
<trkpt lat="45.88050" lon="6.74112"><ele>1785.0</ele></trkpt>
<trkpt lat="45.88083" lon="6.74087"><ele>1774.0</ele></trkpt>
<trkpt lat="45.88109" lon="6.74063"><ele>1765.0</ele></trkpt>
<trkpt lat="45.88134" lon="6.74044"><ele>1760.0</ele></trkpt>
<trkpt lat="45.88128" lon="6.74009"><ele>1750.0</ele></trkpt>
<trkpt lat="45.88098" lon="6.73982"><ele>1741.0</ele></trkpt>
<trkpt lat="45.88076" lon="6.73960"><ele>1733.0</ele></trkpt>
<trkpt lat="45.88058" lon="6.73926"><ele>1719.0</ele></trkpt>
<trkpt lat="45.88033" lon="6.73893"><ele>1702.0</ele></trkpt>
<trkpt lat="45.88007" lon="6.73876"><ele>1692.0</ele></trkpt>
<trkpt lat="45.87977" lon="6.73876"><ele>1688.0</ele></trkpt>
<trkpt lat="45.87946" lon="6.73854"><ele>1677.5</ele></trkpt>
<trkpt lat="45.87923" lon="6.73835"><ele>1667.0</ele></trkpt>
<trkpt lat="45.87884" lon="6.73833"><ele>1660.0</ele></trkpt>
<trkpt lat="45.87846" lon="6.73843"><ele>1655.0</ele></trkpt>
<trkpt lat="45.87818" lon="6.73843"><ele>1649.0</ele></trkpt>
<trkpt lat="45.87792" lon="6.73834"><ele>1642.0</ele></trkpt>
<trkpt lat="45.87793" lon="6.73795"><ele>1632.0</ele></trkpt>
<trkpt lat="45.87812" lon="6.73755"><ele>1624.5</ele></trkpt>
<trkpt lat="45.87830" lon="6.73712"><ele>1615.0</ele></trkpt>
<trkpt lat="45.87848" lon="6.73673"><ele>1607.0</ele></trkpt>
<trkpt lat="45.87871" lon="6.73632"><ele>1596.0</ele></trkpt>
<trkpt lat="45.87899" lon="6.73586"><ele>1585.0</ele></trkpt>
<trkpt lat="45.87913" lon="6.73557"><ele>1582.0</ele></trkpt>
<trkpt lat="45.87942" lon="6.73530"><ele>1578.0</ele></trkpt>
<trkpt lat="45.87967" lon="6.73507"><ele>1572.0</ele></trkpt>
<trkpt lat="45.88000" lon="6.73479"><ele>1558.0</ele></trkpt>
<trkpt lat="45.88031" lon="6.73469"><ele>1550.0</ele></trkpt>
<trkpt lat="45.88061" lon="6.73464"><ele>1543.0</ele></trkpt>
<trkpt lat="45.88081" lon="6.73448"><ele>1537.0</ele></trkpt>
<trkpt lat="45.88106" lon="6.73430"><ele>1532.0</ele></trkpt>
<trkpt lat="45.88109" lon="6.73393"><ele>1518.0</ele></trkpt>
<trkpt lat="45.88114" lon="6.73350"><ele>1508.0</ele></trkpt>
<trkpt lat="45.88126" lon="6.73316"><ele>1504.0</ele></trkpt>
<trkpt lat="45.88160" lon="6.73298"><ele>1503.0</ele></trkpt>
<trkpt lat="45.88184" lon="6.73278"><ele>1503.0</ele></trkpt>
<trkpt lat="45.88222" lon="6.73241"><ele>1501.0</ele></trkpt>
<trkpt lat="45.88258" lon="6.73220"><ele>1499.5</ele></trkpt>
<trkpt lat="45.88282" lon="6.73198"><ele>1497.0</ele></trkpt>
<trkpt lat="45.88305" lon="6.73183"><ele>1495.0</ele></trkpt>
<trkpt lat="45.88333" lon="6.73173"><ele>1494.0</ele></trkpt>
<trkpt lat="45.88352" lon="6.73149"><ele>1491.0</ele></trkpt>
<trkpt lat="45.88341" lon="6.73120"><ele>1481.0</ele></trkpt>
<trkpt lat="45.88311" lon="6.73103"><ele>1472.0</ele></trkpt>
<trkpt lat="45.88289" lon="6.73086"><ele>1464.0</ele></trkpt>
<trkpt lat="45.88290" lon="6.73042"><ele>1455.0</ele></trkpt>
<trkpt lat="45.88263" lon="6.73033"><ele>1448.0</ele></trkpt>
<trkpt lat="45.88241" lon="6.73017"><ele>1441.0</ele></trkpt>
<trkpt lat="45.88212" lon="6.73009"><ele>1433.0</ele></trkpt>
<trkpt lat="45.88182" lon="6.73010"><ele>1430.0</ele></trkpt>
<trkpt lat="45.88163" lon="6.72987"><ele>1424.0</ele></trkpt>
<trkpt lat="45.88145" lon="6.72965"><ele>1417.0</ele></trkpt>
<trkpt lat="45.88120" lon="6.72954"><ele>1408.0</ele></trkpt>
<trkpt lat="45.88092" lon="6.72942"><ele>1397.0</ele></trkpt>
<trkpt lat="45.88069" lon="6.72933"><ele>1390.0</ele></trkpt>
<trkpt lat="45.88041" lon="6.72938"><ele>1387.0</ele></trkpt>
<trkpt lat="45.88022" lon="6.72967"><ele>1386.0</ele></trkpt>
<trkpt lat="45.87993" lon="6.72966"><ele>1381.5</ele></trkpt>
<trkpt lat="45.87959" lon="6.72943"><ele>1370.0</ele></trkpt>
<trkpt lat="45.87925" lon="6.72937"><ele>1364.0</ele></trkpt>
<trkpt lat="45.87897" lon="6.72927"><ele>1356.0</ele></trkpt>
<trkpt lat="45.87873" lon="6.72926"><ele>1350.0</ele></trkpt>
<trkpt lat="45.87848" lon="6.72924"><ele>1344.0</ele></trkpt>
<trkpt lat="45.87818" lon="6.72924"><ele>1335.0</ele></trkpt>
<trkpt lat="45.87780" lon="6.72920"><ele>1322.0</ele></trkpt>
<trkpt lat="45.87755" lon="6.72916"><ele>1314.0</ele></trkpt>
<trkpt lat="45.87727" lon="6.72925"><ele>1311.0</ele></trkpt>
<trkpt lat="45.87742" lon="6.72891"><ele>1302.0</ele></trkpt>
<trkpt lat="45.87763" lon="6.72877"><ele>1302.0</ele></trkpt>
<trkpt lat="45.87793" lon="6.72869"><ele>1304.0</ele></trkpt>
<trkpt lat="45.87816" lon="6.72856"><ele>1304.0</ele></trkpt>
<trkpt lat="45.87844" lon="6.72830"><ele>1303.0</ele></trkpt>
<trkpt lat="45.87866" lon="6.72815"><ele>1303.0</ele></trkpt>
<trkpt lat="45.87899" lon="6.72806"><ele>1304.0</ele></trkpt>
<trkpt lat="45.87924" lon="6.72797"><ele>1304.0</ele></trkpt>
<trkpt lat="45.87958" lon="6.72767"><ele>1305.0</ele></trkpt>
<trkpt lat="45.87987" lon="6.72735"><ele>1305.0</ele></trkpt>
<trkpt lat="45.88010" lon="6.72683"><ele>1295.0</ele></trkpt>
<trkpt lat="45.88026" lon="6.72647"><ele>1287.0</ele></trkpt>
<trkpt lat="45.88056" lon="6.72628"><ele>1287.0</ele></trkpt>
<trkpt lat="45.88081" lon="6.72602"><ele>1282.0</ele></trkpt>
<trkpt lat="45.88105" lon="6.72584"><ele>1279.0</ele></trkpt>
<trkpt lat="45.88072" lon="6.72583"><ele>1268.0</ele></trkpt>
<trkpt lat="45.88042" lon="6.72591"><ele>1266.0</ele></trkpt>
<trkpt lat="45.88058" lon="6.72557"><ele>1251.0</ele></trkpt>
<trkpt lat="45.88080" lon="6.72539"><ele>1246.0</ele></trkpt>
<trkpt lat="45.88092" lon="6.72504"><ele>1230.0</ele></trkpt>
<trkpt lat="45.88121" lon="6.72485"><ele>1228.0</ele></trkpt>
<trkpt lat="45.88149" lon="6.72454"><ele>1224.0</ele></trkpt>
<trkpt lat="45.88174" lon="6.72429"><ele>1219.0</ele></trkpt>
<trkpt lat="45.88205" lon="6.72405"><ele>1213.0</ele></trkpt>
<trkpt lat="45.88240" lon="6.72377"><ele>1204.0</ele></trkpt>
<trkpt lat="45.88265" lon="6.72362"><ele>1201.0</ele></trkpt>
<trkpt lat="45.88289" lon="6.72345"><ele>1197.0</ele></trkpt>
<trkpt lat="45.88310" lon="6.72323"><ele>1193.0</ele></trkpt>
<trkpt lat="45.88343" lon="6.72299"><ele>1188.0</ele></trkpt>
<trkpt lat="45.88362" lon="6.72281"><ele>1179.0</ele></trkpt>
<trkpt lat="45.88388" lon="6.72258"><ele>1168.0</ele></trkpt>
<trkpt lat="45.88408" lon="6.72234"><ele>1154.0</ele></trkpt>
<trkpt lat="45.88437" lon="6.72202"><ele>1143.0</ele></trkpt>
<trkpt lat="45.88458" lon="6.72189"><ele>1143.0</ele></trkpt>
<trkpt lat="45.88483" lon="6.72198"><ele>1142.0</ele></trkpt>
<trkpt lat="45.88514" lon="6.72193"><ele>1142.0</ele></trkpt>
<trkpt lat="45.88536" lon="6.72184"><ele>1135.0</ele></trkpt>
<trkpt lat="45.88575" lon="6.72170"><ele>1123.0</ele></trkpt>
<trkpt lat="45.88597" lon="6.72163"><ele>1119.0</ele></trkpt>
<trkpt lat="45.88619" lon="6.72154"><ele>1113.0</ele></trkpt>
<trkpt lat="45.88610" lon="6.72122"><ele>1096.5</ele></trkpt>
<trkpt lat="45.88590" lon="6.72106"><ele>1088.0</ele></trkpt>
<trkpt lat="45.88613" lon="6.72095"><ele>1080.0</ele></trkpt>
<trkpt lat="45.88644" lon="6.72093"><ele>1080.0</ele></trkpt>
<trkpt lat="45.88687" lon="6.72094"><ele>1077.0</ele></trkpt>
<trkpt lat="45.88710" lon="6.72089"><ele>1072.0</ele></trkpt>
<trkpt lat="45.88737" lon="6.72085"><ele>1068.0</ele></trkpt>
<trkpt lat="45.88768" lon="6.72068"><ele>1057.0</ele></trkpt>
<trkpt lat="45.88795" lon="6.72061"><ele>1050.0</ele></trkpt>
<trkpt lat="45.88773" lon="6.72035"><ele>1036.0</ele></trkpt>
<trkpt lat="45.88743" lon="6.72030"><ele>1035.0</ele></trkpt>
<trkpt lat="45.88773" lon="6.72006"><ele>1019.0</ele></trkpt>
<trkpt lat="45.88807" lon="6.72005"><ele>1017.0</ele></trkpt>
<trkpt lat="45.88835" lon="6.71991"><ele>1013.0</ele></trkpt>
<trkpt lat="45.88853" lon="6.71966"><ele>1000.0</ele></trkpt>
<trkpt lat="45.88843" lon="6.71936"><ele>986.0</ele></trkpt>
<trkpt lat="45.88829" lon="6.71910"><ele>975.0</ele></trkpt>
<trkpt lat="45.88833" lon="6.71874"><ele>960.0</ele></trkpt>
<trkpt lat="45.88829" lon="6.71838"><ele>947.0</ele></trkpt>
<trkpt lat="45.88829" lon="6.71801"><ele>936.0</ele></trkpt>
<trkpt lat="45.88852" lon="6.71793"><ele>933.0</ele></trkpt>
<trkpt lat="45.88882" lon="6.71796"><ele>926.0</ele></trkpt>
<trkpt lat="45.88917" lon="6.71806"><ele>923.0</ele></trkpt>
<trkpt lat="45.88941" lon="6.71797"><ele>918.0</ele></trkpt>
<trkpt lat="45.88962" lon="6.71784"><ele>914.0</ele></trkpt>
<trkpt lat="45.88989" lon="6.71783"><ele>914.0</ele></trkpt>
<trkpt lat="45.89011" lon="6.71764"><ele>914.0</ele></trkpt>
<trkpt lat="45.89031" lon="6.71727"><ele>910.0</ele></trkpt>
<trkpt lat="45.89062" lon="6.71717"><ele>907.5</ele></trkpt>
<trkpt lat="45.89094" lon="6.71713"><ele>904.0</ele></trkpt>
<trkpt lat="45.89124" lon="6.71708"><ele>901.5</ele></trkpt>
<trkpt lat="45.89156" lon="6.71704"><ele>900.0</ele></trkpt>
<trkpt lat="45.89173" lon="6.71682"><ele>896.0</ele></trkpt>
<trkpt lat="45.89147" lon="6.71666"><ele>893.0</ele></trkpt>
<trkpt lat="45.89115" lon="6.71654"><ele>891.0</ele></trkpt>
<trkpt lat="45.89096" lon="6.71635"><ele>890.0</ele></trkpt>
<trkpt lat="45.89079" lon="6.71593"><ele>881.0</ele></trkpt>
<trkpt lat="45.89057" lon="6.71577"><ele>876.5</ele></trkpt>
<trkpt lat="45.89023" lon="6.71562"><ele>872.0</ele></trkpt>
<trkpt lat="45.88996" lon="6.71567"><ele>872.0</ele></trkpt>
<trkpt lat="45.88971" lon="6.71579"><ele>871.0</ele></trkpt>
<trkpt lat="45.88994" lon="6.71549"><ele>865.0</ele></trkpt>
<trkpt lat="45.89026" lon="6.71537"><ele>861.0</ele></trkpt>
<trkpt lat="45.89050" lon="6.71533"><ele>858.0</ele></trkpt>
<trkpt lat="45.89081" lon="6.71534"><ele>855.0</ele></trkpt>
<trkpt lat="45.89124" lon="6.71538"><ele>854.0</ele></trkpt>
<trkpt lat="45.89113" lon="6.71507"><ele>845.0</ele></trkpt>
<trkpt lat="45.89133" lon="6.71474"><ele>841.0</ele></trkpt>
<trkpt lat="45.89128" lon="6.71431"><ele>835.0</ele></trkpt>
<trkpt lat="45.89120" lon="6.71387"><ele>829.0</ele></trkpt>
<trkpt lat="45.89115" lon="6.71345"><ele>824.0</ele></trkpt>
<trkpt lat="45.89133" lon="6.71325"><ele>821.0</ele></trkpt>
<trkpt lat="45.89152" lon="6.71345"><ele>820.0</ele></trkpt>
<trkpt lat="45.89191" lon="6.71355"><ele>818.0</ele></trkpt>
<trkpt lat="45.89202" lon="6.71310"><ele>815.0</ele></trkpt>
<trkpt lat="45.89210" lon="6.71261"><ele>815.0</ele></trkpt>
<trkpt lat="45.89224" lon="6.71210"><ele>814.0</ele></trkpt>
<trkpt lat="45.89252" lon="6.71184"><ele>814.0</ele></trkpt>
<trkpt lat="45.89277" lon="6.71171"><ele>813.0</ele></trkpt>
<trkpt lat="45.89308" lon="6.71162"><ele>811.5</ele></trkpt>
<trkpt lat="45.89337" lon="6.71160"><ele>811.0</ele></trkpt>
<trkpt lat="45.89361" lon="6.71155"><ele>810.0</ele></trkpt>
<trkpt lat="45.89355" lon="6.71122"><ele>808.0</ele></trkpt>
<trkpt lat="45.89321" lon="6.71127"><ele>808.0</ele></trkpt>
<trkpt lat="45.89292" lon="6.71139"><ele>809.0</ele></trkpt>
<trkpt lat="45.89269" lon="6.71140"><ele>808.0</ele></trkpt>
<trkpt lat="45.89236" lon="6.71125"><ele>805.0</ele></trkpt>
<trkpt lat="45.89212" lon="6.71137"><ele>805.0</ele></trkpt>
<trkpt lat="45.89215" lon="6.71191"><ele>810.0</ele></trkpt>
<trkpt lat="45.89216" lon="6.71227"><ele>814.0</ele></trkpt>
<trkpt lat="45.89209" lon="6.71263"><ele>814.0</ele></trkpt>
<trkpt lat="45.89202" lon="6.71314"><ele>815.0</ele></trkpt>
<trkpt lat="45.89196" lon="6.71346"><ele>817.0</ele></trkpt>
<trkpt lat="45.89167" lon="6.71354"><ele>818.0</ele></trkpt>
<trkpt lat="45.89147" lon="6.71333"><ele>818.5</ele></trkpt>
<trkpt lat="45.89119" lon="6.71302"><ele>819.0</ele></trkpt>
<trkpt lat="45.89093" lon="6.71298"><ele>819.0</ele></trkpt>
<trkpt lat="45.89048" lon="6.71312"><ele>821.0</ele></trkpt>
<trkpt lat="45.89025" lon="6.71315"><ele>821.0</ele></trkpt>
<trkpt lat="45.88988" lon="6.71316"><ele>819.5</ele></trkpt>
<trkpt lat="45.88959" lon="6.71314"><ele>818.0</ele></trkpt>
<trkpt lat="45.88934" lon="6.71315"><ele>817.0</ele></trkpt>
<trkpt lat="45.88897" lon="6.71303"><ele>816.0</ele></trkpt>
<trkpt lat="45.88864" lon="6.71303"><ele>815.0</ele></trkpt>
<trkpt lat="45.88837" lon="6.71294"><ele>815.0</ele></trkpt>
<trkpt lat="45.88797" lon="6.71299"><ele>815.0</ele></trkpt>
<trkpt lat="45.88770" lon="6.71314"><ele>816.0</ele></trkpt>
<trkpt lat="45.88744" lon="6.71321"><ele>817.0</ele></trkpt>
<trkpt lat="45.88719" lon="6.71326"><ele>820.0</ele></trkpt>
<trkpt lat="45.88691" lon="6.71347"><ele>825.0</ele></trkpt>
<trkpt lat="45.88672" lon="6.71367"><ele>829.0</ele></trkpt>
<trkpt lat="45.88655" lon="6.71390"><ele>832.0</ele></trkpt>
<trkpt lat="45.88626" lon="6.71387"><ele>833.0</ele></trkpt>
<trkpt lat="45.88598" lon="6.71399"><ele>834.0</ele></trkpt>
<trkpt lat="45.88570" lon="6.71407"><ele>834.0</ele></trkpt>
<trkpt lat="45.88548" lon="6.71380"><ele>834.0</ele></trkpt>
<trkpt lat="45.88526" lon="6.71361"><ele>834.0</ele></trkpt>
<trkpt lat="45.88509" lon="6.71328"><ele>834.0</ele></trkpt>
<trkpt lat="45.88480" lon="6.71286"><ele>834.0</ele></trkpt>
<trkpt lat="45.88447" lon="6.71284"><ele>835.0</ele></trkpt>
<trkpt lat="45.88413" lon="6.71256"><ele>836.0</ele></trkpt>
<trkpt lat="45.88376" lon="6.71232"><ele>836.0</ele></trkpt>
<trkpt lat="45.88352" lon="6.71241"><ele>837.0</ele></trkpt>
<trkpt lat="45.88325" lon="6.71247"><ele>838.0</ele></trkpt>
<trkpt lat="45.88303" lon="6.71207"><ele>838.0</ele></trkpt>
<trkpt lat="45.88272" lon="6.71174"><ele>838.0</ele></trkpt>
<trkpt lat="45.88244" lon="6.71159"><ele>838.0</ele></trkpt>
<trkpt lat="45.88219" lon="6.71157"><ele>833.0</ele></trkpt>
<trkpt lat="45.88195" lon="6.71170"><ele>831.0</ele></trkpt>
<trkpt lat="45.88171" lon="6.71200"><ele>830.0</ele></trkpt>
<trkpt lat="45.88146" lon="6.71219"><ele>830.0</ele></trkpt>
<trkpt lat="45.88122" lon="6.71239"><ele>829.0</ele></trkpt>
<trkpt lat="45.88100" lon="6.71260"><ele>829.0</ele></trkpt>
<trkpt lat="45.88080" lon="6.71277"><ele>829.0</ele></trkpt>
<trkpt lat="45.88057" lon="6.71274"><ele>825.0</ele></trkpt>
<trkpt lat="45.88043" lon="6.71232"><ele>825.0</ele></trkpt>
<trkpt lat="45.88023" lon="6.71196"><ele>833.0</ele></trkpt>
<trkpt lat="45.88000" lon="6.71180"><ele>842.0</ele></trkpt>
<trkpt lat="45.87972" lon="6.71185"><ele>842.0</ele></trkpt>
<trkpt lat="45.87954" lon="6.71210"><ele>838.0</ele></trkpt>
<trkpt lat="45.87933" lon="6.71256"><ele>838.0</ele></trkpt>
<trkpt lat="45.87904" lon="6.71276"><ele>840.0</ele></trkpt>
<trkpt lat="45.87879" lon="6.71297"><ele>843.0</ele></trkpt>
<trkpt lat="45.87859" lon="6.71315"><ele>843.0</ele></trkpt>
<trkpt lat="45.87837" lon="6.71328"><ele>843.0</ele></trkpt>
<trkpt lat="45.87814" lon="6.71344"><ele>843.0</ele></trkpt>
<trkpt lat="45.87786" lon="6.71383"><ele>843.0</ele></trkpt>
<trkpt lat="45.87771" lon="6.71420"><ele>839.5</ele></trkpt>
<trkpt lat="45.87757" lon="6.71453"><ele>838.0</ele></trkpt>
<trkpt lat="45.87747" lon="6.71491"><ele>839.0</ele></trkpt>
<trkpt lat="45.87706" lon="6.71498"><ele>839.0</ele></trkpt>
<trkpt lat="45.87678" lon="6.71503"><ele>840.0</ele></trkpt>
<trkpt lat="45.87638" lon="6.71508"><ele>842.0</ele></trkpt>
<trkpt lat="45.87610" lon="6.71503"><ele>845.0</ele></trkpt>
<trkpt lat="45.87583" lon="6.71498"><ele>848.0</ele></trkpt>
<trkpt lat="45.87559" lon="6.71492"><ele>851.0</ele></trkpt>
<trkpt lat="45.87525" lon="6.71520"><ele>853.0</ele></trkpt>
<trkpt lat="45.87498" lon="6.71554"><ele>854.0</ele></trkpt>
<trkpt lat="45.87485" lon="6.71582"><ele>854.0</ele></trkpt>
<trkpt lat="45.87468" lon="6.71611"><ele>855.0</ele></trkpt>
<trkpt lat="45.87446" lon="6.71626"><ele>856.0</ele></trkpt>
<trkpt lat="45.87418" lon="6.71651"><ele>859.0</ele></trkpt>
<trkpt lat="45.87380" lon="6.71666"><ele>863.0</ele></trkpt>
<trkpt lat="45.87358" lon="6.71687"><ele>868.0</ele></trkpt>
<trkpt lat="45.87338" lon="6.71712"><ele>870.0</ele></trkpt>
<trkpt lat="45.87322" lon="6.71745"><ele>873.0</ele></trkpt>
<trkpt lat="45.87304" lon="6.71772"><ele>876.0</ele></trkpt>
<trkpt lat="45.87294" lon="6.71803"><ele>878.0</ele></trkpt>
<trkpt lat="45.87270" lon="6.71839"><ele>883.0</ele></trkpt>
<trkpt lat="45.87239" lon="6.71861"><ele>893.5</ele></trkpt>
<trkpt lat="45.87217" lon="6.71850"><ele>905.0</ele></trkpt>
<trkpt lat="45.87196" lon="6.71862"><ele>911.0</ele></trkpt>
<trkpt lat="45.87175" lon="6.71876"><ele>918.0</ele></trkpt>
<trkpt lat="45.87181" lon="6.71844"><ele>923.0</ele></trkpt>
<trkpt lat="45.87186" lon="6.71805"><ele>928.0</ele></trkpt>
<trkpt lat="45.87166" lon="6.71830"><ele>934.0</ele></trkpt>
<trkpt lat="45.87143" lon="6.71859"><ele>941.0</ele></trkpt>
<trkpt lat="45.87118" lon="6.71881"><ele>950.0</ele></trkpt>
<trkpt lat="45.87099" lon="6.71912"><ele>951.0</ele></trkpt>
<trkpt lat="45.87076" lon="6.71920"><ele>959.0</ele></trkpt>
<trkpt lat="45.87043" lon="6.71934"><ele>964.0</ele></trkpt>
<trkpt lat="45.87025" lon="6.71964"><ele>964.0</ele></trkpt>
<trkpt lat="45.87006" lon="6.71991"><ele>961.0</ele></trkpt>
<trkpt lat="45.86980" lon="6.72016"><ele>957.0</ele></trkpt>
<trkpt lat="45.86948" lon="6.72055"><ele>944.0</ele></trkpt>
<trkpt lat="45.86925" lon="6.72083"><ele>938.5</ele></trkpt>
<trkpt lat="45.86894" lon="6.72103"><ele>938.5</ele></trkpt>
<trkpt lat="45.86856" lon="6.72115"><ele>943.0</ele></trkpt>
<trkpt lat="45.86822" lon="6.72113"><ele>954.0</ele></trkpt>
<trkpt lat="45.86794" lon="6.72115"><ele>958.0</ele></trkpt>
<trkpt lat="45.86754" lon="6.72118"><ele>967.0</ele></trkpt>
<trkpt lat="45.86726" lon="6.72114"><ele>972.0</ele></trkpt>
<trkpt lat="45.86698" lon="6.72126"><ele>972.0</ele></trkpt>
<trkpt lat="45.86675" lon="6.72147"><ele>967.0</ele></trkpt>
<trkpt lat="45.86642" lon="6.72174"><ele>962.0</ele></trkpt>
<trkpt lat="45.86621" lon="6.72204"><ele>958.0</ele></trkpt>
<trkpt lat="45.86591" lon="6.72212"><ele>957.0</ele></trkpt>
<trkpt lat="45.86572" lon="6.72237"><ele>957.0</ele></trkpt>
<trkpt lat="45.86546" lon="6.72269"><ele>951.0</ele></trkpt>
<trkpt lat="45.86521" lon="6.72305"><ele>945.5</ele></trkpt>
<trkpt lat="45.86508" lon="6.72346"><ele>939.0</ele></trkpt>
<trkpt lat="45.86480" lon="6.72382"><ele>935.0</ele></trkpt>
<trkpt lat="45.86449" lon="6.72406"><ele>933.0</ele></trkpt>
<trkpt lat="45.86423" lon="6.72411"><ele>932.0</ele></trkpt>
<trkpt lat="45.86398" lon="6.72434"><ele>932.0</ele></trkpt>
<trkpt lat="45.86377" lon="6.72455"><ele>932.0</ele></trkpt>
<trkpt lat="45.86356" lon="6.72477"><ele>933.0</ele></trkpt>
<trkpt lat="45.86326" lon="6.72510"><ele>933.5</ele></trkpt>
<trkpt lat="45.86307" lon="6.72553"><ele>934.0</ele></trkpt>
<trkpt lat="45.86296" lon="6.72586"><ele>934.0</ele></trkpt>
<trkpt lat="45.86285" lon="6.72619"><ele>934.0</ele></trkpt>
<trkpt lat="45.86275" lon="6.72655"><ele>935.0</ele></trkpt>
<trkpt lat="45.86258" lon="6.72677"><ele>935.0</ele></trkpt>
<trkpt lat="45.86224" lon="6.72704"><ele>935.0</ele></trkpt>
<trkpt lat="45.86197" lon="6.72713"><ele>935.5</ele></trkpt>
<trkpt lat="45.86168" lon="6.72728"><ele>936.0</ele></trkpt>
<trkpt lat="45.86145" lon="6.72740"><ele>936.0</ele></trkpt>
<trkpt lat="45.86110" lon="6.72757"><ele>937.0</ele></trkpt>
<trkpt lat="45.86078" lon="6.72788"><ele>938.0</ele></trkpt>
<trkpt lat="45.86059" lon="6.72836"><ele>938.5</ele></trkpt>
<trkpt lat="45.86039" lon="6.72880"><ele>939.5</ele></trkpt>
<trkpt lat="45.86012" lon="6.72923"><ele>940.0</ele></trkpt>
<trkpt lat="45.85988" lon="6.72936"><ele>940.0</ele></trkpt>
<trkpt lat="45.85967" lon="6.72950"><ele>941.0</ele></trkpt>
<trkpt lat="45.85947" lon="6.72964"><ele>942.0</ele></trkpt>
<trkpt lat="45.85923" lon="6.72987"><ele>943.0</ele></trkpt>
<trkpt lat="45.85901" lon="6.73001"><ele>944.0</ele></trkpt>
<trkpt lat="45.85877" lon="6.72980"><ele>949.0</ele></trkpt>
<trkpt lat="45.85848" lon="6.72997"><ele>950.5</ele></trkpt>
<trkpt lat="45.85826" lon="6.73015"><ele>951.0</ele></trkpt>
<trkpt lat="45.85791" lon="6.73025"><ele>954.0</ele></trkpt>
<trkpt lat="45.85758" lon="6.73036"><ele>959.0</ele></trkpt>
<trkpt lat="45.85722" lon="6.73037"><ele>968.0</ele></trkpt>
<trkpt lat="45.85687" lon="6.73034"><ele>974.0</ele></trkpt>
<trkpt lat="45.85662" lon="6.73033"><ele>976.0</ele></trkpt>
<trkpt lat="45.85636" lon="6.73027"><ele>983.0</ele></trkpt>
<trkpt lat="45.85609" lon="6.73021"><ele>985.0</ele></trkpt>
<trkpt lat="45.85584" lon="6.73011"><ele>991.0</ele></trkpt>
<trkpt lat="45.85562" lon="6.72998"><ele>997.0</ele></trkpt>
<trkpt lat="45.85534" lon="6.72973"><ele>1005.0</ele></trkpt>
<trkpt lat="45.85504" lon="6.72950"><ele>1012.0</ele></trkpt>
<trkpt lat="45.85479" lon="6.72931"><ele>1017.0</ele></trkpt>
<trkpt lat="45.85455" lon="6.72902"><ele>1026.0</ele></trkpt>
<trkpt lat="45.85430" lon="6.72881"><ele>1030.0</ele></trkpt>
<trkpt lat="45.85408" lon="6.72865"><ele>1030.0</ele></trkpt>
<trkpt lat="45.85370" lon="6.72858"><ele>1029.0</ele></trkpt>
<trkpt lat="45.85333" lon="6.72857"><ele>1026.0</ele></trkpt>
<trkpt lat="45.85299" lon="6.72869"><ele>1019.0</ele></trkpt>
<trkpt lat="45.85269" lon="6.72876"><ele>1012.0</ele></trkpt>
<trkpt lat="45.85245" lon="6.72877"><ele>1009.5</ele></trkpt>
<trkpt lat="45.85212" lon="6.72877"><ele>1008.0</ele></trkpt>
<trkpt lat="45.85174" lon="6.72871"><ele>1007.0</ele></trkpt>
<trkpt lat="45.85130" lon="6.72883"><ele>1007.0</ele></trkpt>
<trkpt lat="45.85103" lon="6.72870"><ele>1007.0</ele></trkpt>
<trkpt lat="45.85080" lon="6.72845"><ele>1015.0</ele></trkpt>
<trkpt lat="45.85055" lon="6.72842"><ele>1016.5</ele></trkpt>
<trkpt lat="45.85026" lon="6.72837"><ele>1018.0</ele></trkpt>
<trkpt lat="45.85001" lon="6.72838"><ele>1019.0</ele></trkpt>
<trkpt lat="45.84971" lon="6.72835"><ele>1019.0</ele></trkpt>
<trkpt lat="45.84963" lon="6.72803"><ele>1024.0</ele></trkpt>
<trkpt lat="45.84935" lon="6.72803"><ele>1024.5</ele></trkpt>
<trkpt lat="45.84906" lon="6.72800"><ele>1024.5</ele></trkpt>
<trkpt lat="45.84877" lon="6.72799"><ele>1023.5</ele></trkpt>
<trkpt lat="45.84848" lon="6.72795"><ele>1022.0</ele></trkpt>
<trkpt lat="45.84810" lon="6.72787"><ele>1021.0</ele></trkpt>
<trkpt lat="45.84787" lon="6.72780"><ele>1021.0</ele></trkpt>
<trkpt lat="45.84762" lon="6.72770"><ele>1021.0</ele></trkpt>
<trkpt lat="45.84730" lon="6.72757"><ele>1021.0</ele></trkpt>
<trkpt lat="45.84702" lon="6.72751"><ele>1021.0</ele></trkpt>
<trkpt lat="45.84676" lon="6.72721"><ele>1021.0</ele></trkpt>
<trkpt lat="45.84660" lon="6.72745"><ele>1017.0</ele></trkpt>
<trkpt lat="45.84620" lon="6.72748"><ele>1009.0</ele></trkpt>
<trkpt lat="45.84591" lon="6.72729"><ele>1009.0</ele></trkpt>
<trkpt lat="45.84568" lon="6.72705"><ele>1018.0</ele></trkpt>
<trkpt lat="45.84529" lon="6.72696"><ele>1022.0</ele></trkpt>
<trkpt lat="45.84489" lon="6.72713"><ele>1018.0</ele></trkpt>
<trkpt lat="45.84467" lon="6.72726"><ele>1017.0</ele></trkpt>
<trkpt lat="45.84433" lon="6.72727"><ele>1017.0</ele></trkpt>
<trkpt lat="45.84424" lon="6.72694"><ele>1028.0</ele></trkpt>
<trkpt lat="45.84397" lon="6.72664"><ele>1036.0</ele></trkpt>
<trkpt lat="45.84364" lon="6.72657"><ele>1039.0</ele></trkpt>
<trkpt lat="45.84333" lon="6.72637"><ele>1043.0</ele></trkpt>
<trkpt lat="45.84298" lon="6.72608"><ele>1046.0</ele></trkpt>
<trkpt lat="45.84271" lon="6.72595"><ele>1047.0</ele></trkpt>
<trkpt lat="45.84245" lon="6.72588"><ele>1049.0</ele></trkpt>
<trkpt lat="45.84201" lon="6.72578"><ele>1053.0</ele></trkpt>
<trkpt lat="45.84162" lon="6.72556"><ele>1067.0</ele></trkpt>
<trkpt lat="45.84131" lon="6.72550"><ele>1067.0</ele></trkpt>
<trkpt lat="45.84107" lon="6.72553"><ele>1067.0</ele></trkpt>
<trkpt lat="45.84073" lon="6.72546"><ele>1067.0</ele></trkpt>
<trkpt lat="45.84048" lon="6.72531"><ele>1069.0</ele></trkpt>
<trkpt lat="45.84027" lon="6.72518"><ele>1070.0</ele></trkpt>
<trkpt lat="45.83996" lon="6.72500"><ele>1070.0</ele></trkpt>
<trkpt lat="45.83958" lon="6.72502"><ele>1066.0</ele></trkpt>
<trkpt lat="45.83925" lon="6.72529"><ele>1066.0</ele></trkpt>
<trkpt lat="45.83904" lon="6.72512"><ele>1067.0</ele></trkpt>
<trkpt lat="45.83903" lon="6.72473"><ele>1072.0</ele></trkpt>
<trkpt lat="45.83900" lon="6.72438"><ele>1077.0</ele></trkpt>
<trkpt lat="45.83878" lon="6.72454"><ele>1070.0</ele></trkpt>
<trkpt lat="45.83866" lon="6.72488"><ele>1065.0</ele></trkpt>
<trkpt lat="45.83844" lon="6.72515"><ele>1060.0</ele></trkpt>
<trkpt lat="45.83819" lon="6.72518"><ele>1058.0</ele></trkpt>
<trkpt lat="45.83796" lon="6.72516"><ele>1056.0</ele></trkpt>
<trkpt lat="45.83784" lon="6.72485"><ele>1056.0</ele></trkpt>
<trkpt lat="45.83752" lon="6.72476"><ele>1055.0</ele></trkpt>
<trkpt lat="45.83718" lon="6.72491"><ele>1055.0</ele></trkpt>
<trkpt lat="45.83691" lon="6.72499"><ele>1055.5</ele></trkpt>
<trkpt lat="45.83665" lon="6.72506"><ele>1056.0</ele></trkpt>
<trkpt lat="45.83638" lon="6.72512"><ele>1058.0</ele></trkpt>
<trkpt lat="45.83613" lon="6.72521"><ele>1058.3</ele></trkpt>
<trkpt lat="45.83588" lon="6.72529"><ele>1058.3</ele></trkpt>
<trkpt lat="45.83562" lon="6.72537"><ele>1058.3</ele></trkpt>
<trkpt lat="45.83537" lon="6.72546"><ele>1058.3</ele></trkpt>
<trkpt lat="45.83504" lon="6.72554"><ele>1057.0</ele></trkpt>
<trkpt lat="45.83481" lon="6.72553"><ele>1057.0</ele></trkpt>
<trkpt lat="45.83447" lon="6.72535"><ele>1057.0</ele></trkpt>
<trkpt lat="45.83416" lon="6.72546"><ele>1057.0</ele></trkpt>
<trkpt lat="45.83385" lon="6.72558"><ele>1057.0</ele></trkpt>
<trkpt lat="45.83355" lon="6.72581"><ele>1056.0</ele></trkpt>
<trkpt lat="45.83318" lon="6.72598"><ele>1056.0</ele></trkpt>
<trkpt lat="45.83310" lon="6.72629"><ele>1056.0</ele></trkpt>
<trkpt lat="45.83301" lon="6.72660"><ele>1056.0</ele></trkpt>
<trkpt lat="45.83261" lon="6.72648"><ele>1057.0</ele></trkpt>
<trkpt lat="45.83239" lon="6.72633"><ele>1058.0</ele></trkpt>
<trkpt lat="45.83215" lon="6.72637"><ele>1063.0</ele></trkpt>
<trkpt lat="45.83188" lon="6.72635"><ele>1069.0</ele></trkpt>
<trkpt lat="45.83165" lon="6.72621"><ele>1070.0</ele></trkpt>
<trkpt lat="45.83143" lon="6.72607"><ele>1071.0</ele></trkpt>
<trkpt lat="45.83107" lon="6.72607"><ele>1072.0</ele></trkpt>
<trkpt lat="45.83068" lon="6.72616"><ele>1075.0</ele></trkpt>
<trkpt lat="45.83034" lon="6.72615"><ele>1077.0</ele></trkpt>
<trkpt lat="45.82994" lon="6.72623"><ele>1080.0</ele></trkpt>
<trkpt lat="45.82968" lon="6.72634"><ele>1082.0</ele></trkpt>
<trkpt lat="45.82943" lon="6.72623"><ele>1083.0</ele></trkpt>
<trkpt lat="45.82913" lon="6.72626"><ele>1085.0</ele></trkpt>
<trkpt lat="45.82889" lon="6.72645"><ele>1092.0</ele></trkpt>
<trkpt lat="45.82865" lon="6.72637"><ele>1095.0</ele></trkpt>
<trkpt lat="45.82842" lon="6.72630"><ele>1098.0</ele></trkpt>
<trkpt lat="45.82816" lon="6.72599"><ele>1099.0</ele></trkpt>
<trkpt lat="45.82782" lon="6.72569"><ele>1099.0</ele></trkpt>
<trkpt lat="45.82757" lon="6.72565"><ele>1104.0</ele></trkpt>
<trkpt lat="45.82724" lon="6.72575"><ele>1109.3</ele></trkpt>
<trkpt lat="45.82695" lon="6.72572"><ele>1109.8</ele></trkpt>
<trkpt lat="45.82655" lon="6.72575"><ele>1110.5</ele></trkpt>
<trkpt lat="45.82630" lon="6.72580"><ele>1111.0</ele></trkpt>
<trkpt lat="45.82607" lon="6.72591"><ele>1114.0</ele></trkpt>
<trkpt lat="45.82584" lon="6.72602"><ele>1117.0</ele></trkpt>
<trkpt lat="45.82541" lon="6.72610"><ele>1118.0</ele></trkpt>
<trkpt lat="45.82499" lon="6.72618"><ele>1118.5</ele></trkpt>
<trkpt lat="45.82474" lon="6.72611"><ele>1118.5</ele></trkpt>
<trkpt lat="45.82449" lon="6.72603"><ele>1118.5</ele></trkpt>
<trkpt lat="45.82426" lon="6.72591"><ele>1118.5</ele></trkpt>
<trkpt lat="45.82403" lon="6.72578"><ele>1118.5</ele></trkpt>
<trkpt lat="45.82375" lon="6.72567"><ele>1118.5</ele></trkpt>
<trkpt lat="45.82336" lon="6.72572"><ele>1123.0</ele></trkpt>
<trkpt lat="45.82300" lon="6.72579"><ele>1130.0</ele></trkpt>
<trkpt lat="45.82270" lon="6.72589"><ele>1135.0</ele></trkpt>
<trkpt lat="45.82226" lon="6.72592"><ele>1137.0</ele></trkpt>
<trkpt lat="45.82203" lon="6.72598"><ele>1138.0</ele></trkpt>
<trkpt lat="45.82187" lon="6.72628"><ele>1146.0</ele></trkpt>
<trkpt lat="45.82212" lon="6.72619"><ele>1147.0</ele></trkpt>
<trkpt lat="45.82197" lon="6.72646"><ele>1151.0</ele></trkpt>
<trkpt lat="45.82214" lon="6.72672"><ele>1157.0</ele></trkpt>
<trkpt lat="45.82190" lon="6.72699"><ele>1161.0</ele></trkpt>
<trkpt lat="45.82160" lon="6.72709"><ele>1162.0</ele></trkpt>
<trkpt lat="45.82136" lon="6.72724"><ele>1162.0</ele></trkpt>
<trkpt lat="45.82105" lon="6.72743"><ele>1162.0</ele></trkpt>
<trkpt lat="45.82073" lon="6.72752"><ele>1161.0</ele></trkpt>
<trkpt lat="45.82042" lon="6.72750"><ele>1158.0</ele></trkpt>
<trkpt lat="45.82008" lon="6.72753"><ele>1154.0</ele></trkpt>
<trkpt lat="45.81968" lon="6.72772"><ele>1152.0</ele></trkpt>
<trkpt lat="45.81945" lon="6.72792"><ele>1152.0</ele></trkpt>
<trkpt lat="45.81925" lon="6.72807"><ele>1152.0</ele></trkpt>
<trkpt lat="45.81897" lon="6.72831"><ele>1151.0</ele></trkpt>
<trkpt lat="45.81864" lon="6.72847"><ele>1150.0</ele></trkpt>
<trkpt lat="45.81839" lon="6.72852"><ele>1150.0</ele></trkpt>
<trkpt lat="45.81816" lon="6.72848"><ele>1150.0</ele></trkpt>
<trkpt lat="45.81781" lon="6.72836"><ele>1151.5</ele></trkpt>
<trkpt lat="45.81747" lon="6.72823"><ele>1153.0</ele></trkpt>
<trkpt lat="45.81725" lon="6.72807"><ele>1153.0</ele></trkpt>
<trkpt lat="45.81702" lon="6.72787"><ele>1153.0</ele></trkpt>
<trkpt lat="45.81679" lon="6.72744"><ele>1153.0</ele></trkpt>
<trkpt lat="45.81654" lon="6.72736"><ele>1153.0</ele></trkpt>
<trkpt lat="45.81621" lon="6.72723"><ele>1154.5</ele></trkpt>
<trkpt lat="45.81580" lon="6.72712"><ele>1158.0</ele></trkpt>
<trkpt lat="45.81542" lon="6.72706"><ele>1159.0</ele></trkpt>
<trkpt lat="45.81503" lon="6.72715"><ele>1160.0</ele></trkpt>
<trkpt lat="45.81474" lon="6.72729"><ele>1162.0</ele></trkpt>
<trkpt lat="45.81449" lon="6.72764"><ele>1168.0</ele></trkpt>
<trkpt lat="45.81429" lon="6.72790"><ele>1170.0</ele></trkpt>
<trkpt lat="45.81403" lon="6.72791"><ele>1170.8</ele></trkpt>
<trkpt lat="45.81362" lon="6.72790"><ele>1172.3</ele></trkpt>
<trkpt lat="45.81327" lon="6.72791"><ele>1173.0</ele></trkpt>
<trkpt lat="45.81296" lon="6.72812"><ele>1174.0</ele></trkpt>
<trkpt lat="45.81284" lon="6.72844"><ele>1177.0</ele></trkpt>
<trkpt lat="45.81289" lon="6.72910"><ele>1180.0</ele></trkpt>
<trkpt lat="45.81294" lon="6.72945"><ele>1181.0</ele></trkpt>
<trkpt lat="45.81267" lon="6.72946"><ele>1181.0</ele></trkpt>
<trkpt lat="45.81237" lon="6.72972"><ele>1182.0</ele></trkpt>
<trkpt lat="45.81240" lon="6.73027"><ele>1185.0</ele></trkpt>
<trkpt lat="45.81217" lon="6.73048"><ele>1190.0</ele></trkpt>
<trkpt lat="45.81195" lon="6.73036"><ele>1190.0</ele></trkpt>
<trkpt lat="45.81159" lon="6.73006"><ele>1182.0</ele></trkpt>
<trkpt lat="45.81137" lon="6.72984"><ele>1179.0</ele></trkpt>
<trkpt lat="45.81098" lon="6.72961"><ele>1177.5</ele></trkpt>
<trkpt lat="45.81076" lon="6.72950"><ele>1176.0</ele></trkpt>
<trkpt lat="45.81054" lon="6.72938"><ele>1174.5</ele></trkpt>
<trkpt lat="45.81032" lon="6.72926"><ele>1173.0</ele></trkpt>
<trkpt lat="45.81007" lon="6.72911"><ele>1169.0</ele></trkpt>
<trkpt lat="45.80976" lon="6.72870"><ele>1163.0</ele></trkpt>
<trkpt lat="45.80962" lon="6.72844"><ele>1162.0</ele></trkpt>
<trkpt lat="45.80944" lon="6.72823"><ele>1162.0</ele></trkpt>
<trkpt lat="45.80929" lon="6.72793"><ele>1162.0</ele></trkpt>
<trkpt lat="45.80906" lon="6.72769"><ele>1163.0</ele></trkpt>
<trkpt lat="45.80882" lon="6.72745"><ele>1164.0</ele></trkpt>
<trkpt lat="45.80858" lon="6.72722"><ele>1165.0</ele></trkpt>
<trkpt lat="45.80835" lon="6.72698"><ele>1166.0</ele></trkpt>
<trkpt lat="45.80805" lon="6.72681"><ele>1167.0</ele></trkpt>
<trkpt lat="45.80773" lon="6.72658"><ele>1168.0</ele></trkpt>
<trkpt lat="45.80736" lon="6.72672"><ele>1170.0</ele></trkpt>
<trkpt lat="45.80700" lon="6.72673"><ele>1171.0</ele></trkpt>
<trkpt lat="45.80668" lon="6.72668"><ele>1171.0</ele></trkpt>
<trkpt lat="45.80640" lon="6.72658"><ele>1171.0</ele></trkpt>
<trkpt lat="45.80613" lon="6.72648"><ele>1171.0</ele></trkpt>
<trkpt lat="45.80585" lon="6.72637"><ele>1171.0</ele></trkpt>
<trkpt lat="45.80558" lon="6.72627"><ele>1171.0</ele></trkpt>
<trkpt lat="45.80567" lon="6.72593"><ele>1170.0</ele></trkpt>
<trkpt lat="45.80601" lon="6.72587"><ele>1170.0</ele></trkpt>
<trkpt lat="45.80621" lon="6.72556"><ele>1169.0</ele></trkpt>
<trkpt lat="45.80591" lon="6.72531"><ele>1170.0</ele></trkpt>
<trkpt lat="45.80551" lon="6.72509"><ele>1174.0</ele></trkpt>
<trkpt lat="45.80510" lon="6.72494"><ele>1176.0</ele></trkpt>
<trkpt lat="45.80479" lon="6.72487"><ele>1177.0</ele></trkpt>
<trkpt lat="45.80447" lon="6.72485"><ele>1177.0</ele></trkpt>
<trkpt lat="45.80422" lon="6.72484"><ele>1177.0</ele></trkpt>
<trkpt lat="45.80398" lon="6.72476"><ele>1177.0</ele></trkpt>
<trkpt lat="45.80377" lon="6.72461"><ele>1177.0</ele></trkpt>
<trkpt lat="45.80356" lon="6.72445"><ele>1177.0</ele></trkpt>
<trkpt lat="45.80320" lon="6.72450"><ele>1177.0</ele></trkpt>
<trkpt lat="45.80290" lon="6.72472"><ele>1177.0</ele></trkpt>
<trkpt lat="45.80249" lon="6.72460"><ele>1177.0</ele></trkpt>
<trkpt lat="45.80217" lon="6.72455"><ele>1177.0</ele></trkpt>
<trkpt lat="45.80213" lon="6.72409"><ele>1176.0</ele></trkpt>
<trkpt lat="45.80221" lon="6.72362"><ele>1176.0</ele></trkpt>
<trkpt lat="45.80199" lon="6.72332"><ele>1176.0</ele></trkpt>
<trkpt lat="45.80168" lon="6.72317"><ele>1176.0</ele></trkpt>
<trkpt lat="45.80144" lon="6.72276"><ele>1177.0</ele></trkpt>
<trkpt lat="45.80136" lon="6.72237"><ele>1177.0</ele></trkpt>
<trkpt lat="45.80102" lon="6.72226"><ele>1178.0</ele></trkpt>
<trkpt lat="45.80078" lon="6.72211"><ele>1178.0</ele></trkpt>
<trkpt lat="45.80040" lon="6.72194"><ele>1179.0</ele></trkpt>
<trkpt lat="45.80014" lon="6.72164"><ele>1180.0</ele></trkpt>
<trkpt lat="45.79984" lon="6.72123"><ele>1182.0</ele></trkpt>
<trkpt lat="45.79953" lon="6.72095"><ele>1183.0</ele></trkpt>
<trkpt lat="45.79929" lon="6.72082"><ele>1184.0</ele></trkpt>
<trkpt lat="45.79906" lon="6.72056"><ele>1184.0</ele></trkpt>
<trkpt lat="45.79885" lon="6.72034"><ele>1185.0</ele></trkpt>
<trkpt lat="45.79846" lon="6.72015"><ele>1186.0</ele></trkpt>
<trkpt lat="45.79823" lon="6.72006"><ele>1186.0</ele></trkpt>
<trkpt lat="45.79799" lon="6.71992"><ele>1186.0</ele></trkpt>
<trkpt lat="45.79776" lon="6.71977"><ele>1187.0</ele></trkpt>
<trkpt lat="45.79739" lon="6.71957"><ele>1188.0</ele></trkpt>
<trkpt lat="45.79709" lon="6.71935"><ele>1189.0</ele></trkpt>
<trkpt lat="45.79691" lon="6.71913"><ele>1189.0</ele></trkpt>
<trkpt lat="45.79650" lon="6.71891"><ele>1190.0</ele></trkpt>
<trkpt lat="45.79616" lon="6.71885"><ele>1191.0</ele></trkpt>
<trkpt lat="45.79586" lon="6.71849"><ele>1193.0</ele></trkpt>
<trkpt lat="45.79564" lon="6.71835"><ele>1193.3</ele></trkpt>
<trkpt lat="45.79533" lon="6.71819"><ele>1193.8</ele></trkpt>
<trkpt lat="45.79496" lon="6.71799"><ele>1194.0</ele></trkpt>
<trkpt lat="45.79471" lon="6.71780"><ele>1195.0</ele></trkpt>
<trkpt lat="45.79451" lon="6.71760"><ele>1196.0</ele></trkpt>
<trkpt lat="45.79464" lon="6.71719"><ele>1197.0</ele></trkpt>
<trkpt lat="45.79453" lon="6.71688"><ele>1199.0</ele></trkpt>
<trkpt lat="45.79416" lon="6.71674"><ele>1200.0</ele></trkpt>
<trkpt lat="45.79382" lon="6.71658"><ele>1200.0</ele></trkpt>
<trkpt lat="45.79349" lon="6.71644"><ele>1201.0</ele></trkpt>
<trkpt lat="45.79320" lon="6.71628"><ele>1201.5</ele></trkpt>
<trkpt lat="45.79289" lon="6.71611"><ele>1202.5</ele></trkpt>
<trkpt lat="45.79249" lon="6.71594"><ele>1204.0</ele></trkpt>
<trkpt lat="45.79214" lon="6.71593"><ele>1204.5</ele></trkpt>
<trkpt lat="45.79175" lon="6.71607"><ele>1209.0</ele></trkpt>
<trkpt lat="45.79147" lon="6.71606"><ele>1219.0</ele></trkpt>
<trkpt lat="45.79122" lon="6.71576"><ele>1222.0</ele></trkpt>
<trkpt lat="45.79095" lon="6.71555"><ele>1227.0</ele></trkpt>
<trkpt lat="45.79068" lon="6.71535"><ele>1233.0</ele></trkpt>
<trkpt lat="45.79044" lon="6.71520"><ele>1246.0</ele></trkpt>
<trkpt lat="45.79014" lon="6.71495"><ele>1258.0</ele></trkpt>
<trkpt lat="45.78990" lon="6.71477"><ele>1266.0</ele></trkpt>
<trkpt lat="45.78959" lon="6.71465"><ele>1275.0</ele></trkpt>
<trkpt lat="45.78928" lon="6.71443"><ele>1278.5</ele></trkpt>
<trkpt lat="45.78906" lon="6.71427"><ele>1280.0</ele></trkpt>
<trkpt lat="45.78878" lon="6.71419"><ele>1287.0</ele></trkpt>
<trkpt lat="45.78846" lon="6.71408"><ele>1294.0</ele></trkpt>
<trkpt lat="45.78824" lon="6.71391"><ele>1294.0</ele></trkpt>
<trkpt lat="45.78800" lon="6.71373"><ele>1299.0</ele></trkpt>
<trkpt lat="45.78774" lon="6.71362"><ele>1304.0</ele></trkpt>
<trkpt lat="45.78744" lon="6.71341"><ele>1305.0</ele></trkpt>
<trkpt lat="45.78722" lon="6.71330"><ele>1308.0</ele></trkpt>
<trkpt lat="45.78691" lon="6.71317"><ele>1311.0</ele></trkpt>
<trkpt lat="45.78662" lon="6.71298"><ele>1315.0</ele></trkpt>
<trkpt lat="45.78640" lon="6.71289"><ele>1320.0</ele></trkpt>
<trkpt lat="45.78615" lon="6.71291"><ele>1327.0</ele></trkpt>
<trkpt lat="45.78580" lon="6.71279"><ele>1330.0</ele></trkpt>
<trkpt lat="45.78538" lon="6.71274"><ele>1335.0</ele></trkpt>
<trkpt lat="45.78509" lon="6.71262"><ele>1337.0</ele></trkpt>
<trkpt lat="45.78480" lon="6.71267"><ele>1342.0</ele></trkpt>
<trkpt lat="45.78458" lon="6.71277"><ele>1348.0</ele></trkpt>
<trkpt lat="45.78439" lon="6.71296"><ele>1356.0</ele></trkpt>
<trkpt lat="45.78411" lon="6.71311"><ele>1358.0</ele></trkpt>
<trkpt lat="45.78379" lon="6.71329"><ele>1358.0</ele></trkpt>
<trkpt lat="45.78363" lon="6.71354"><ele>1361.0</ele></trkpt>
<trkpt lat="45.78343" lon="6.71391"><ele>1365.0</ele></trkpt>
<trkpt lat="45.78321" lon="6.71434"><ele>1367.5</ele></trkpt>
<trkpt lat="45.78295" lon="6.71471"><ele>1371.0</ele></trkpt>
<trkpt lat="45.78273" lon="6.71502"><ele>1376.0</ele></trkpt>
<trkpt lat="45.78237" lon="6.71509"><ele>1378.0</ele></trkpt>
<trkpt lat="45.78197" lon="6.71527"><ele>1383.0</ele></trkpt>
<trkpt lat="45.78166" lon="6.71548"><ele>1388.0</ele></trkpt>
<trkpt lat="45.78136" lon="6.71545"><ele>1391.0</ele></trkpt>
<trkpt lat="45.78103" lon="6.71522"><ele>1399.0</ele></trkpt>
<trkpt lat="45.78074" lon="6.71515"><ele>1408.0</ele></trkpt>
<trkpt lat="45.78043" lon="6.71508"><ele>1416.0</ele></trkpt>
<trkpt lat="45.78016" lon="6.71502"><ele>1421.0</ele></trkpt>
<trkpt lat="45.77992" lon="6.71490"><ele>1426.0</ele></trkpt>
<trkpt lat="45.77970" lon="6.71471"><ele>1431.0</ele></trkpt>
<trkpt lat="45.77943" lon="6.71484"><ele>1436.0</ele></trkpt>
<trkpt lat="45.77906" lon="6.71495"><ele>1442.0</ele></trkpt>
<trkpt lat="45.77883" lon="6.71493"><ele>1446.0</ele></trkpt>
<trkpt lat="45.77856" lon="6.71490"><ele>1451.0</ele></trkpt>
<trkpt lat="45.77829" lon="6.71470"><ele>1455.0</ele></trkpt>
<trkpt lat="45.77809" lon="6.71437"><ele>1461.0</ele></trkpt>
<trkpt lat="45.77777" lon="6.71432"><ele>1467.0</ele></trkpt>
<trkpt lat="45.77754" lon="6.71444"><ele>1478.0</ele></trkpt>
<trkpt lat="45.77732" lon="6.71451"><ele>1483.0</ele></trkpt>
<trkpt lat="45.77710" lon="6.71465"><ele>1483.0</ele></trkpt>
<trkpt lat="45.77690" lon="6.71489"><ele>1484.0</ele></trkpt>
<trkpt lat="45.77666" lon="6.71491"><ele>1487.0</ele></trkpt>
<trkpt lat="45.77631" lon="6.71495"><ele>1496.0</ele></trkpt>
<trkpt lat="45.77602" lon="6.71512"><ele>1500.0</ele></trkpt>
<trkpt lat="45.77574" lon="6.71528"><ele>1503.0</ele></trkpt>
<trkpt lat="45.77541" lon="6.71570"><ele>1506.0</ele></trkpt>
<trkpt lat="45.77520" lon="6.71586"><ele>1510.0</ele></trkpt>
<trkpt lat="45.77496" lon="6.71586"><ele>1516.0</ele></trkpt>
<trkpt lat="45.77469" lon="6.71582"><ele>1523.0</ele></trkpt>
<trkpt lat="45.77444" lon="6.71584"><ele>1523.0</ele></trkpt>
<trkpt lat="45.77423" lon="6.71596"><ele>1524.0</ele></trkpt>
<trkpt lat="45.77395" lon="6.71601"><ele>1525.0</ele></trkpt>
<trkpt lat="45.77366" lon="6.71599"><ele>1532.0</ele></trkpt>
<trkpt lat="45.77332" lon="6.71593"><ele>1541.0</ele></trkpt>
<trkpt lat="45.77298" lon="6.71580"><ele>1546.0</ele></trkpt>
<trkpt lat="45.77275" lon="6.71573"><ele>1547.0</ele></trkpt>
<trkpt lat="45.77242" lon="6.71575"><ele>1547.0</ele></trkpt>
<trkpt lat="45.77213" lon="6.71580"><ele>1547.0</ele></trkpt>
<trkpt lat="45.77173" lon="6.71577"><ele>1549.0</ele></trkpt>
<trkpt lat="45.77145" lon="6.71554"><ele>1552.0</ele></trkpt>
<trkpt lat="45.77114" lon="6.71540"><ele>1552.0</ele></trkpt>
<trkpt lat="45.77078" lon="6.71532"><ele>1552.0</ele></trkpt>
<trkpt lat="45.77054" lon="6.71520"><ele>1552.0</ele></trkpt>
<trkpt lat="45.77032" lon="6.71507"><ele>1551.0</ele></trkpt>
<trkpt lat="45.77003" lon="6.71485"><ele>1551.0</ele></trkpt>
<trkpt lat="45.76965" lon="6.71480"><ele>1551.0</ele></trkpt>
<trkpt lat="45.76930" lon="6.71474"><ele>1553.0</ele></trkpt>
<trkpt lat="45.76897" lon="6.71462"><ele>1555.0</ele></trkpt>
<trkpt lat="45.76869" lon="6.71450"><ele>1556.0</ele></trkpt>
<trkpt lat="45.76846" lon="6.71436"><ele>1558.0</ele></trkpt>
<trkpt lat="45.76822" lon="6.71423"><ele>1559.0</ele></trkpt>
<trkpt lat="45.76790" lon="6.71410"><ele>1561.0</ele></trkpt>
<trkpt lat="45.76764" lon="6.71391"><ele>1562.0</ele></trkpt>
<trkpt lat="45.76738" lon="6.71366"><ele>1562.0</ele></trkpt>
<trkpt lat="45.76704" lon="6.71340"><ele>1563.0</ele></trkpt>
<trkpt lat="45.76678" lon="6.71316"><ele>1564.0</ele></trkpt>
<trkpt lat="45.76649" lon="6.71308"><ele>1566.0</ele></trkpt>
<trkpt lat="45.76618" lon="6.71299"><ele>1569.0</ele></trkpt>
<trkpt lat="45.76587" lon="6.71288"><ele>1572.0</ele></trkpt>
<trkpt lat="45.76541" lon="6.71272"><ele>1575.0</ele></trkpt>
<trkpt lat="45.76513" lon="6.71263"><ele>1578.0</ele></trkpt>
<trkpt lat="45.76475" lon="6.71250"><ele>1581.0</ele></trkpt>
<trkpt lat="45.76441" lon="6.71239"><ele>1583.0</ele></trkpt>
<trkpt lat="45.76398" lon="6.71221"><ele>1586.0</ele></trkpt>
<trkpt lat="45.76366" lon="6.71204"><ele>1590.0</ele></trkpt>
<trkpt lat="45.76332" lon="6.71194"><ele>1594.0</ele></trkpt>
<trkpt lat="45.76302" lon="6.71183"><ele>1598.0</ele></trkpt>
<trkpt lat="45.76278" lon="6.71169"><ele>1601.0</ele></trkpt>
<trkpt lat="45.76256" lon="6.71157"><ele>1604.0</ele></trkpt>
<trkpt lat="45.76215" lon="6.71138"><ele>1610.0</ele></trkpt>
<trkpt lat="45.76192" lon="6.71136"><ele>1614.0</ele></trkpt>
<trkpt lat="45.76163" lon="6.71131"><ele>1619.0</ele></trkpt>
<trkpt lat="45.76129" lon="6.71117"><ele>1627.0</ele></trkpt>
<trkpt lat="45.76103" lon="6.71099"><ele>1631.0</ele></trkpt>
<trkpt lat="45.76076" lon="6.71102"><ele>1638.0</ele></trkpt>
<trkpt lat="45.76051" lon="6.71110"><ele>1643.0</ele></trkpt>
<trkpt lat="45.76029" lon="6.71121"><ele>1647.0</ele></trkpt>
<trkpt lat="45.76006" lon="6.71122"><ele>1653.0</ele></trkpt>
<trkpt lat="45.75979" lon="6.71107"><ele>1660.0</ele></trkpt>
<trkpt lat="45.75946" lon="6.71083"><ele>1670.0</ele></trkpt>
<trkpt lat="45.75919" lon="6.71059"><ele>1675.0</ele></trkpt>
<trkpt lat="45.75895" lon="6.71046"><ele>1681.0</ele></trkpt>
<trkpt lat="45.75875" lon="6.71070"><ele>1682.0</ele></trkpt>
<trkpt lat="45.75850" lon="6.71080"><ele>1689.0</ele></trkpt>
<trkpt lat="45.75819" lon="6.71073"><ele>1696.0</ele></trkpt>
<trkpt lat="45.75806" lon="6.71101"><ele>1699.0</ele></trkpt>
<trkpt lat="45.75774" lon="6.71101"><ele>1704.0</ele></trkpt>
<trkpt lat="45.75742" lon="6.71069"><ele>1710.0</ele></trkpt>
<trkpt lat="45.75715" lon="6.71049"><ele>1714.5</ele></trkpt>
<trkpt lat="45.75698" lon="6.71023"><ele>1720.0</ele></trkpt>
<trkpt lat="45.75680" lon="6.70995"><ele>1727.0</ele></trkpt>
<trkpt lat="45.75663" lon="6.70957"><ele>1737.0</ele></trkpt>
<trkpt lat="45.75651" lon="6.70921"><ele>1747.0</ele></trkpt>
<trkpt lat="45.75635" lon="6.70888"><ele>1753.0</ele></trkpt>
<trkpt lat="45.75614" lon="6.70859"><ele>1758.0</ele></trkpt>
<trkpt lat="45.75581" lon="6.70823"><ele>1762.0</ele></trkpt>
<trkpt lat="45.75556" lon="6.70810"><ele>1768.0</ele></trkpt>
<trkpt lat="45.75533" lon="6.70817"><ele>1774.0</ele></trkpt>
<trkpt lat="45.75511" lon="6.70800"><ele>1779.0</ele></trkpt>
<trkpt lat="45.75474" lon="6.70822"><ele>1781.0</ele></trkpt>
<trkpt lat="45.75451" lon="6.70853"><ele>1782.0</ele></trkpt>
<trkpt lat="45.75428" lon="6.70871"><ele>1791.0</ele></trkpt>
<trkpt lat="45.75406" lon="6.70890"><ele>1800.0</ele></trkpt>
<trkpt lat="45.75376" lon="6.70917"><ele>1809.0</ele></trkpt>
<trkpt lat="45.75351" lon="6.70935"><ele>1819.0</ele></trkpt>
<trkpt lat="45.75325" lon="6.70920"><ele>1830.0</ele></trkpt>
<trkpt lat="45.75304" lon="6.70941"><ele>1839.0</ele></trkpt>
<trkpt lat="45.75279" lon="6.70944"><ele>1852.0</ele></trkpt>
<trkpt lat="45.75253" lon="6.70932"><ele>1864.0</ele></trkpt>
<trkpt lat="45.75228" lon="6.70940"><ele>1875.0</ele></trkpt>
<trkpt lat="45.75204" lon="6.70956"><ele>1883.0</ele></trkpt>
<trkpt lat="45.75180" lon="6.70960"><ele>1890.0</ele></trkpt>
<trkpt lat="45.75159" lon="6.70976"><ele>1897.0</ele></trkpt>
<trkpt lat="45.75135" lon="6.70981"><ele>1907.0</ele></trkpt>
<trkpt lat="45.75109" lon="6.71005"><ele>1907.0</ele></trkpt>
<trkpt lat="45.75080" lon="6.71031"><ele>1907.0</ele></trkpt>
<trkpt lat="45.75049" lon="6.71050"><ele>1907.0</ele></trkpt>
<trkpt lat="45.75032" lon="6.71087"><ele>1908.0</ele></trkpt>
<trkpt lat="45.75019" lon="6.71120"><ele>1909.5</ele></trkpt>
<trkpt lat="45.75002" lon="6.71164"><ele>1915.0</ele></trkpt>
<trkpt lat="45.74984" lon="6.71202"><ele>1916.0</ele></trkpt>
<trkpt lat="45.74960" lon="6.71228"><ele>1918.0</ele></trkpt>
<trkpt lat="45.74945" lon="6.71270"><ele>1919.0</ele></trkpt>
<trkpt lat="45.74931" lon="6.71313"><ele>1920.0</ele></trkpt>
<trkpt lat="45.74914" lon="6.71342"><ele>1922.0</ele></trkpt>
<trkpt lat="45.74897" lon="6.71368"><ele>1923.0</ele></trkpt>
<trkpt lat="45.74880" lon="6.71395"><ele>1924.0</ele></trkpt>
<trkpt lat="45.74855" lon="6.71425"><ele>1925.0</ele></trkpt>
<trkpt lat="45.74827" lon="6.71435"><ele>1927.0</ele></trkpt>
<trkpt lat="45.74789" lon="6.71456"><ele>1930.0</ele></trkpt>
<trkpt lat="45.74771" lon="6.71483"><ele>1931.0</ele></trkpt>
<trkpt lat="45.74756" lon="6.71514"><ele>1940.0</ele></trkpt>
<trkpt lat="45.74731" lon="6.71528"><ele>1942.0</ele></trkpt>
<trkpt lat="45.74719" lon="6.71559"><ele>1946.0</ele></trkpt>
<trkpt lat="45.74706" lon="6.71596"><ele>1952.0</ele></trkpt>
<trkpt lat="45.74694" lon="6.71628"><ele>1956.0</ele></trkpt>
<trkpt lat="45.74687" lon="6.71668"><ele>1960.0</ele></trkpt>
<trkpt lat="45.74670" lon="6.71711"><ele>1966.0</ele></trkpt>
<trkpt lat="45.74657" lon="6.71738"><ele>1971.0</ele></trkpt>
<trkpt lat="45.74665" lon="6.71779"><ele>1973.0</ele></trkpt>
<trkpt lat="45.74668" lon="6.71813"><ele>1977.0</ele></trkpt>
<trkpt lat="45.74647" lon="6.71794"><ele>1980.0</ele></trkpt>
<trkpt lat="45.74629" lon="6.71769"><ele>1986.0</ele></trkpt>
<trkpt lat="45.74606" lon="6.71741"><ele>1992.0</ele></trkpt>
<trkpt lat="45.74585" lon="6.71720"><ele>1999.0</ele></trkpt>
<trkpt lat="45.74564" lon="6.71708"><ele>2009.0</ele></trkpt>
<trkpt lat="45.74540" lon="6.71706"><ele>2018.0</ele></trkpt>
<trkpt lat="45.74521" lon="6.71680"><ele>2029.0</ele></trkpt>
<trkpt lat="45.74504" lon="6.71658"><ele>2038.0</ele></trkpt>
<trkpt lat="45.74489" lon="6.71634"><ele>2042.0</ele></trkpt>
<trkpt lat="45.74473" lon="6.71604"><ele>2046.0</ele></trkpt>
<trkpt lat="45.74438" lon="6.71599"><ele>2054.0</ele></trkpt>
<trkpt lat="45.74415" lon="6.71597"><ele>2059.0</ele></trkpt>
<trkpt lat="45.74392" lon="6.71577"><ele>2066.0</ele></trkpt>
<trkpt lat="45.74370" lon="6.71563"><ele>2070.0</ele></trkpt>
<trkpt lat="45.74328" lon="6.71554"><ele>2071.0</ele></trkpt>
<trkpt lat="45.74304" lon="6.71549"><ele>2074.0</ele></trkpt>
<trkpt lat="45.74277" lon="6.71533"><ele>2077.0</ele></trkpt>
<trkpt lat="45.74260" lon="6.71500"><ele>2079.0</ele></trkpt>
<trkpt lat="45.74231" lon="6.71471"><ele>2082.0</ele></trkpt>
<trkpt lat="45.74202" lon="6.71456"><ele>2087.0</ele></trkpt>
<trkpt lat="45.74184" lon="6.71434"><ele>2088.0</ele></trkpt>
<trkpt lat="45.74165" lon="6.71413"><ele>2090.0</ele></trkpt>
<trkpt lat="45.74140" lon="6.71395"><ele>2093.0</ele></trkpt>
<trkpt lat="45.74116" lon="6.71379"><ele>2095.0</ele></trkpt>
<trkpt lat="45.74092" lon="6.71372"><ele>2100.0</ele></trkpt>
<trkpt lat="45.74071" lon="6.71351"><ele>2103.0</ele></trkpt>
<trkpt lat="45.74052" lon="6.71323"><ele>2107.0</ele></trkpt>
<trkpt lat="45.74028" lon="6.71302"><ele>2111.0</ele></trkpt>
<trkpt lat="45.73997" lon="6.71285"><ele>2116.0</ele></trkpt>
<trkpt lat="45.73978" lon="6.71266"><ele>2117.0</ele></trkpt>
<trkpt lat="45.73963" lon="6.71236"><ele>2124.0</ele></trkpt>
<trkpt lat="45.73941" lon="6.71214"><ele>2131.0</ele></trkpt>
<trkpt lat="45.73929" lon="6.71181"><ele>2141.0</ele></trkpt>
<trkpt lat="45.73908" lon="6.71152"><ele>2150.0</ele></trkpt>
<trkpt lat="45.73895" lon="6.71121"><ele>2157.0</ele></trkpt>
<trkpt lat="45.73873" lon="6.71092"><ele>2164.0</ele></trkpt>
<trkpt lat="45.73862" lon="6.71061"><ele>2173.0</ele></trkpt>
<trkpt lat="45.73846" lon="6.71033"><ele>2179.0</ele></trkpt>
<trkpt lat="45.73834" lon="6.71002"><ele>2190.0</ele></trkpt>
<trkpt lat="45.73808" lon="6.70985"><ele>2198.0</ele></trkpt>
<trkpt lat="45.73799" lon="6.70955"><ele>2211.0</ele></trkpt>
<trkpt lat="45.73779" lon="6.70930"><ele>2220.0</ele></trkpt>
<trkpt lat="45.73761" lon="6.70908"><ele>2228.0</ele></trkpt>
<trkpt lat="45.73741" lon="6.70885"><ele>2235.0</ele></trkpt>
<trkpt lat="45.73757" lon="6.70851"><ele>2241.0</ele></trkpt>
<trkpt lat="45.73781" lon="6.70838"><ele>2245.0</ele></trkpt>
<trkpt lat="45.73779" lon="6.70805"><ele>2255.0</ele></trkpt>
<trkpt lat="45.73759" lon="6.70789"><ele>2260.0</ele></trkpt>
<trkpt lat="45.73733" lon="6.70777"><ele>2266.0</ele></trkpt>
<trkpt lat="45.73704" lon="6.70772"><ele>2271.0</ele></trkpt>
<trkpt lat="45.73679" lon="6.70776"><ele>2275.0</ele></trkpt>
<trkpt lat="45.73652" lon="6.70776"><ele>2280.0</ele></trkpt>
<trkpt lat="45.73630" lon="6.70763"><ele>2287.0</ele></trkpt>
<trkpt lat="45.73610" lon="6.70748"><ele>2298.0</ele></trkpt>
<trkpt lat="45.73586" lon="6.70722"><ele>2308.0</ele></trkpt>
<trkpt lat="45.73566" lon="6.70699"><ele>2316.0</ele></trkpt>
<trkpt lat="45.73535" lon="6.70679"><ele>2327.0</ele></trkpt>
<trkpt lat="45.73502" lon="6.70680"><ele>2331.0</ele></trkpt>
<trkpt lat="45.73475" lon="6.70705"><ele>2334.5</ele></trkpt>
<trkpt lat="45.73448" lon="6.70730"><ele>2338.0</ele></trkpt>
<trkpt lat="45.73435" lon="6.70767"><ele>2341.0</ele></trkpt>
<trkpt lat="45.73418" lon="6.70799"><ele>2344.0</ele></trkpt>
<trkpt lat="45.73399" lon="6.70831"><ele>2348.0</ele></trkpt>
<trkpt lat="45.73374" lon="6.70848"><ele>2353.0</ele></trkpt>
<trkpt lat="45.73349" lon="6.70861"><ele>2358.0</ele></trkpt>
<trkpt lat="45.73324" lon="6.70865"><ele>2366.0</ele></trkpt>
<trkpt lat="45.73296" lon="6.70843"><ele>2368.0</ele></trkpt>
<trkpt lat="45.73270" lon="6.70838"><ele>2373.0</ele></trkpt>
<trkpt lat="45.73245" lon="6.70827"><ele>2379.0</ele></trkpt>
<trkpt lat="45.73222" lon="6.70831"><ele>2383.0</ele></trkpt>
<trkpt lat="45.73191" lon="6.70835"><ele>2385.0</ele></trkpt>
<trkpt lat="45.73166" lon="6.70838"><ele>2387.0</ele></trkpt>
<trkpt lat="45.73142" lon="6.70837"><ele>2391.0</ele></trkpt>
<trkpt lat="45.73106" lon="6.70847"><ele>2392.0</ele></trkpt>
<trkpt lat="45.73084" lon="6.70871"><ele>2398.0</ele></trkpt>
<trkpt lat="45.73069" lon="6.70898"><ele>2404.0</ele></trkpt>
<trkpt lat="45.73041" lon="6.70905"><ele>2407.0</ele></trkpt>
<trkpt lat="45.73015" lon="6.70921"><ele>2407.0</ele></trkpt>
<trkpt lat="45.72993" lon="6.70937"><ele>2410.0</ele></trkpt>
<trkpt lat="45.72977" lon="6.70968"><ele>2411.0</ele></trkpt>
<trkpt lat="45.72956" lon="6.71009"><ele>2414.0</ele></trkpt>
<trkpt lat="45.72933" lon="6.71028"><ele>2418.0</ele></trkpt>
<trkpt lat="45.72904" lon="6.71026"><ele>2418.0</ele></trkpt>
<trkpt lat="45.72877" lon="6.71029"><ele>2416.0</ele></trkpt>
<trkpt lat="45.72853" lon="6.71027"><ele>2411.0</ele></trkpt>
<trkpt lat="45.72828" lon="6.71032"><ele>2407.0</ele></trkpt>
<trkpt lat="45.72805" lon="6.71037"><ele>2407.0</ele></trkpt>
<trkpt lat="45.72802" lon="6.71076"><ele>2415.0</ele></trkpt>
<trkpt lat="45.72781" lon="6.71096"><ele>2415.0</ele></trkpt>
<trkpt lat="45.72756" lon="6.71105"><ele>2415.0</ele></trkpt>
<trkpt lat="45.72723" lon="6.71127"><ele>2419.0</ele></trkpt>
<trkpt lat="45.72696" lon="6.71142"><ele>2419.0</ele></trkpt>
<trkpt lat="45.72687" lon="6.71176"><ele>2423.0</ele></trkpt>
<trkpt lat="45.72670" lon="6.71206"><ele>2423.0</ele></trkpt>
<trkpt lat="45.72648" lon="6.71230"><ele>2421.0</ele></trkpt>
<trkpt lat="45.72624" lon="6.71227"><ele>2418.0</ele></trkpt>
<trkpt lat="45.72614" lon="6.71261"><ele>2417.0</ele></trkpt>
<trkpt lat="45.72590" lon="6.71269"><ele>2417.0</ele></trkpt>
<trkpt lat="45.72579" lon="6.71301"><ele>2422.0</ele></trkpt>
<trkpt lat="45.72565" lon="6.71328"><ele>2426.0</ele></trkpt>
<trkpt lat="45.72555" lon="6.71368"><ele>2436.0</ele></trkpt>
<trkpt lat="45.72554" lon="6.71417"><ele>2443.0</ele></trkpt>
<trkpt lat="45.72550" lon="6.71451"><ele>2446.0</ele></trkpt>
<trkpt lat="45.72538" lon="6.71481"><ele>2449.5</ele></trkpt>
<trkpt lat="45.72540" lon="6.71514"><ele>2455.0</ele></trkpt>
<trkpt lat="45.72552" lon="6.71550"><ele>2461.0</ele></trkpt>
<trkpt lat="45.72547" lon="6.71586"><ele>2464.0</ele></trkpt>
<trkpt lat="45.72524" lon="6.71611"><ele>2475.0</ele></trkpt>
<trkpt lat="45.72506" lon="6.71654"><ele>2482.0</ele></trkpt>
<trkpt lat="45.72485" lon="6.71671"><ele>2485.0</ele></trkpt>
<trkpt lat="45.72462" lon="6.71681"><ele>2490.0</ele></trkpt>
<trkpt lat="45.72423" lon="6.71698"><ele>2484.0</ele></trkpt>
<trkpt lat="45.72401" lon="6.71717"><ele>2479.0</ele></trkpt>
<trkpt lat="45.72377" lon="6.71718"><ele>2475.0</ele></trkpt>
<trkpt lat="45.72349" lon="6.71707"><ele>2471.0</ele></trkpt>
<trkpt lat="45.72314" lon="6.71712"><ele>2467.0</ele></trkpt>
<trkpt lat="45.72281" lon="6.71717"><ele>2461.0</ele></trkpt>
<trkpt lat="45.72245" lon="6.71732"><ele>2453.0</ele></trkpt>
<trkpt lat="45.72224" lon="6.71753"><ele>2449.0</ele></trkpt>
<trkpt lat="45.72203" lon="6.71777"><ele>2445.0</ele></trkpt>
<trkpt lat="45.72208" lon="6.71815"><ele>2441.0</ele></trkpt>
<trkpt lat="45.72216" lon="6.71852"><ele>2433.0</ele></trkpt>
<trkpt lat="45.72202" lon="6.71881"><ele>2429.0</ele></trkpt>
<trkpt lat="45.72178" lon="6.71893"><ele>2426.0</ele></trkpt>
<trkpt lat="45.72154" lon="6.71930"><ele>2420.0</ele></trkpt>
<trkpt lat="45.72157" lon="6.71964"><ele>2415.0</ele></trkpt>
<trkpt lat="45.72142" lon="6.71994"><ele>2406.0</ele></trkpt>
<trkpt lat="45.72129" lon="6.72024"><ele>2396.0</ele></trkpt>
<trkpt lat="45.72106" lon="6.72038"><ele>2386.0</ele></trkpt>
<trkpt lat="45.72098" lon="6.72072"><ele>2380.0</ele></trkpt>
<trkpt lat="45.72088" lon="6.72107"><ele>2378.0</ele></trkpt>
<trkpt lat="45.72067" lon="6.72119"><ele>2373.0</ele></trkpt>
<trkpt lat="45.72051" lon="6.72143"><ele>2365.0</ele></trkpt>
<trkpt lat="45.72036" lon="6.72167"><ele>2360.0</ele></trkpt>
<trkpt lat="45.72010" lon="6.72204"><ele>2357.0</ele></trkpt>
<trkpt lat="45.71988" lon="6.72226"><ele>2355.0</ele></trkpt>
<trkpt lat="45.71969" lon="6.72251"><ele>2351.0</ele></trkpt>
<trkpt lat="45.71985" lon="6.72275"><ele>2347.0</ele></trkpt>
<trkpt lat="45.71965" lon="6.72300"><ele>2344.0</ele></trkpt>
<trkpt lat="45.71946" lon="6.72353"><ele>2343.0</ele></trkpt>
<trkpt lat="45.71921" lon="6.72374"><ele>2342.0</ele></trkpt>
<trkpt lat="45.71897" lon="6.72400"><ele>2340.0</ele></trkpt>
<trkpt lat="45.71879" lon="6.72454"><ele>2335.0</ele></trkpt>
<trkpt lat="45.71871" lon="6.72498"><ele>2331.0</ele></trkpt>
<trkpt lat="45.71873" lon="6.72537"><ele>2329.0</ele></trkpt>
<trkpt lat="45.71842" lon="6.72542"><ele>2325.0</ele></trkpt>
<trkpt lat="45.71816" lon="6.72557"><ele>2318.0</ele></trkpt>
<trkpt lat="45.71787" lon="6.72577"><ele>2308.0</ele></trkpt>
<trkpt lat="45.71763" lon="6.72560"><ele>2298.0</ele></trkpt>
<trkpt lat="45.71752" lon="6.72592"><ele>2290.0</ele></trkpt>
<trkpt lat="45.71722" lon="6.72599"><ele>2278.0</ele></trkpt>
<trkpt lat="45.71692" lon="6.72575"><ele>2269.5</ele></trkpt>
<trkpt lat="45.71665" lon="6.72572"><ele>2263.0</ele></trkpt>
<trkpt lat="45.71637" lon="6.72564"><ele>2259.0</ele></trkpt>
<trkpt lat="45.71605" lon="6.72570"><ele>2253.5</ele></trkpt>
<trkpt lat="45.71566" lon="6.72571"><ele>2243.0</ele></trkpt>
<trkpt lat="45.71567" lon="6.72536"><ele>2236.0</ele></trkpt>
<trkpt lat="45.71528" lon="6.72549"><ele>2227.0</ele></trkpt>
<trkpt lat="45.71506" lon="6.72536"><ele>2220.0</ele></trkpt>
<trkpt lat="45.71483" lon="6.72542"><ele>2211.0</ele></trkpt>
<trkpt lat="45.71458" lon="6.72510"><ele>2201.0</ele></trkpt>
<trkpt lat="45.71432" lon="6.72522"><ele>2190.0</ele></trkpt>
<trkpt lat="45.71408" lon="6.72528"><ele>2177.0</ele></trkpt>
<trkpt lat="45.71382" lon="6.72530"><ele>2165.0</ele></trkpt>
<trkpt lat="45.71358" lon="6.72526"><ele>2155.0</ele></trkpt>
<trkpt lat="45.71357" lon="6.72493"><ele>2151.0</ele></trkpt>
<trkpt lat="45.71338" lon="6.72473"><ele>2142.0</ele></trkpt>
<trkpt lat="45.71344" lon="6.72439"><ele>2135.0</ele></trkpt>
<trkpt lat="45.71322" lon="6.72454"><ele>2130.0</ele></trkpt>
<trkpt lat="45.71308" lon="6.72480"><ele>2124.0</ele></trkpt>
<trkpt lat="45.71280" lon="6.72462"><ele>2113.5</ele></trkpt>
<trkpt lat="45.71257" lon="6.72454"><ele>2106.0</ele></trkpt>
<trkpt lat="45.71253" lon="6.72489"><ele>2100.0</ele></trkpt>
<trkpt lat="45.71223" lon="6.72490"><ele>2092.0</ele></trkpt>
<trkpt lat="45.71202" lon="6.72516"><ele>2085.0</ele></trkpt>
<trkpt lat="45.71192" lon="6.72546"><ele>2078.0</ele></trkpt>
<trkpt lat="45.71171" lon="6.72561"><ele>2075.0</ele></trkpt>
<trkpt lat="45.71142" lon="6.72583"><ele>2072.5</ele></trkpt>
<trkpt lat="45.71111" lon="6.72626"><ele>2065.0</ele></trkpt>
<trkpt lat="45.71092" lon="6.72649"><ele>2059.0</ele></trkpt>
<trkpt lat="45.71068" lon="6.72680"><ele>2053.0</ele></trkpt>
<trkpt lat="45.71046" lon="6.72706"><ele>2045.0</ele></trkpt>
<trkpt lat="45.71016" lon="6.72733"><ele>2038.0</ele></trkpt>
<trkpt lat="45.70994" lon="6.72750"><ele>2034.0</ele></trkpt>
<trkpt lat="45.70965" lon="6.72773"><ele>2030.0</ele></trkpt>
<trkpt lat="45.70932" lon="6.72798"><ele>2024.0</ele></trkpt>
<trkpt lat="45.70912" lon="6.72816"><ele>2021.0</ele></trkpt>
<trkpt lat="45.70877" lon="6.72826"><ele>2019.0</ele></trkpt>
<trkpt lat="45.70844" lon="6.72812"><ele>2014.0</ele></trkpt>
<trkpt lat="45.70819" lon="6.72833"><ele>2013.0</ele></trkpt>
<trkpt lat="45.70799" lon="6.72859"><ele>2007.0</ele></trkpt>
<trkpt lat="45.70776" lon="6.72872"><ele>2002.0</ele></trkpt>
<trkpt lat="45.70751" lon="6.72903"><ele>1994.0</ele></trkpt>
<trkpt lat="45.70730" lon="6.72887"><ele>1988.0</ele></trkpt>
<trkpt lat="45.70727" lon="6.72855"><ele>1983.0</ele></trkpt>
<trkpt lat="45.70713" lon="6.72881"><ele>1980.0</ele></trkpt>
<trkpt lat="45.70695" lon="6.72914"><ele>1975.0</ele></trkpt>
<trkpt lat="45.70687" lon="6.72968"><ele>1970.0</ele></trkpt>
<trkpt lat="45.70676" lon="6.72999"><ele>1963.0</ele></trkpt>
<trkpt lat="45.70653" lon="6.72960"><ele>1955.5</ele></trkpt>
<trkpt lat="45.70625" lon="6.72957"><ele>1943.0</ele></trkpt>
<trkpt lat="45.70599" lon="6.72968"><ele>1935.0</ele></trkpt>
<trkpt lat="45.70574" lon="6.72978"><ele>1928.0</ele></trkpt>
<trkpt lat="45.70552" lon="6.72965"><ele>1918.0</ele></trkpt>
<trkpt lat="45.70546" lon="6.72919"><ele>1911.0</ele></trkpt>
<trkpt lat="45.70522" lon="6.72913"><ele>1901.0</ele></trkpt>
<trkpt lat="45.70513" lon="6.72956"><ele>1894.0</ele></trkpt>
<trkpt lat="45.70500" lon="6.72987"><ele>1888.0</ele></trkpt>
<trkpt lat="45.70474" lon="6.73000"><ele>1881.0</ele></trkpt>
<trkpt lat="45.70451" lon="6.73002"><ele>1876.0</ele></trkpt>
<trkpt lat="45.70433" lon="6.73022"><ele>1870.0</ele></trkpt>
<trkpt lat="45.70397" lon="6.73024"><ele>1861.0</ele></trkpt>
<trkpt lat="45.70359" lon="6.73022"><ele>1850.0</ele></trkpt>
<trkpt lat="45.70334" lon="6.73016"><ele>1843.0</ele></trkpt>
<trkpt lat="45.70313" lon="6.73003"><ele>1836.0</ele></trkpt>
<trkpt lat="45.70283" lon="6.73003"><ele>1826.5</ele></trkpt>
<trkpt lat="45.70258" lon="6.73001"><ele>1820.0</ele></trkpt>
<trkpt lat="45.70235" lon="6.72994"><ele>1812.0</ele></trkpt>
<trkpt lat="45.70209" lon="6.72982"><ele>1804.0</ele></trkpt>
<trkpt lat="45.70185" lon="6.72976"><ele>1797.0</ele></trkpt>
<trkpt lat="45.70159" lon="6.72954"><ele>1794.0</ele></trkpt>
<trkpt lat="45.70125" lon="6.72941"><ele>1790.0</ele></trkpt>
<trkpt lat="45.70099" lon="6.72914"><ele>1786.0</ele></trkpt>
<trkpt lat="45.70077" lon="6.72878"><ele>1783.0</ele></trkpt>
<trkpt lat="45.70059" lon="6.72857"><ele>1779.0</ele></trkpt>
<trkpt lat="45.70041" lon="6.72830"><ele>1775.0</ele></trkpt>
<trkpt lat="45.70025" lon="6.72807"><ele>1773.0</ele></trkpt>
<trkpt lat="45.70017" lon="6.72773"><ele>1771.0</ele></trkpt>
<trkpt lat="45.70021" lon="6.72735"><ele>1770.0</ele></trkpt>
<trkpt lat="45.69997" lon="6.72730"><ele>1765.0</ele></trkpt>
<trkpt lat="45.69960" lon="6.72752"><ele>1752.0</ele></trkpt>
<trkpt lat="45.69932" lon="6.72781"><ele>1741.0</ele></trkpt>
<trkpt lat="45.69908" lon="6.72775"><ele>1738.0</ele></trkpt>
<trkpt lat="45.69882" lon="6.72778"><ele>1735.0</ele></trkpt>
<trkpt lat="45.69859" lon="6.72759"><ele>1732.0</ele></trkpt>
<trkpt lat="45.69830" lon="6.72709"><ele>1727.0</ele></trkpt>
<trkpt lat="45.69819" lon="6.72741"><ele>1720.0</ele></trkpt>
<trkpt lat="45.69833" lon="6.72782"><ele>1716.5</ele></trkpt>
<trkpt lat="45.69851" lon="6.72840"><ele>1711.0</ele></trkpt>
<trkpt lat="45.69865" lon="6.72879"><ele>1707.0</ele></trkpt>
<trkpt lat="45.69876" lon="6.72909"><ele>1706.0</ele></trkpt>
<trkpt lat="45.69851" lon="6.72893"><ele>1699.0</ele></trkpt>
<trkpt lat="45.69827" lon="6.72865"><ele>1696.5</ele></trkpt>
<trkpt lat="45.69798" lon="6.72830"><ele>1693.0</ele></trkpt>
<trkpt lat="45.69768" lon="6.72848"><ele>1684.0</ele></trkpt>
<trkpt lat="45.69749" lon="6.72875"><ele>1676.0</ele></trkpt>
<trkpt lat="45.69742" lon="6.72924"><ele>1668.0</ele></trkpt>
<trkpt lat="45.69723" lon="6.72978"><ele>1660.0</ele></trkpt>
<trkpt lat="45.69728" lon="6.73011"><ele>1654.0</ele></trkpt>
<trkpt lat="45.69737" lon="6.73061"><ele>1645.5</ele></trkpt>
<trkpt lat="45.69743" lon="6.73098"><ele>1637.0</ele></trkpt>
<trkpt lat="45.69712" lon="6.73104"><ele>1631.0</ele></trkpt>
<trkpt lat="45.69709" lon="6.73147"><ele>1621.0</ele></trkpt>
<trkpt lat="45.69724" lon="6.73179"><ele>1613.0</ele></trkpt>
<trkpt lat="45.69722" lon="6.73216"><ele>1604.0</ele></trkpt>
<trkpt lat="45.69706" lon="6.73241"><ele>1597.0</ele></trkpt>
<trkpt lat="45.69709" lon="6.73275"><ele>1588.0</ele></trkpt>
<trkpt lat="45.69681" lon="6.73279"><ele>1582.0</ele></trkpt>
<trkpt lat="45.69683" lon="6.73315"><ele>1575.0</ele></trkpt>
<trkpt lat="45.69661" lon="6.73325"><ele>1563.0</ele></trkpt>
<trkpt lat="45.69634" lon="6.73328"><ele>1554.0</ele></trkpt>
<trkpt lat="45.69641" lon="6.73366"><ele>1549.0</ele></trkpt>
<trkpt lat="45.69621" lon="6.73381"><ele>1548.0</ele></trkpt>
<trkpt lat="45.69594" lon="6.73388"><ele>1547.0</ele></trkpt>
<trkpt lat="45.69570" lon="6.73365"><ele>1547.0</ele></trkpt>
<trkpt lat="45.69586" lon="6.73388"><ele>1547.0</ele></trkpt>
<trkpt lat="45.69622" lon="6.73382"><ele>1548.5</ele></trkpt>
<trkpt lat="45.69645" lon="6.73370"><ele>1549.0</ele></trkpt>
<trkpt lat="45.69669" lon="6.73369"><ele>1550.0</ele></trkpt>
<trkpt lat="45.69697" lon="6.73389"><ele>1552.0</ele></trkpt>
<trkpt lat="45.69715" lon="6.73422"><ele>1552.0</ele></trkpt>
<trkpt lat="45.69726" lon="6.73456"><ele>1551.0</ele></trkpt>
<trkpt lat="45.69735" lon="6.73499"><ele>1550.0</ele></trkpt>
<trkpt lat="45.69759" lon="6.73540"><ele>1549.0</ele></trkpt>
<trkpt lat="45.69783" lon="6.73586"><ele>1549.0</ele></trkpt>
<trkpt lat="45.69807" lon="6.73630"><ele>1550.5</ele></trkpt>
<trkpt lat="45.69828" lon="6.73661"><ele>1551.0</ele></trkpt>
<trkpt lat="45.69847" lon="6.73686"><ele>1551.0</ele></trkpt>
<trkpt lat="45.69872" lon="6.73721"><ele>1553.0</ele></trkpt>
<trkpt lat="45.69911" lon="6.73747"><ele>1554.0</ele></trkpt>
<trkpt lat="45.69935" lon="6.73766"><ele>1555.0</ele></trkpt>
<trkpt lat="45.69951" lon="6.73789"><ele>1556.0</ele></trkpt>
<trkpt lat="45.69966" lon="6.73813"><ele>1556.0</ele></trkpt>
<trkpt lat="45.69979" lon="6.73840"><ele>1557.0</ele></trkpt>
<trkpt lat="45.69982" lon="6.73879"><ele>1558.0</ele></trkpt>
<trkpt lat="45.69997" lon="6.73909"><ele>1560.0</ele></trkpt>
<trkpt lat="45.70020" lon="6.73942"><ele>1562.0</ele></trkpt>
<trkpt lat="45.70042" lon="6.73956"><ele>1565.0</ele></trkpt>
<trkpt lat="45.70062" lon="6.73976"><ele>1567.0</ele></trkpt>
<trkpt lat="45.70090" lon="6.73995"><ele>1568.0</ele></trkpt>
<trkpt lat="45.70110" lon="6.74022"><ele>1570.0</ele></trkpt>
<trkpt lat="45.70121" lon="6.74053"><ele>1572.0</ele></trkpt>
<trkpt lat="45.70127" lon="6.74085"><ele>1572.0</ele></trkpt>
<trkpt lat="45.70131" lon="6.74123"><ele>1576.0</ele></trkpt>
<trkpt lat="45.70135" lon="6.74160"><ele>1579.0</ele></trkpt>
<trkpt lat="45.70146" lon="6.74196"><ele>1583.0</ele></trkpt>
<trkpt lat="45.70160" lon="6.74235"><ele>1587.0</ele></trkpt>
<trkpt lat="45.70177" lon="6.74276"><ele>1592.0</ele></trkpt>
<trkpt lat="45.70184" lon="6.74316"><ele>1596.0</ele></trkpt>
<trkpt lat="45.70197" lon="6.74363"><ele>1601.0</ele></trkpt>
<trkpt lat="45.70220" lon="6.74391"><ele>1606.0</ele></trkpt>
<trkpt lat="45.70236" lon="6.74414"><ele>1608.0</ele></trkpt>
<trkpt lat="45.70259" lon="6.74431"><ele>1609.5</ele></trkpt>
<trkpt lat="45.70281" lon="6.74449"><ele>1610.0</ele></trkpt>
<trkpt lat="45.70304" lon="6.74469"><ele>1613.0</ele></trkpt>
<trkpt lat="45.70325" lon="6.74489"><ele>1613.0</ele></trkpt>
<trkpt lat="45.70341" lon="6.74513"><ele>1615.0</ele></trkpt>
<trkpt lat="45.70365" lon="6.74546"><ele>1618.0</ele></trkpt>
<trkpt lat="45.70384" lon="6.74591"><ele>1623.0</ele></trkpt>
<trkpt lat="45.70406" lon="6.74623"><ele>1626.0</ele></trkpt>
<trkpt lat="45.70425" lon="6.74659"><ele>1629.0</ele></trkpt>
<trkpt lat="45.70451" lon="6.74711"><ele>1630.5</ele></trkpt>
<trkpt lat="45.70467" lon="6.74738"><ele>1632.0</ele></trkpt>
<trkpt lat="45.70500" lon="6.74767"><ele>1635.0</ele></trkpt>
<trkpt lat="45.70520" lon="6.74794"><ele>1636.0</ele></trkpt>
<trkpt lat="45.70542" lon="6.74828"><ele>1636.0</ele></trkpt>
<trkpt lat="45.70566" lon="6.74843"><ele>1636.0</ele></trkpt>
<trkpt lat="45.70600" lon="6.74864"><ele>1637.0</ele></trkpt>
<trkpt lat="45.70627" lon="6.74902"><ele>1640.0</ele></trkpt>
<trkpt lat="45.70647" lon="6.74947"><ele>1642.0</ele></trkpt>
<trkpt lat="45.70657" lon="6.74976"><ele>1645.0</ele></trkpt>
<trkpt lat="45.70681" lon="6.75003"><ele>1648.0</ele></trkpt>
<trkpt lat="45.70694" lon="6.75043"><ele>1650.0</ele></trkpt>
<trkpt lat="45.70713" lon="6.75064"><ele>1651.0</ele></trkpt>
<trkpt lat="45.70737" lon="6.75093"><ele>1654.0</ele></trkpt>
<trkpt lat="45.70763" lon="6.75106"><ele>1656.0</ele></trkpt>
<trkpt lat="45.70786" lon="6.75133"><ele>1657.0</ele></trkpt>
<trkpt lat="45.70813" lon="6.75147"><ele>1659.0</ele></trkpt>
<trkpt lat="45.70829" lon="6.75177"><ele>1659.0</ele></trkpt>
<trkpt lat="45.70853" lon="6.75199"><ele>1658.0</ele></trkpt>
<trkpt lat="45.70879" lon="6.75230"><ele>1656.0</ele></trkpt>
<trkpt lat="45.70887" lon="6.75261"><ele>1655.0</ele></trkpt>
<trkpt lat="45.70903" lon="6.75287"><ele>1652.0</ele></trkpt>
<trkpt lat="45.70926" lon="6.75338"><ele>1644.0</ele></trkpt>
<trkpt lat="45.70914" lon="6.75370"><ele>1644.0</ele></trkpt>
<trkpt lat="45.70930" lon="6.75408"><ele>1645.0</ele></trkpt>
<trkpt lat="45.70949" lon="6.75451"><ele>1645.0</ele></trkpt>
<trkpt lat="45.70969" lon="6.75478"><ele>1645.0</ele></trkpt>
<trkpt lat="45.70994" lon="6.75498"><ele>1645.0</ele></trkpt>
<trkpt lat="45.71020" lon="6.75511"><ele>1645.0</ele></trkpt>
<trkpt lat="45.71050" lon="6.75543"><ele>1647.0</ele></trkpt>
<trkpt lat="45.71084" lon="6.75565"><ele>1647.5</ele></trkpt>
<trkpt lat="45.71122" lon="6.75584"><ele>1648.0</ele></trkpt>
<trkpt lat="45.71151" lon="6.75602"><ele>1649.0</ele></trkpt>
<trkpt lat="45.71179" lon="6.75603"><ele>1650.0</ele></trkpt>
<trkpt lat="45.71208" lon="6.75614"><ele>1651.0</ele></trkpt>
<trkpt lat="45.71234" lon="6.75641"><ele>1651.5</ele></trkpt>
<trkpt lat="45.71260" lon="6.75679"><ele>1653.0</ele></trkpt>
<trkpt lat="45.71286" lon="6.75699"><ele>1655.0</ele></trkpt>
<trkpt lat="45.71308" lon="6.75706"><ele>1656.0</ele></trkpt>
<trkpt lat="45.71332" lon="6.75739"><ele>1658.0</ele></trkpt>
<trkpt lat="45.71355" lon="6.75751"><ele>1659.0</ele></trkpt>
<trkpt lat="45.71378" lon="6.75754"><ele>1660.0</ele></trkpt>
<trkpt lat="45.71403" lon="6.75767"><ele>1663.0</ele></trkpt>
<trkpt lat="45.71431" lon="6.75758"><ele>1665.0</ele></trkpt>
<trkpt lat="45.71447" lon="6.75795"><ele>1679.0</ele></trkpt>
<trkpt lat="45.71447" lon="6.75832"><ele>1685.0</ele></trkpt>
<trkpt lat="45.71469" lon="6.75856"><ele>1687.0</ele></trkpt>
<trkpt lat="45.71496" lon="6.75887"><ele>1691.0</ele></trkpt>
<trkpt lat="45.71528" lon="6.75930"><ele>1697.0</ele></trkpt>
<trkpt lat="45.71556" lon="6.75958"><ele>1700.0</ele></trkpt>
<trkpt lat="45.71582" lon="6.75982"><ele>1704.0</ele></trkpt>
<trkpt lat="45.71613" lon="6.76007"><ele>1707.5</ele></trkpt>
<trkpt lat="45.71633" lon="6.76026"><ele>1711.0</ele></trkpt>
<trkpt lat="45.71646" lon="6.76054"><ele>1712.0</ele></trkpt>
<trkpt lat="45.71670" lon="6.76058"><ele>1715.0</ele></trkpt>
<trkpt lat="45.71692" lon="6.76092"><ele>1723.0</ele></trkpt>
<trkpt lat="45.71706" lon="6.76119"><ele>1729.0</ele></trkpt>
<trkpt lat="45.71726" lon="6.76159"><ele>1732.0</ele></trkpt>
<trkpt lat="45.71753" lon="6.76185"><ele>1734.0</ele></trkpt>
<trkpt lat="45.71768" lon="6.76209"><ele>1737.0</ele></trkpt>
<trkpt lat="45.71804" lon="6.76244"><ele>1743.0</ele></trkpt>
<trkpt lat="45.71831" lon="6.76283"><ele>1752.0</ele></trkpt>
<trkpt lat="45.71852" lon="6.76298"><ele>1757.0</ele></trkpt>
<trkpt lat="45.71870" lon="6.76326"><ele>1762.0</ele></trkpt>
<trkpt lat="45.71891" lon="6.76367"><ele>1767.0</ele></trkpt>
<trkpt lat="45.71902" lon="6.76403"><ele>1774.0</ele></trkpt>
<trkpt lat="45.71899" lon="6.76446"><ele>1782.0</ele></trkpt>
<trkpt lat="45.71911" lon="6.76479"><ele>1787.0</ele></trkpt>
<trkpt lat="45.71916" lon="6.76519"><ele>1791.0</ele></trkpt>
<trkpt lat="45.71926" lon="6.76552"><ele>1797.0</ele></trkpt>
<trkpt lat="45.71946" lon="6.76583"><ele>1800.0</ele></trkpt>
<trkpt lat="45.71960" lon="6.76612"><ele>1809.0</ele></trkpt>
<trkpt lat="45.71986" lon="6.76627"><ele>1813.0</ele></trkpt>
<trkpt lat="45.72007" lon="6.76644"><ele>1818.0</ele></trkpt>
<trkpt lat="45.72027" lon="6.76664"><ele>1824.0</ele></trkpt>
<trkpt lat="45.72037" lon="6.76697"><ele>1825.5</ele></trkpt>
<trkpt lat="45.72060" lon="6.76717"><ele>1825.5</ele></trkpt>
<trkpt lat="45.72086" lon="6.76732"><ele>1824.0</ele></trkpt>
<trkpt lat="45.72122" lon="6.76754"><ele>1823.0</ele></trkpt>
<trkpt lat="45.72125" lon="6.76808"><ele>1814.0</ele></trkpt>
<trkpt lat="45.72122" lon="6.76842"><ele>1814.0</ele></trkpt>
<trkpt lat="45.72136" lon="6.76874"><ele>1818.0</ele></trkpt>
<trkpt lat="45.72173" lon="6.76862"><ele>1829.0</ele></trkpt>
<trkpt lat="45.72201" lon="6.76853"><ele>1835.0</ele></trkpt>
<trkpt lat="45.72227" lon="6.76846"><ele>1837.0</ele></trkpt>
<trkpt lat="45.72250" lon="6.76844"><ele>1837.0</ele></trkpt>
<trkpt lat="45.72288" lon="6.76851"><ele>1837.0</ele></trkpt>
<trkpt lat="45.72313" lon="6.76870"><ele>1837.0</ele></trkpt>
<trkpt lat="45.72336" lon="6.76898"><ele>1836.0</ele></trkpt>
<trkpt lat="45.72358" lon="6.76912"><ele>1830.0</ele></trkpt>
<trkpt lat="45.72386" lon="6.76915"><ele>1824.0</ele></trkpt>
<trkpt lat="45.72410" lon="6.76916"><ele>1821.0</ele></trkpt>
<trkpt lat="45.72443" lon="6.76914"><ele>1815.0</ele></trkpt>
<trkpt lat="45.72474" lon="6.76909"><ele>1812.0</ele></trkpt>
<trkpt lat="45.72513" lon="6.76900"><ele>1806.0</ele></trkpt>
<trkpt lat="45.72538" lon="6.76879"><ele>1800.0</ele></trkpt>
<trkpt lat="45.72567" lon="6.76875"><ele>1796.0</ele></trkpt>
<trkpt lat="45.72597" lon="6.76884"><ele>1793.0</ele></trkpt>
<trkpt lat="45.72619" lon="6.76893"><ele>1790.0</ele></trkpt>
<trkpt lat="45.72664" lon="6.76907"><ele>1787.0</ele></trkpt>
<trkpt lat="45.72691" lon="6.76920"><ele>1783.0</ele></trkpt>
<trkpt lat="45.72715" lon="6.76919"><ele>1778.0</ele></trkpt>
<trkpt lat="45.72736" lon="6.76907"><ele>1776.0</ele></trkpt>
<trkpt lat="45.72763" lon="6.76920"><ele>1776.0</ele></trkpt>
<trkpt lat="45.72787" lon="6.76946"><ele>1779.0</ele></trkpt>
<trkpt lat="45.72821" lon="6.76960"><ele>1785.0</ele></trkpt>
<trkpt lat="45.72848" lon="6.76980"><ele>1790.0</ele></trkpt>
<trkpt lat="45.72886" lon="6.76996"><ele>1794.0</ele></trkpt>
<trkpt lat="45.72911" lon="6.77035"><ele>1798.0</ele></trkpt>
<trkpt lat="45.72926" lon="6.77060"><ele>1800.0</ele></trkpt>
<trkpt lat="45.72947" lon="6.77078"><ele>1802.0</ele></trkpt>
<trkpt lat="45.72973" lon="6.77113"><ele>1806.0</ele></trkpt>
<trkpt lat="45.72998" lon="6.77140"><ele>1809.0</ele></trkpt>
<trkpt lat="45.73004" lon="6.77184"><ele>1811.0</ele></trkpt>
<trkpt lat="45.73006" lon="6.77240"><ele>1817.0</ele></trkpt>
<trkpt lat="45.73018" lon="6.77268"><ele>1819.0</ele></trkpt>
<trkpt lat="45.73031" lon="6.77296"><ele>1822.0</ele></trkpt>
<trkpt lat="45.73053" lon="6.77322"><ele>1825.0</ele></trkpt>
<trkpt lat="45.73074" lon="6.77340"><ele>1828.0</ele></trkpt>
<trkpt lat="45.73098" lon="6.77375"><ele>1831.5</ele></trkpt>
<trkpt lat="45.73118" lon="6.77408"><ele>1834.0</ele></trkpt>
<trkpt lat="45.73133" lon="6.77436"><ele>1837.0</ele></trkpt>
<trkpt lat="45.73151" lon="6.77462"><ele>1839.0</ele></trkpt>
<trkpt lat="45.73173" lon="6.77477"><ele>1842.0</ele></trkpt>
<trkpt lat="45.73197" lon="6.77489"><ele>1844.5</ele></trkpt>
<trkpt lat="45.73219" lon="6.77505"><ele>1847.0</ele></trkpt>
<trkpt lat="45.73240" lon="6.77536"><ele>1851.0</ele></trkpt>
<trkpt lat="45.73261" lon="6.77567"><ele>1853.0</ele></trkpt>
<trkpt lat="45.73275" lon="6.77607"><ele>1856.0</ele></trkpt>
<trkpt lat="45.73301" lon="6.77646"><ele>1859.0</ele></trkpt>
<trkpt lat="45.73326" lon="6.77676"><ele>1861.0</ele></trkpt>
<trkpt lat="45.73344" lon="6.77706"><ele>1862.0</ele></trkpt>
<trkpt lat="45.73368" lon="6.77723"><ele>1864.0</ele></trkpt>
<trkpt lat="45.73392" lon="6.77731"><ele>1866.0</ele></trkpt>
<trkpt lat="45.73420" lon="6.77744"><ele>1868.0</ele></trkpt>
<trkpt lat="45.73451" lon="6.77764"><ele>1870.0</ele></trkpt>
<trkpt lat="45.73476" lon="6.77781"><ele>1872.0</ele></trkpt>
<trkpt lat="45.73501" lon="6.77802"><ele>1872.0</ele></trkpt>
<trkpt lat="45.73504" lon="6.77835"><ele>1871.0</ele></trkpt>
<trkpt lat="45.73529" lon="6.77849"><ele>1869.0</ele></trkpt>
<trkpt lat="45.73548" lon="6.77822"><ele>1871.0</ele></trkpt>
<trkpt lat="45.73571" lon="6.77819"><ele>1873.0</ele></trkpt>
<trkpt lat="45.73589" lon="6.77853"><ele>1876.0</ele></trkpt>
<trkpt lat="45.73604" lon="6.77883"><ele>1881.0</ele></trkpt>
<trkpt lat="45.73615" lon="6.77916"><ele>1884.0</ele></trkpt>
<trkpt lat="45.73592" lon="6.77930"><ele>1892.0</ele></trkpt>
<trkpt lat="45.73567" lon="6.77922"><ele>1897.0</ele></trkpt>
<trkpt lat="45.73544" lon="6.77926"><ele>1902.0</ele></trkpt>
<trkpt lat="45.73564" lon="6.77966"><ele>1907.0</ele></trkpt>
<trkpt lat="45.73582" lon="6.77999"><ele>1912.0</ele></trkpt>
<trkpt lat="45.73602" lon="6.78022"><ele>1915.0</ele></trkpt>
<trkpt lat="45.73610" lon="6.78062"><ele>1920.0</ele></trkpt>
<trkpt lat="45.73637" lon="6.78098"><ele>1925.0</ele></trkpt>
<trkpt lat="45.73657" lon="6.78127"><ele>1930.0</ele></trkpt>
<trkpt lat="45.73633" lon="6.78143"><ele>1936.0</ele></trkpt>
<trkpt lat="45.73602" lon="6.78136"><ele>1943.0</ele></trkpt>
<trkpt lat="45.73570" lon="6.78130"><ele>1946.0</ele></trkpt>
<trkpt lat="45.73546" lon="6.78128"><ele>1952.0</ele></trkpt>
<trkpt lat="45.73513" lon="6.78118"><ele>1956.0</ele></trkpt>
<trkpt lat="45.73533" lon="6.78156"><ele>1966.0</ele></trkpt>
<trkpt lat="45.73564" lon="6.78185"><ele>1972.0</ele></trkpt>
<trkpt lat="45.73585" lon="6.78214"><ele>1978.0</ele></trkpt>
<trkpt lat="45.73560" lon="6.78204"><ele>1982.0</ele></trkpt>
<trkpt lat="45.73532" lon="6.78205"><ele>1987.0</ele></trkpt>
<trkpt lat="45.73504" lon="6.78209"><ele>1992.0</ele></trkpt>
<trkpt lat="45.73478" lon="6.78201"><ele>1996.0</ele></trkpt>
<trkpt lat="45.73480" lon="6.78235"><ele>2008.0</ele></trkpt>
<trkpt lat="45.73500" lon="6.78254"><ele>2016.0</ele></trkpt>
<trkpt lat="45.73481" lon="6.78285"><ele>2027.0</ele></trkpt>
<trkpt lat="45.73508" lon="6.78290"><ele>2034.0</ele></trkpt>
<trkpt lat="45.73536" lon="6.78317"><ele>2039.0</ele></trkpt>
<trkpt lat="45.73564" lon="6.78361"><ele>2047.0</ele></trkpt>
<trkpt lat="45.73573" lon="6.78403"><ele>2055.0</ele></trkpt>
<trkpt lat="45.73594" lon="6.78445"><ele>2062.0</ele></trkpt>
<trkpt lat="45.73621" lon="6.78443"><ele>2066.0</ele></trkpt>
<trkpt lat="45.73646" lon="6.78470"><ele>2072.0</ele></trkpt>
<trkpt lat="45.73673" lon="6.78468"><ele>2074.0</ele></trkpt>
<trkpt lat="45.73698" lon="6.78489"><ele>2080.0</ele></trkpt>
<trkpt lat="45.73721" lon="6.78503"><ele>2083.0</ele></trkpt>
<trkpt lat="45.73745" lon="6.78519"><ele>2089.0</ele></trkpt>
<trkpt lat="45.73758" lon="6.78547"><ele>2094.0</ele></trkpt>
<trkpt lat="45.73781" lon="6.78570"><ele>2102.0</ele></trkpt>
<trkpt lat="45.73807" lon="6.78586"><ele>2108.0</ele></trkpt>
<trkpt lat="45.73830" lon="6.78597"><ele>2113.0</ele></trkpt>
<trkpt lat="45.73848" lon="6.78624"><ele>2121.0</ele></trkpt>
<trkpt lat="45.73873" lon="6.78641"><ele>2129.0</ele></trkpt>
<trkpt lat="45.73890" lon="6.78664"><ele>2134.0</ele></trkpt>
<trkpt lat="45.73902" lon="6.78701"><ele>2140.0</ele></trkpt>
<trkpt lat="45.73903" lon="6.78738"><ele>2145.0</ele></trkpt>
<trkpt lat="45.73922" lon="6.78773"><ele>2146.0</ele></trkpt>
<trkpt lat="45.73938" lon="6.78815"><ele>2146.0</ele></trkpt>
<trkpt lat="45.73940" lon="6.78852"><ele>2144.0</ele></trkpt>
<trkpt lat="45.73953" lon="6.78881"><ele>2144.0</ele></trkpt>
<trkpt lat="45.73963" lon="6.78928"><ele>2144.0</ele></trkpt>
<trkpt lat="45.73982" lon="6.78947"><ele>2144.0</ele></trkpt>
<trkpt lat="45.74001" lon="6.78918"><ele>2146.0</ele></trkpt>
<trkpt lat="45.74024" lon="6.78924"><ele>2151.0</ele></trkpt>
<trkpt lat="45.74049" lon="6.78921"><ele>2158.0</ele></trkpt>
<trkpt lat="45.74073" lon="6.78923"><ele>2163.0</ele></trkpt>
<trkpt lat="45.74112" lon="6.78937"><ele>2165.0</ele></trkpt>
<trkpt lat="45.74128" lon="6.78964"><ele>2169.0</ele></trkpt>
<trkpt lat="45.74143" lon="6.78996"><ele>2174.0</ele></trkpt>
<trkpt lat="45.74146" lon="6.79033"><ele>2178.0</ele></trkpt>
<trkpt lat="45.74160" lon="6.79081"><ele>2186.0</ele></trkpt>
<trkpt lat="45.74169" lon="6.79113"><ele>2190.0</ele></trkpt>
<trkpt lat="45.74186" lon="6.79147"><ele>2194.0</ele></trkpt>
<trkpt lat="45.74198" lon="6.79176"><ele>2198.0</ele></trkpt>
<trkpt lat="45.74199" lon="6.79212"><ele>2205.0</ele></trkpt>
<trkpt lat="45.74226" lon="6.79244"><ele>2216.0</ele></trkpt>
<trkpt lat="45.74251" lon="6.79265"><ele>2226.0</ele></trkpt>
<trkpt lat="45.74267" lon="6.79293"><ele>2228.0</ele></trkpt>
<trkpt lat="45.74290" lon="6.79298"><ele>2232.0</ele></trkpt>
<trkpt lat="45.74309" lon="6.79322"><ele>2239.0</ele></trkpt>
<trkpt lat="45.74333" lon="6.79333"><ele>2246.0</ele></trkpt>
<trkpt lat="45.74353" lon="6.79318"><ele>2252.0</ele></trkpt>
<trkpt lat="45.74375" lon="6.79294"><ele>2256.0</ele></trkpt>
<trkpt lat="45.74392" lon="6.79258"><ele>2261.0</ele></trkpt>
<trkpt lat="45.74401" lon="6.79220"><ele>2263.0</ele></trkpt>
<trkpt lat="45.74420" lon="6.79200"><ele>2268.0</ele></trkpt>
<trkpt lat="45.74443" lon="6.79181"><ele>2274.0</ele></trkpt>
<trkpt lat="45.74469" lon="6.79169"><ele>2278.0</ele></trkpt>
<trkpt lat="45.74493" lon="6.79153"><ele>2284.0</ele></trkpt>
<trkpt lat="45.74514" lon="6.79141"><ele>2288.0</ele></trkpt>
<trkpt lat="45.74543" lon="6.79142"><ele>2293.0</ele></trkpt>
<trkpt lat="45.74574" lon="6.79149"><ele>2301.0</ele></trkpt>
<trkpt lat="45.74599" lon="6.79177"><ele>2307.0</ele></trkpt>
<trkpt lat="45.74604" lon="6.79211"><ele>2312.0</ele></trkpt>
<trkpt lat="45.74607" lon="6.79244"><ele>2318.0</ele></trkpt>
<trkpt lat="45.74618" lon="6.79286"><ele>2324.0</ele></trkpt>
<trkpt lat="45.74627" lon="6.79316"><ele>2329.0</ele></trkpt>
<trkpt lat="45.74632" lon="6.79350"><ele>2334.0</ele></trkpt>
<trkpt lat="45.74648" lon="6.79382"><ele>2339.0</ele></trkpt>
<trkpt lat="45.74664" lon="6.79416"><ele>2344.0</ele></trkpt>
<trkpt lat="45.74671" lon="6.79447"><ele>2350.0</ele></trkpt>
<trkpt lat="45.74682" lon="6.79498"><ele>2357.0</ele></trkpt>
<trkpt lat="45.74699" lon="6.79531"><ele>2363.0</ele></trkpt>
<trkpt lat="45.74722" lon="6.79575"><ele>2368.0</ele></trkpt>
<trkpt lat="45.74734" lon="6.79608"><ele>2372.0</ele></trkpt>
<trkpt lat="45.74744" lon="6.79644"><ele>2376.0</ele></trkpt>
<trkpt lat="45.74761" lon="6.79683"><ele>2380.0</ele></trkpt>
<trkpt lat="45.74775" lon="6.79716"><ele>2384.0</ele></trkpt>
<trkpt lat="45.74793" lon="6.79750"><ele>2391.0</ele></trkpt>
<trkpt lat="45.74817" lon="6.79768"><ele>2398.0</ele></trkpt>
<trkpt lat="45.74835" lon="6.79806"><ele>2405.0</ele></trkpt>
<trkpt lat="45.74853" lon="6.79842"><ele>2412.0</ele></trkpt>
<trkpt lat="45.74860" lon="6.79882"><ele>2419.0</ele></trkpt>
<trkpt lat="45.74867" lon="6.79920"><ele>2424.0</ele></trkpt>
<trkpt lat="45.74888" lon="6.79971"><ele>2430.0</ele></trkpt>
<trkpt lat="45.74897" lon="6.80006"><ele>2436.0</ele></trkpt>
<trkpt lat="45.74910" lon="6.80037"><ele>2441.5</ele></trkpt>
<trkpt lat="45.74929" lon="6.80090"><ele>2450.0</ele></trkpt>
<trkpt lat="45.74939" lon="6.80124"><ele>2454.0</ele></trkpt>
<trkpt lat="45.74947" lon="6.80160"><ele>2457.0</ele></trkpt>
<trkpt lat="45.74959" lon="6.80207"><ele>2463.0</ele></trkpt>
<trkpt lat="45.74972" lon="6.80255"><ele>2469.0</ele></trkpt>
<trkpt lat="45.74986" lon="6.80296"><ele>2475.0</ele></trkpt>
<trkpt lat="45.75004" lon="6.80332"><ele>2479.0</ele></trkpt>
<trkpt lat="45.75028" lon="6.80387"><ele>2484.0</ele></trkpt>
<trkpt lat="45.75048" lon="6.80429"><ele>2487.0</ele></trkpt>
<trkpt lat="45.75065" lon="6.80459"><ele>2490.0</ele></trkpt>
<trkpt lat="45.75080" lon="6.80508"><ele>2494.0</ele></trkpt>
<trkpt lat="45.75095" lon="6.80538"><ele>2499.0</ele></trkpt>
<trkpt lat="45.75111" lon="6.80568"><ele>2502.0</ele></trkpt>
<trkpt lat="45.75130" lon="6.80610"><ele>2507.0</ele></trkpt>
<trkpt lat="45.75141" lon="6.80651"><ele>2510.0</ele></trkpt>
<trkpt lat="45.75144" lon="6.80689"><ele>2511.0</ele></trkpt>
<trkpt lat="45.75138" lon="6.80724"><ele>2511.0</ele></trkpt>
<trkpt lat="45.75124" lon="6.80750"><ele>2511.0</ele></trkpt>
<trkpt lat="45.75117" lon="6.80785"><ele>2507.0</ele></trkpt>
<trkpt lat="45.75116" lon="6.80828"><ele>2502.0</ele></trkpt>
<trkpt lat="45.75132" lon="6.80862"><ele>2495.0</ele></trkpt>
<trkpt lat="45.75135" lon="6.80911"><ele>2489.0</ele></trkpt>
<trkpt lat="45.75141" lon="6.80943"><ele>2483.0</ele></trkpt>
<trkpt lat="45.75135" lon="6.80975"><ele>2480.0</ele></trkpt>
<trkpt lat="45.75151" lon="6.81009"><ele>2476.0</ele></trkpt>
<trkpt lat="45.75159" lon="6.81040"><ele>2471.0</ele></trkpt>
<trkpt lat="45.75161" lon="6.81095"><ele>2464.5</ele></trkpt>
<trkpt lat="45.75168" lon="6.81137"><ele>2458.0</ele></trkpt>
<trkpt lat="45.75177" lon="6.81168"><ele>2452.0</ele></trkpt>
<trkpt lat="45.75157" lon="6.81199"><ele>2447.0</ele></trkpt>
<trkpt lat="45.75153" lon="6.81235"><ele>2440.0</ele></trkpt>
<trkpt lat="45.75161" lon="6.81270"><ele>2436.0</ele></trkpt>
<trkpt lat="45.75165" lon="6.81307"><ele>2431.0</ele></trkpt>
<trkpt lat="45.75174" lon="6.81349"><ele>2424.0</ele></trkpt>
<trkpt lat="45.75189" lon="6.81391"><ele>2416.0</ele></trkpt>
<trkpt lat="45.75207" lon="6.81436"><ele>2406.0</ele></trkpt>
<trkpt lat="45.75225" lon="6.81463"><ele>2399.0</ele></trkpt>
<trkpt lat="45.75246" lon="6.81511"><ele>2391.0</ele></trkpt>
<trkpt lat="45.75262" lon="6.81545"><ele>2382.0</ele></trkpt>
<trkpt lat="45.75251" lon="6.81576"><ele>2369.0</ele></trkpt>
<trkpt lat="45.75262" lon="6.81630"><ele>2356.0</ele></trkpt>
<trkpt lat="45.75256" lon="6.81674"><ele>2349.0</ele></trkpt>
<trkpt lat="45.75256" lon="6.81731"><ele>2337.0</ele></trkpt>
<trkpt lat="45.75265" lon="6.81788"><ele>2323.0</ele></trkpt>
<trkpt lat="45.75294" lon="6.81815"><ele>2314.0</ele></trkpt>
<trkpt lat="45.75316" lon="6.81827"><ele>2310.0</ele></trkpt>
<trkpt lat="45.75343" lon="6.81818"><ele>2306.0</ele></trkpt>
<trkpt lat="45.75364" lon="6.81848"><ele>2302.5</ele></trkpt>
<trkpt lat="45.75387" lon="6.81883"><ele>2300.0</ele></trkpt>
<trkpt lat="45.75418" lon="6.81907"><ele>2298.0</ele></trkpt>
<trkpt lat="45.75452" lon="6.81893"><ele>2307.0</ele></trkpt>
<trkpt lat="45.75467" lon="6.81844"><ele>2314.0</ele></trkpt>
<trkpt lat="45.75493" lon="6.81795"><ele>2321.0</ele></trkpt>
<trkpt lat="45.75525" lon="6.81785"><ele>2330.5</ele></trkpt>
<trkpt lat="45.75554" lon="6.81760"><ele>2341.5</ele></trkpt>
<trkpt lat="45.75570" lon="6.81708"><ele>2354.0</ele></trkpt>
<trkpt lat="45.75556" lon="6.81666"><ele>2356.0</ele></trkpt>
<trkpt lat="45.75555" lon="6.81629"><ele>2357.0</ele></trkpt>
<trkpt lat="45.75566" lon="6.81588"><ele>2358.0</ele></trkpt>
<trkpt lat="45.75596" lon="6.81556"><ele>2361.5</ele></trkpt>
<trkpt lat="45.75618" lon="6.81537"><ele>2364.0</ele></trkpt>
<trkpt lat="45.75623" lon="6.81505"><ele>2366.0</ele></trkpt>
<trkpt lat="45.75648" lon="6.81495"><ele>2379.0</ele></trkpt>
<trkpt lat="45.75676" lon="6.81482"><ele>2391.0</ele></trkpt>
<trkpt lat="45.75703" lon="6.81480"><ele>2403.0</ele></trkpt>
<trkpt lat="45.75717" lon="6.81522"><ele>2409.0</ele></trkpt>
<trkpt lat="45.75724" lon="6.81576"><ele>2412.0</ele></trkpt>
<trkpt lat="45.75729" lon="6.81608"><ele>2415.0</ele></trkpt>
<trkpt lat="45.75727" lon="6.81653"><ele>2418.0</ele></trkpt>
<trkpt lat="45.75721" lon="6.81710"><ele>2421.0</ele></trkpt>
<trkpt lat="45.75728" lon="6.81741"><ele>2423.0</ele></trkpt>
<trkpt lat="45.75735" lon="6.81775"><ele>2424.0</ele></trkpt>
<trkpt lat="45.75751" lon="6.81805"><ele>2432.0</ele></trkpt>
<trkpt lat="45.75774" lon="6.81838"><ele>2439.0</ele></trkpt>
<trkpt lat="45.75794" lon="6.81883"><ele>2446.0</ele></trkpt>
<trkpt lat="45.75824" lon="6.81882"><ele>2455.0</ele></trkpt>
<trkpt lat="45.75853" lon="6.81896"><ele>2461.0</ele></trkpt>
<trkpt lat="45.75869" lon="6.81921"><ele>2472.0</ele></trkpt>
<trkpt lat="45.75876" lon="6.81959"><ele>2477.0</ele></trkpt>
<trkpt lat="45.75903" lon="6.81962"><ele>2478.0</ele></trkpt>
<trkpt lat="45.75930" lon="6.81947"><ele>2482.0</ele></trkpt>
<trkpt lat="45.75959" lon="6.81934"><ele>2490.0</ele></trkpt>
<trkpt lat="45.75980" lon="6.81915"><ele>2498.0</ele></trkpt>
<trkpt lat="45.76018" lon="6.81889"><ele>2513.5</ele></trkpt>
<trkpt lat="45.76042" lon="6.81877"><ele>2526.0</ele></trkpt>
<trkpt lat="45.76063" lon="6.81865"><ele>2532.5</ele></trkpt>
<trkpt lat="45.76084" lon="6.81853"><ele>2539.0</ele></trkpt>
<trkpt lat="45.76114" lon="6.81830"><ele>2542.0</ele></trkpt>
<trkpt lat="45.76154" lon="6.81808"><ele>2556.0</ele></trkpt>
<trkpt lat="45.76184" lon="6.81792"><ele>2561.0</ele></trkpt>
<trkpt lat="45.76220" lon="6.81784"><ele>2565.0</ele></trkpt>
<trkpt lat="45.76248" lon="6.81776"><ele>2570.0</ele></trkpt>
<trkpt lat="45.76273" lon="6.81781"><ele>2571.0</ele></trkpt>
<trkpt lat="45.76296" lon="6.81794"><ele>2571.0</ele></trkpt>
<trkpt lat="45.76330" lon="6.81807"><ele>2567.0</ele></trkpt>
<trkpt lat="45.76355" lon="6.81815"><ele>2565.0</ele></trkpt>
<trkpt lat="45.76395" lon="6.81801"><ele>2568.0</ele></trkpt>
<trkpt lat="45.76433" lon="6.81794"><ele>2570.0</ele></trkpt>
<trkpt lat="45.76461" lon="6.81823"><ele>2561.0</ele></trkpt>
<trkpt lat="45.76475" lon="6.81851"><ele>2553.0</ele></trkpt>
<trkpt lat="45.76461" lon="6.81877"><ele>2546.0</ele></trkpt>
<trkpt lat="45.76488" lon="6.81911"><ele>2539.0</ele></trkpt>
<trkpt lat="45.76486" lon="6.81944"><ele>2532.0</ele></trkpt>
<trkpt lat="45.76460" lon="6.81989"><ele>2520.0</ele></trkpt>
<trkpt lat="45.76453" lon="6.82025"><ele>2512.0</ele></trkpt>
<trkpt lat="45.76445" lon="6.82066"><ele>2505.0</ele></trkpt>
<trkpt lat="45.76447" lon="6.82125"><ele>2500.0</ele></trkpt>
<trkpt lat="45.76447" lon="6.82163"><ele>2495.0</ele></trkpt>
<trkpt lat="45.76454" lon="6.82202"><ele>2492.0</ele></trkpt>
<trkpt lat="45.76454" lon="6.82252"><ele>2485.3</ele></trkpt>
<trkpt lat="45.76455" lon="6.82293"><ele>2479.8</ele></trkpt>
<trkpt lat="45.76452" lon="6.82340"><ele>2471.0</ele></trkpt>
<trkpt lat="45.76458" lon="6.82400"><ele>2467.0</ele></trkpt>
<trkpt lat="45.76459" lon="6.82458"><ele>2459.0</ele></trkpt>
<trkpt lat="45.76463" lon="6.82500"><ele>2454.0</ele></trkpt>
<trkpt lat="45.76465" lon="6.82540"><ele>2449.0</ele></trkpt>
<trkpt lat="45.76459" lon="6.82586"><ele>2442.0</ele></trkpt>
<trkpt lat="45.76467" lon="6.82628"><ele>2440.0</ele></trkpt>
<trkpt lat="45.76474" lon="6.82693"><ele>2434.0</ele></trkpt>
<trkpt lat="45.76480" lon="6.82726"><ele>2428.0</ele></trkpt>
<trkpt lat="45.76491" lon="6.82761"><ele>2421.0</ele></trkpt>
<trkpt lat="45.76508" lon="6.82808"><ele>2413.0</ele></trkpt>
<trkpt lat="45.76530" lon="6.82840"><ele>2407.0</ele></trkpt>
<trkpt lat="45.76552" lon="6.82870"><ele>2400.0</ele></trkpt>
<trkpt lat="45.76573" lon="6.82906"><ele>2387.5</ele></trkpt>
<trkpt lat="45.76604" lon="6.82948"><ele>2371.0</ele></trkpt>
<trkpt lat="45.76630" lon="6.82951"><ele>2370.0</ele></trkpt>
<trkpt lat="45.76637" lon="6.82983"><ele>2356.0</ele></trkpt>
<trkpt lat="45.76642" lon="6.83022"><ele>2348.0</ele></trkpt>
<trkpt lat="45.76650" lon="6.83053"><ele>2342.0</ele></trkpt>
<trkpt lat="45.76657" lon="6.83092"><ele>2333.5</ele></trkpt>
<trkpt lat="45.76658" lon="6.83129"><ele>2325.0</ele></trkpt>
<trkpt lat="45.76675" lon="6.83155"><ele>2317.0</ele></trkpt>
<trkpt lat="45.76671" lon="6.83187"><ele>2311.0</ele></trkpt>
<trkpt lat="45.76676" lon="6.83228"><ele>2301.5</ele></trkpt>
<trkpt lat="45.76679" lon="6.83263"><ele>2292.0</ele></trkpt>
<trkpt lat="45.76663" lon="6.83297"><ele>2289.0</ele></trkpt>
<trkpt lat="45.76660" lon="6.83357"><ele>2278.0</ele></trkpt>
<trkpt lat="45.76664" lon="6.83410"><ele>2266.0</ele></trkpt>
<trkpt lat="45.76647" lon="6.83446"><ele>2263.0</ele></trkpt>
<trkpt lat="45.76652" lon="6.83487"><ele>2246.0</ele></trkpt>
<trkpt lat="45.76659" lon="6.83539"><ele>2231.0</ele></trkpt>
<trkpt lat="45.76665" lon="6.83588"><ele>2218.0</ele></trkpt>
<trkpt lat="45.76689" lon="6.83586"><ele>2212.0</ele></trkpt>
<trkpt lat="45.76694" lon="6.83636"><ele>2203.5</ele></trkpt>
<trkpt lat="45.76689" lon="6.83683"><ele>2194.0</ele></trkpt>
<trkpt lat="45.76685" lon="6.83725"><ele>2185.0</ele></trkpt>
<trkpt lat="45.76664" lon="6.83739"><ele>2181.0</ele></trkpt>
<trkpt lat="45.76644" lon="6.83774"><ele>2171.0</ele></trkpt>
<trkpt lat="45.76617" lon="6.83797"><ele>2162.0</ele></trkpt>
<trkpt lat="45.76610" lon="6.83848"><ele>2151.0</ele></trkpt>
<trkpt lat="45.76582" lon="6.83857"><ele>2150.0</ele></trkpt>
<trkpt lat="45.76553" lon="6.83850"><ele>2150.0</ele></trkpt>
<trkpt lat="45.76538" lon="6.83880"><ele>2148.0</ele></trkpt>
<trkpt lat="45.76528" lon="6.83932"><ele>2146.0</ele></trkpt>
<trkpt lat="45.76522" lon="6.83977"><ele>2144.0</ele></trkpt>
<trkpt lat="45.76511" lon="6.84009"><ele>2143.0</ele></trkpt>
<trkpt lat="45.76502" lon="6.84041"><ele>2142.0</ele></trkpt>
<trkpt lat="45.76493" lon="6.84077"><ele>2142.0</ele></trkpt>
<trkpt lat="45.76510" lon="6.84105"><ele>2137.0</ele></trkpt>
<trkpt lat="45.76523" lon="6.84150"><ele>2129.0</ele></trkpt>
<trkpt lat="45.76536" lon="6.84190"><ele>2119.0</ele></trkpt>
<trkpt lat="45.76537" lon="6.84224"><ele>2119.0</ele></trkpt>
<trkpt lat="45.76507" lon="6.84265"><ele>2118.0</ele></trkpt>
<trkpt lat="45.76505" lon="6.84309"><ele>2118.0</ele></trkpt>
<trkpt lat="45.76524" lon="6.84356"><ele>2108.0</ele></trkpt>
<trkpt lat="45.76537" lon="6.84387"><ele>2104.0</ele></trkpt>
<trkpt lat="45.76556" lon="6.84416"><ele>2095.0</ele></trkpt>
<trkpt lat="45.76574" lon="6.84440"><ele>2082.0</ele></trkpt>
<trkpt lat="45.76592" lon="6.84466"><ele>2072.0</ele></trkpt>
<trkpt lat="45.76603" lon="6.84495"><ele>2068.0</ele></trkpt>
<trkpt lat="45.76617" lon="6.84523"><ele>2063.0</ele></trkpt>
<trkpt lat="45.76630" lon="6.84569"><ele>2059.0</ele></trkpt>
<trkpt lat="45.76658" lon="6.84614"><ele>2045.0</ele></trkpt>
<trkpt lat="45.76672" lon="6.84643"><ele>2038.0</ele></trkpt>
<trkpt lat="45.76689" lon="6.84680"><ele>2031.0</ele></trkpt>
<trkpt lat="45.76702" lon="6.84707"><ele>2026.0</ele></trkpt>
<trkpt lat="45.76715" lon="6.84742"><ele>2018.0</ele></trkpt>
<trkpt lat="45.76729" lon="6.84777"><ele>2008.0</ele></trkpt>
<trkpt lat="45.76738" lon="6.84814"><ele>2002.0</ele></trkpt>
<trkpt lat="45.76752" lon="6.84846"><ele>1995.0</ele></trkpt>
<trkpt lat="45.76775" lon="6.84852"><ele>1990.0</ele></trkpt>
<trkpt lat="45.76796" lon="6.84892"><ele>1985.0</ele></trkpt>
<trkpt lat="45.76805" lon="6.84924"><ele>1983.0</ele></trkpt>
<trkpt lat="45.76824" lon="6.84954"><ele>1978.0</ele></trkpt>
<trkpt lat="45.76842" lon="6.85002"><ele>1975.5</ele></trkpt>
<trkpt lat="45.76851" lon="6.85035"><ele>1974.0</ele></trkpt>
<trkpt lat="45.76876" lon="6.85085"><ele>1973.5</ele></trkpt>
<trkpt lat="45.76895" lon="6.85131"><ele>1972.0</ele></trkpt>
<trkpt lat="45.76913" lon="6.85156"><ele>1971.0</ele></trkpt>
<trkpt lat="45.76932" lon="6.85185"><ele>1970.0</ele></trkpt>
<trkpt lat="45.76953" lon="6.85231"><ele>1969.0</ele></trkpt>
<trkpt lat="45.76963" lon="6.85272"><ele>1969.0</ele></trkpt>
<trkpt lat="45.76977" lon="6.85323"><ele>1967.0</ele></trkpt>
<trkpt lat="45.76986" lon="6.85353"><ele>1966.0</ele></trkpt>
<trkpt lat="45.76996" lon="6.85383"><ele>1965.0</ele></trkpt>
<trkpt lat="45.77007" lon="6.85431"><ele>1965.0</ele></trkpt>
<trkpt lat="45.77022" lon="6.85474"><ele>1965.0</ele></trkpt>
<trkpt lat="45.77029" lon="6.85509"><ele>1965.0</ele></trkpt>
<trkpt lat="45.77041" lon="6.85547"><ele>1965.0</ele></trkpt>
<trkpt lat="45.77053" lon="6.85585"><ele>1965.0</ele></trkpt>
<trkpt lat="45.77063" lon="6.85627"><ele>1964.5</ele></trkpt>
<trkpt lat="45.77074" lon="6.85668"><ele>1964.0</ele></trkpt>
<trkpt lat="45.77088" lon="6.85718"><ele>1964.0</ele></trkpt>
<trkpt lat="45.77103" lon="6.85765"><ele>1964.0</ele></trkpt>
<trkpt lat="45.77115" lon="6.85795"><ele>1964.0</ele></trkpt>
<trkpt lat="45.77135" lon="6.85851"><ele>1964.0</ele></trkpt>
<trkpt lat="45.77156" lon="6.85908"><ele>1964.0</ele></trkpt>
<trkpt lat="45.77179" lon="6.85957"><ele>1962.0</ele></trkpt>
<trkpt lat="45.77190" lon="6.85988"><ele>1962.0</ele></trkpt>
<trkpt lat="45.77205" lon="6.86024"><ele>1962.0</ele></trkpt>
<trkpt lat="45.77220" lon="6.86057"><ele>1961.0</ele></trkpt>
<trkpt lat="45.77239" lon="6.86084"><ele>1959.0</ele></trkpt>
<trkpt lat="45.77252" lon="6.86133"><ele>1958.0</ele></trkpt>
<trkpt lat="45.77255" lon="6.86172"><ele>1958.0</ele></trkpt>
<trkpt lat="45.77255" lon="6.86213"><ele>1958.0</ele></trkpt>
<trkpt lat="45.77253" lon="6.86269"><ele>1960.0</ele></trkpt>
<trkpt lat="45.77254" lon="6.86306"><ele>1962.0</ele></trkpt>
<trkpt lat="45.77271" lon="6.86350"><ele>1963.0</ele></trkpt>
<trkpt lat="45.77283" lon="6.86406"><ele>1964.0</ele></trkpt>
<trkpt lat="45.77301" lon="6.86445"><ele>1964.0</ele></trkpt>
<trkpt lat="45.77335" lon="6.86468"><ele>1958.0</ele></trkpt>
<trkpt lat="45.77367" lon="6.86489"><ele>1956.0</ele></trkpt>
<trkpt lat="45.77384" lon="6.86527"><ele>1956.0</ele></trkpt>
<trkpt lat="45.77390" lon="6.86565"><ele>1957.0</ele></trkpt>
<trkpt lat="45.77389" lon="6.86607"><ele>1960.5</ele></trkpt>
<trkpt lat="45.77389" lon="6.86642"><ele>1965.0</ele></trkpt>
<trkpt lat="45.77406" lon="6.86681"><ele>1967.0</ele></trkpt>
<trkpt lat="45.77417" lon="6.86711"><ele>1967.0</ele></trkpt>
<trkpt lat="45.77445" lon="6.86751"><ele>1969.0</ele></trkpt>
<trkpt lat="45.77464" lon="6.86795"><ele>1970.0</ele></trkpt>
<trkpt lat="45.77486" lon="6.86835"><ele>1970.5</ele></trkpt>
<trkpt lat="45.77504" lon="6.86879"><ele>1971.0</ele></trkpt>
<trkpt lat="45.77520" lon="6.86937"><ele>1975.0</ele></trkpt>
<trkpt lat="45.77538" lon="6.86991"><ele>1977.0</ele></trkpt>
<trkpt lat="45.77545" lon="6.87028"><ele>1978.0</ele></trkpt>
<trkpt lat="45.77552" lon="6.87065"><ele>1978.0</ele></trkpt>
<trkpt lat="45.77557" lon="6.87107"><ele>1980.0</ele></trkpt>
<trkpt lat="45.77558" lon="6.87146"><ele>1980.0</ele></trkpt>
<trkpt lat="45.77561" lon="6.87181"><ele>1981.0</ele></trkpt>
<trkpt lat="45.77532" lon="6.87191"><ele>1994.0</ele></trkpt>
<trkpt lat="45.77510" lon="6.87221"><ele>2005.0</ele></trkpt>
<trkpt lat="45.77497" lon="6.87262"><ele>2011.0</ele></trkpt>
<trkpt lat="45.77491" lon="6.87302"><ele>2018.0</ele></trkpt>
<trkpt lat="45.77490" lon="6.87344"><ele>2019.5</ele></trkpt>
<trkpt lat="45.77484" lon="6.87376"><ele>2021.0</ele></trkpt>
<trkpt lat="45.77473" lon="6.87406"><ele>2031.5</ele></trkpt>
<trkpt lat="45.77465" lon="6.87443"><ele>2038.0</ele></trkpt>
<trkpt lat="45.77456" lon="6.87473"><ele>2047.0</ele></trkpt>
<trkpt lat="45.77451" lon="6.87509"><ele>2055.0</ele></trkpt>
<trkpt lat="45.77454" lon="6.87542"><ele>2059.0</ele></trkpt>
<trkpt lat="45.77469" lon="6.87568"><ele>2061.0</ele></trkpt>
<trkpt lat="45.77491" lon="6.87589"><ele>2059.0</ele></trkpt>
<trkpt lat="45.77498" lon="6.87633"><ele>2062.0</ele></trkpt>
<trkpt lat="45.77513" lon="6.87667"><ele>2062.0</ele></trkpt>
<trkpt lat="45.77490" lon="6.87700"><ele>2075.0</ele></trkpt>
<trkpt lat="45.77468" lon="6.87680"><ele>2083.0</ele></trkpt>
<trkpt lat="45.77447" lon="6.87668"><ele>2088.0</ele></trkpt>
<trkpt lat="45.77432" lon="6.87693"><ele>2098.0</ele></trkpt>
<trkpt lat="45.77430" lon="6.87729"><ele>2102.0</ele></trkpt>
<trkpt lat="45.77402" lon="6.87728"><ele>2118.0</ele></trkpt>
<trkpt lat="45.77380" lon="6.87749"><ele>2128.0</ele></trkpt>
<trkpt lat="45.77375" lon="6.87781"><ele>2133.0</ele></trkpt>
<trkpt lat="45.77349" lon="6.87806"><ele>2146.0</ele></trkpt>
<trkpt lat="45.77330" lon="6.87833"><ele>2156.0</ele></trkpt>
<trkpt lat="45.77325" lon="6.87867"><ele>2159.0</ele></trkpt>
<trkpt lat="45.77311" lon="6.87914"><ele>2163.0</ele></trkpt>
<trkpt lat="45.77295" lon="6.87937"><ele>2169.0</ele></trkpt>
<trkpt lat="45.77299" lon="6.87970"><ele>2172.0</ele></trkpt>
<trkpt lat="45.77269" lon="6.87993"><ele>2181.0</ele></trkpt>
<trkpt lat="45.77254" lon="6.88018"><ele>2187.0</ele></trkpt>
<trkpt lat="45.77237" lon="6.88045"><ele>2196.0</ele></trkpt>
<trkpt lat="45.77215" lon="6.88066"><ele>2203.0</ele></trkpt>
<trkpt lat="45.77197" lon="6.88086"><ele>2210.0</ele></trkpt>
<trkpt lat="45.77163" lon="6.88109"><ele>2218.0</ele></trkpt>
<trkpt lat="45.77151" lon="6.88140"><ele>2225.0</ele></trkpt>
<trkpt lat="45.77138" lon="6.88167"><ele>2230.0</ele></trkpt>
<trkpt lat="45.77116" lon="6.88184"><ele>2236.0</ele></trkpt>
<trkpt lat="45.77096" lon="6.88202"><ele>2241.0</ele></trkpt>
<trkpt lat="45.77065" lon="6.88217"><ele>2246.0</ele></trkpt>
<trkpt lat="45.77041" lon="6.88228"><ele>2248.0</ele></trkpt>
<trkpt lat="45.77021" lon="6.88247"><ele>2251.0</ele></trkpt>
<trkpt lat="45.77000" lon="6.88269"><ele>2255.0</ele></trkpt>
<trkpt lat="45.76984" lon="6.88294"><ele>2263.0</ele></trkpt>
<trkpt lat="45.76957" lon="6.88312"><ele>2270.0</ele></trkpt>
<trkpt lat="45.76932" lon="6.88316"><ele>2277.0</ele></trkpt>
<trkpt lat="45.76910" lon="6.88330"><ele>2282.0</ele></trkpt>
<trkpt lat="45.76889" lon="6.88346"><ele>2288.0</ele></trkpt>
<trkpt lat="45.76885" lon="6.88382"><ele>2295.0</ele></trkpt>
<trkpt lat="45.76866" lon="6.88417"><ele>2304.0</ele></trkpt>
<trkpt lat="45.76850" lon="6.88463"><ele>2313.0</ele></trkpt>
<trkpt lat="45.76840" lon="6.88492"><ele>2319.0</ele></trkpt>
<trkpt lat="45.76835" lon="6.88539"><ele>2328.0</ele></trkpt>
<trkpt lat="45.76811" lon="6.88572"><ele>2331.0</ele></trkpt>
<trkpt lat="45.76790" lon="6.88616"><ele>2338.0</ele></trkpt>
<trkpt lat="45.76774" lon="6.88658"><ele>2343.0</ele></trkpt>
<trkpt lat="45.76796" lon="6.88668"><ele>2350.0</ele></trkpt>
<trkpt lat="45.76823" lon="6.88678"><ele>2361.0</ele></trkpt>
<trkpt lat="45.76858" lon="6.88685"><ele>2366.0</ele></trkpt>
<trkpt lat="45.76888" lon="6.88671"><ele>2366.0</ele></trkpt>
<trkpt lat="45.76915" lon="6.88667"><ele>2366.0</ele></trkpt>
<trkpt lat="45.76941" lon="6.88686"><ele>2366.0</ele></trkpt>
<trkpt lat="45.76960" lon="6.88736"><ele>2375.0</ele></trkpt>
<trkpt lat="45.76975" lon="6.88778"><ele>2379.0</ele></trkpt>
<trkpt lat="45.76999" lon="6.88810"><ele>2383.0</ele></trkpt>
<trkpt lat="45.77023" lon="6.88831"><ele>2388.0</ele></trkpt>
<trkpt lat="45.77046" lon="6.88856"><ele>2392.0</ele></trkpt>
<trkpt lat="45.77063" lon="6.88882"><ele>2398.0</ele></trkpt>
<trkpt lat="45.77081" lon="6.88912"><ele>2407.0</ele></trkpt>
<trkpt lat="45.77107" lon="6.88922"><ele>2411.0</ele></trkpt>
<trkpt lat="45.77130" lon="6.88924"><ele>2412.0</ele></trkpt>
<trkpt lat="45.77155" lon="6.88931"><ele>2417.0</ele></trkpt>
<trkpt lat="45.77182" lon="6.88944"><ele>2417.0</ele></trkpt>
<trkpt lat="45.77203" lon="6.88956"><ele>2413.0</ele></trkpt>
<trkpt lat="45.77221" lon="6.88982"><ele>2410.0</ele></trkpt>
<trkpt lat="45.77223" lon="6.89026"><ele>2410.0</ele></trkpt>
<trkpt lat="45.77210" lon="6.89057"><ele>2410.0</ele></trkpt>
<trkpt lat="45.77229" lon="6.89075"><ele>2402.0</ele></trkpt>
<trkpt lat="45.77247" lon="6.89095"><ele>2392.0</ele></trkpt>
<trkpt lat="45.77219" lon="6.89110"><ele>2390.0</ele></trkpt>
<trkpt lat="45.77197" lon="6.89147"><ele>2384.0</ele></trkpt>
<trkpt lat="45.77165" lon="6.89178"><ele>2380.0</ele></trkpt>
<trkpt lat="45.77144" lon="6.89198"><ele>2379.0</ele></trkpt>
<trkpt lat="45.77123" lon="6.89215"><ele>2378.0</ele></trkpt>
<trkpt lat="45.77102" lon="6.89244"><ele>2374.0</ele></trkpt>
<trkpt lat="45.77087" lon="6.89275"><ele>2371.0</ele></trkpt>
<trkpt lat="45.77070" lon="6.89318"><ele>2368.0</ele></trkpt>
<trkpt lat="45.77060" lon="6.89353"><ele>2362.0</ele></trkpt>
<trkpt lat="45.77058" lon="6.89386"><ele>2357.0</ele></trkpt>
<trkpt lat="45.77044" lon="6.89427"><ele>2354.0</ele></trkpt>
<trkpt lat="45.77040" lon="6.89466"><ele>2347.0</ele></trkpt>
<trkpt lat="45.77038" lon="6.89505"><ele>2340.0</ele></trkpt>
<trkpt lat="45.77033" lon="6.89538"><ele>2339.0</ele></trkpt>
<trkpt lat="45.77024" lon="6.89582"><ele>2335.0</ele></trkpt>
<trkpt lat="45.77024" lon="6.89620"><ele>2334.0</ele></trkpt>
<trkpt lat="45.77032" lon="6.89663"><ele>2333.0</ele></trkpt>
<trkpt lat="45.77048" lon="6.89687"><ele>2331.0</ele></trkpt>
<trkpt lat="45.77063" lon="6.89729"><ele>2330.5</ele></trkpt>
<trkpt lat="45.77077" lon="6.89760"><ele>2330.5</ele></trkpt>
<trkpt lat="45.77090" lon="6.89792"><ele>2330.5</ele></trkpt>
<trkpt lat="45.77103" lon="6.89824"><ele>2331.0</ele></trkpt>
<trkpt lat="45.77114" lon="6.89866"><ele>2334.0</ele></trkpt>
<trkpt lat="45.77114" lon="6.89903"><ele>2338.0</ele></trkpt>
<trkpt lat="45.77128" lon="6.89944"><ele>2339.0</ele></trkpt>
<trkpt lat="45.77141" lon="6.89978"><ele>2339.0</ele></trkpt>
<trkpt lat="45.77153" lon="6.90006"><ele>2340.0</ele></trkpt>
<trkpt lat="45.77165" lon="6.90041"><ele>2341.0</ele></trkpt>
<trkpt lat="45.77193" lon="6.90055"><ele>2341.0</ele></trkpt>
<trkpt lat="45.77217" lon="6.90072"><ele>2340.0</ele></trkpt>
<trkpt lat="45.77232" lon="6.90110"><ele>2339.0</ele></trkpt>
<trkpt lat="45.77255" lon="6.90132"><ele>2336.0</ele></trkpt>
<trkpt lat="45.77270" lon="6.90163"><ele>2335.0</ele></trkpt>
<trkpt lat="45.77276" lon="6.90198"><ele>2335.0</ele></trkpt>
<trkpt lat="45.77291" lon="6.90243"><ele>2333.0</ele></trkpt>
<trkpt lat="45.77317" lon="6.90271"><ele>2332.0</ele></trkpt>
<trkpt lat="45.77339" lon="6.90294"><ele>2331.0</ele></trkpt>
<trkpt lat="45.77360" lon="6.90321"><ele>2329.0</ele></trkpt>
<trkpt lat="45.77391" lon="6.90313"><ele>2323.0</ele></trkpt>
<trkpt lat="45.77421" lon="6.90324"><ele>2320.0</ele></trkpt>
<trkpt lat="45.77444" lon="6.90336"><ele>2314.0</ele></trkpt>
<trkpt lat="45.77472" lon="6.90357"><ele>2307.0</ele></trkpt>
<trkpt lat="45.77495" lon="6.90378"><ele>2301.0</ele></trkpt>
<trkpt lat="45.77501" lon="6.90412"><ele>2301.0</ele></trkpt>
<trkpt lat="45.77511" lon="6.90461"><ele>2304.0</ele></trkpt>
<trkpt lat="45.77517" lon="6.90504"><ele>2306.0</ele></trkpt>
<trkpt lat="45.77537" lon="6.90519"><ele>2306.0</ele></trkpt>
<trkpt lat="45.77567" lon="6.90520"><ele>2297.0</ele></trkpt>
<trkpt lat="45.77591" lon="6.90523"><ele>2290.0</ele></trkpt>
<trkpt lat="45.77613" lon="6.90531"><ele>2289.0</ele></trkpt>
<trkpt lat="45.77643" lon="6.90566"><ele>2292.0</ele></trkpt>
<trkpt lat="45.77669" lon="6.90590"><ele>2295.0</ele></trkpt>
<trkpt lat="45.77690" lon="6.90605"><ele>2292.0</ele></trkpt>
<trkpt lat="45.77725" lon="6.90617"><ele>2286.0</ele></trkpt>
<trkpt lat="45.77748" lon="6.90610"><ele>2275.0</ele></trkpt>
<trkpt lat="45.77771" lon="6.90613"><ele>2272.0</ele></trkpt>
<trkpt lat="45.77795" lon="6.90623"><ele>2267.0</ele></trkpt>
<trkpt lat="45.77819" lon="6.90647"><ele>2265.0</ele></trkpt>
<trkpt lat="45.77846" lon="6.90668"><ele>2259.0</ele></trkpt>
<trkpt lat="45.77866" lon="6.90703"><ele>2254.0</ele></trkpt>
<trkpt lat="45.77885" lon="6.90722"><ele>2249.0</ele></trkpt>
<trkpt lat="45.77903" lon="6.90754"><ele>2246.0</ele></trkpt>
<trkpt lat="45.77922" lon="6.90799"><ele>2240.0</ele></trkpt>
<trkpt lat="45.77936" lon="6.90831"><ele>2238.0</ele></trkpt>
<trkpt lat="45.77955" lon="6.90866"><ele>2235.0</ele></trkpt>
<trkpt lat="45.77981" lon="6.90907"><ele>2232.0</ele></trkpt>
<trkpt lat="45.77993" lon="6.90935"><ele>2227.0</ele></trkpt>
<trkpt lat="45.77994" lon="6.90979"><ele>2224.0</ele></trkpt>
<trkpt lat="45.78007" lon="6.91012"><ele>2216.0</ele></trkpt>
<trkpt lat="45.78005" lon="6.91045"><ele>2212.0</ele></trkpt>
<trkpt lat="45.77992" lon="6.91078"><ele>2212.0</ele></trkpt>
<trkpt lat="45.78009" lon="6.91111"><ele>2207.0</ele></trkpt>
<trkpt lat="45.78026" lon="6.91141"><ele>2204.0</ele></trkpt>
<trkpt lat="45.78039" lon="6.91169"><ele>2203.0</ele></trkpt>
<trkpt lat="45.78072" lon="6.91173"><ele>2193.0</ele></trkpt>
<trkpt lat="45.78101" lon="6.91182"><ele>2186.0</ele></trkpt>
<trkpt lat="45.78095" lon="6.91239"><ele>2184.0</ele></trkpt>
<trkpt lat="45.78091" lon="6.91285"><ele>2184.0</ele></trkpt>
<trkpt lat="45.78102" lon="6.91324"><ele>2184.5</ele></trkpt>
<trkpt lat="45.78117" lon="6.91365"><ele>2184.5</ele></trkpt>
<trkpt lat="45.78133" lon="6.91406"><ele>2182.0</ele></trkpt>
<trkpt lat="45.78164" lon="6.91451"><ele>2177.0</ele></trkpt>
<trkpt lat="45.78185" lon="6.91478"><ele>2175.0</ele></trkpt>
<trkpt lat="45.78203" lon="6.91497"><ele>2175.0</ele></trkpt>
<trkpt lat="45.78236" lon="6.91517"><ele>2172.0</ele></trkpt>
<trkpt lat="45.78267" lon="6.91539"><ele>2171.0</ele></trkpt>
<trkpt lat="45.78296" lon="6.91581"><ele>2170.0</ele></trkpt>
<trkpt lat="45.78316" lon="6.91613"><ele>2170.0</ele></trkpt>
<trkpt lat="45.78334" lon="6.91653"><ele>2169.5</ele></trkpt>
<trkpt lat="45.78356" lon="6.91683"><ele>2169.0</ele></trkpt>
<trkpt lat="45.78374" lon="6.91735"><ele>2169.0</ele></trkpt>
<trkpt lat="45.78384" lon="6.91774"><ele>2167.0</ele></trkpt>
<trkpt lat="45.78399" lon="6.91808"><ele>2162.0</ele></trkpt>
<trkpt lat="45.78406" lon="6.91859"><ele>2160.0</ele></trkpt>
<trkpt lat="45.78426" lon="6.91889"><ele>2155.0</ele></trkpt>
<trkpt lat="45.78446" lon="6.91907"><ele>2150.0</ele></trkpt>
<trkpt lat="45.78464" lon="6.91946"><ele>2147.0</ele></trkpt>
<trkpt lat="45.78490" lon="6.91973"><ele>2139.0</ele></trkpt>
<trkpt lat="45.78503" lon="6.92006"><ele>2137.0</ele></trkpt>
<trkpt lat="45.78526" lon="6.92037"><ele>2134.0</ele></trkpt>
<trkpt lat="45.78542" lon="6.92068"><ele>2133.0</ele></trkpt>
<trkpt lat="45.78565" lon="6.92088"><ele>2126.0</ele></trkpt>
<trkpt lat="45.78584" lon="6.92108"><ele>2119.0</ele></trkpt>
<trkpt lat="45.78594" lon="6.92141"><ele>2117.0</ele></trkpt>
<trkpt lat="45.78605" lon="6.92172"><ele>2115.0</ele></trkpt>
<trkpt lat="45.78612" lon="6.92204"><ele>2114.0</ele></trkpt>
<trkpt lat="45.78618" lon="6.92236"><ele>2113.0</ele></trkpt>
<trkpt lat="45.78639" lon="6.92283"><ele>2099.0</ele></trkpt>
<trkpt lat="45.78653" lon="6.92312"><ele>2091.0</ele></trkpt>
<trkpt lat="45.78671" lon="6.92344"><ele>2082.0</ele></trkpt>
<trkpt lat="45.78688" lon="6.92367"><ele>2074.0</ele></trkpt>
<trkpt lat="45.78708" lon="6.92404"><ele>2068.0</ele></trkpt>
<trkpt lat="45.78722" lon="6.92438"><ele>2065.0</ele></trkpt>
<trkpt lat="45.78739" lon="6.92464"><ele>2057.0</ele></trkpt>
<trkpt lat="45.78749" lon="6.92498"><ele>2056.0</ele></trkpt>
<trkpt lat="45.78774" lon="6.92529"><ele>2045.0</ele></trkpt>
<trkpt lat="45.78798" lon="6.92568"><ele>2037.0</ele></trkpt>
<trkpt lat="45.78821" lon="6.92605"><ele>2031.0</ele></trkpt>
<trkpt lat="45.78842" lon="6.92635"><ele>2024.0</ele></trkpt>
<trkpt lat="45.78864" lon="6.92666"><ele>2018.0</ele></trkpt>
<trkpt lat="45.78885" lon="6.92719"><ele>2016.0</ele></trkpt>
<trkpt lat="45.78908" lon="6.92762"><ele>2012.0</ele></trkpt>
<trkpt lat="45.78927" lon="6.92794"><ele>2005.0</ele></trkpt>
<trkpt lat="45.78947" lon="6.92824"><ele>2002.0</ele></trkpt>
<trkpt lat="45.78970" lon="6.92869"><ele>1993.5</ele></trkpt>
<trkpt lat="45.78989" lon="6.92926"><ele>1986.0</ele></trkpt>
<trkpt lat="45.79002" lon="6.92969"><ele>1978.0</ele></trkpt>
<trkpt lat="45.79014" lon="6.93029"><ele>1973.0</ele></trkpt>
<trkpt lat="45.79033" lon="6.93072"><ele>1966.0</ele></trkpt>
<trkpt lat="45.79054" lon="6.93089"><ele>1961.0</ele></trkpt>
<trkpt lat="45.79084" lon="6.93127"><ele>1958.0</ele></trkpt>
<trkpt lat="45.79104" lon="6.93100"><ele>1959.0</ele></trkpt>
<trkpt lat="45.79124" lon="6.93126"><ele>1962.0</ele></trkpt>
<trkpt lat="45.79145" lon="6.93157"><ele>1967.0</ele></trkpt>
<trkpt lat="45.79164" lon="6.93185"><ele>1972.0</ele></trkpt>
<trkpt lat="45.79148" lon="6.93216"><ele>1966.0</ele></trkpt>
<trkpt lat="45.79143" lon="6.93268"><ele>1965.0</ele></trkpt>
<trkpt lat="45.79148" lon="6.93320"><ele>1962.0</ele></trkpt>
<trkpt lat="45.79135" lon="6.93353"><ele>1957.0</ele></trkpt>
<trkpt lat="45.79131" lon="6.93403"><ele>1948.0</ele></trkpt>
<trkpt lat="45.79136" lon="6.93444"><ele>1939.0</ele></trkpt>
<trkpt lat="45.79146" lon="6.93499"><ele>1922.0</ele></trkpt>
<trkpt lat="45.79163" lon="6.93533"><ele>1920.0</ele></trkpt>
<trkpt lat="45.79188" lon="6.93547"><ele>1917.0</ele></trkpt>
<trkpt lat="45.79207" lon="6.93570"><ele>1907.0</ele></trkpt>
<trkpt lat="45.79223" lon="6.93593"><ele>1902.0</ele></trkpt>
<trkpt lat="45.79246" lon="6.93600"><ele>1902.0</ele></trkpt>
<trkpt lat="45.79279" lon="6.93628"><ele>1900.0</ele></trkpt>
<trkpt lat="45.79312" lon="6.93656"><ele>1899.0</ele></trkpt>
<trkpt lat="45.79340" lon="6.93686"><ele>1898.0</ele></trkpt>
<trkpt lat="45.79358" lon="6.93718"><ele>1894.0</ele></trkpt>
<trkpt lat="45.79374" lon="6.93757"><ele>1891.0</ele></trkpt>
<trkpt lat="45.79383" lon="6.93788"><ele>1891.0</ele></trkpt>
<trkpt lat="45.79378" lon="6.93821"><ele>1890.0</ele></trkpt>
<trkpt lat="45.79353" lon="6.93842"><ele>1885.0</ele></trkpt>
<trkpt lat="45.79330" lon="6.93856"><ele>1880.0</ele></trkpt>
<trkpt lat="45.79303" lon="6.93880"><ele>1873.0</ele></trkpt>
<trkpt lat="45.79282" lon="6.93857"><ele>1866.0</ele></trkpt>
<trkpt lat="45.79279" lon="6.93821"><ele>1865.0</ele></trkpt>
<trkpt lat="45.79257" lon="6.93817"><ele>1861.0</ele></trkpt>
<trkpt lat="45.79237" lon="6.93841"><ele>1852.0</ele></trkpt>
<trkpt lat="45.79232" lon="6.93902"><ele>1846.0</ele></trkpt>
<trkpt lat="45.79236" lon="6.93936"><ele>1845.0</ele></trkpt>
<trkpt lat="45.79219" lon="6.93982"><ele>1831.0</ele></trkpt>
<trkpt lat="45.79201" lon="6.94027"><ele>1814.0</ele></trkpt>
<trkpt lat="45.79194" lon="6.94076"><ele>1807.0</ele></trkpt>
<trkpt lat="45.79199" lon="6.94122"><ele>1804.0</ele></trkpt>
<trkpt lat="45.79201" lon="6.94171"><ele>1797.0</ele></trkpt>
<trkpt lat="45.79201" lon="6.94228"><ele>1784.0</ele></trkpt>
<trkpt lat="45.79207" lon="6.94273"><ele>1779.0</ele></trkpt>
<trkpt lat="45.79181" lon="6.94266"><ele>1765.0</ele></trkpt>
<trkpt lat="45.79159" lon="6.94299"><ele>1745.0</ele></trkpt>
<trkpt lat="45.79158" lon="6.94334"><ele>1740.0</ele></trkpt>
<trkpt lat="45.79162" lon="6.94370"><ele>1725.0</ele></trkpt>
<trkpt lat="45.79157" lon="6.94409"><ele>1718.5</ele></trkpt>
<trkpt lat="45.79152" lon="6.94448"><ele>1715.0</ele></trkpt>
<trkpt lat="45.79151" lon="6.94497"><ele>1712.0</ele></trkpt>
<trkpt lat="45.79152" lon="6.94552"><ele>1711.0</ele></trkpt>
<trkpt lat="45.79157" lon="6.94614"><ele>1710.0</ele></trkpt>
<trkpt lat="45.79167" lon="6.94651"><ele>1709.0</ele></trkpt>
<trkpt lat="45.79145" lon="6.94694"><ele>1703.0</ele></trkpt>
<trkpt lat="45.79148" lon="6.94727"><ele>1702.0</ele></trkpt>
<trkpt lat="45.79153" lon="6.94761"><ele>1703.0</ele></trkpt>
<trkpt lat="45.79183" lon="6.94789"><ele>1705.0</ele></trkpt>
<trkpt lat="45.79189" lon="6.94827"><ele>1704.0</ele></trkpt>
<trkpt lat="45.79170" lon="6.94847"><ele>1684.0</ele></trkpt>
<trkpt lat="45.79171" lon="6.94888"><ele>1668.0</ele></trkpt>
<trkpt lat="45.79180" lon="6.94934"><ele>1656.0</ele></trkpt>
<trkpt lat="45.79181" lon="6.94984"><ele>1640.0</ele></trkpt>
<trkpt lat="45.79182" lon="6.95035"><ele>1631.0</ele></trkpt>
<trkpt lat="45.79185" lon="6.95098"><ele>1620.0</ele></trkpt>
<trkpt lat="45.79192" lon="6.95156"><ele>1616.0</ele></trkpt>
<trkpt lat="45.79193" lon="6.95195"><ele>1607.0</ele></trkpt>
<trkpt lat="45.79188" lon="6.95229"><ele>1593.0</ele></trkpt>
<trkpt lat="45.79178" lon="6.95273"><ele>1575.0</ele></trkpt>
<trkpt lat="45.79152" lon="6.95301"><ele>1554.0</ele></trkpt>
<trkpt lat="45.79136" lon="6.95339"><ele>1540.0</ele></trkpt>
<trkpt lat="45.79105" lon="6.95352"><ele>1521.0</ele></trkpt>
<trkpt lat="45.79111" lon="6.95404"><ele>1508.0</ele></trkpt>
<trkpt lat="45.79087" lon="6.95425"><ele>1490.0</ele></trkpt>
<trkpt lat="45.79076" lon="6.95459"><ele>1473.0</ele></trkpt>
<trkpt lat="45.79048" lon="6.95489"><ele>1451.0</ele></trkpt>
<trkpt lat="45.79071" lon="6.95515"><ele>1448.0</ele></trkpt>
<trkpt lat="45.79097" lon="6.95531"><ele>1447.0</ele></trkpt>
<trkpt lat="45.79130" lon="6.95543"><ele>1447.0</ele></trkpt>
<trkpt lat="45.79152" lon="6.95550"><ele>1445.0</ele></trkpt>
<trkpt lat="45.79145" lon="6.95588"><ele>1425.0</ele></trkpt>
<trkpt lat="45.79161" lon="6.95617"><ele>1406.0</ele></trkpt>
<trkpt lat="45.79140" lon="6.95633"><ele>1396.0</ele></trkpt>
<trkpt lat="45.79104" lon="6.95651"><ele>1381.0</ele></trkpt>
<trkpt lat="45.79078" lon="6.95660"><ele>1371.0</ele></trkpt>
<trkpt lat="45.79080" lon="6.95693"><ele>1354.0</ele></trkpt>
<trkpt lat="45.79102" lon="6.95711"><ele>1348.0</ele></trkpt>
<trkpt lat="45.79091" lon="6.95741"><ele>1331.0</ele></trkpt>
<trkpt lat="45.79116" lon="6.95761"><ele>1325.0</ele></trkpt>
<trkpt lat="45.79093" lon="6.95794"><ele>1311.0</ele></trkpt>
<trkpt lat="45.79067" lon="6.95823"><ele>1302.0</ele></trkpt>
<trkpt lat="45.79050" lon="6.95846"><ele>1294.0</ele></trkpt>
<trkpt lat="45.79021" lon="6.95863"><ele>1290.0</ele></trkpt>
<trkpt lat="45.78999" lon="6.95890"><ele>1278.0</ele></trkpt>
<trkpt lat="45.78968" lon="6.95901"><ele>1274.0</ele></trkpt>
<trkpt lat="45.78930" lon="6.95895"><ele>1272.0</ele></trkpt>
<trkpt lat="45.78907" lon="6.95894"><ele>1271.0</ele></trkpt>
<trkpt lat="45.78876" lon="6.95890"><ele>1266.0</ele></trkpt>
<trkpt lat="45.78873" lon="6.95933"><ele>1261.0</ele></trkpt>
<trkpt lat="45.78869" lon="6.95974"><ele>1254.0</ele></trkpt>
<trkpt lat="45.78869" lon="6.96024"><ele>1251.0</ele></trkpt>
<trkpt lat="45.78862" lon="6.96064"><ele>1248.0</ele></trkpt>
<trkpt lat="45.78872" lon="6.96097"><ele>1243.0</ele></trkpt>
<trkpt lat="45.78881" lon="6.96133"><ele>1239.0</ele></trkpt>
<trkpt lat="45.78892" lon="6.96186"><ele>1234.0</ele></trkpt>
<trkpt lat="45.78910" lon="6.96242"><ele>1227.0</ele></trkpt>
<trkpt lat="45.78934" lon="6.96292"><ele>1224.0</ele></trkpt>
<trkpt lat="45.78952" lon="6.96324"><ele>1221.0</ele></trkpt>
<trkpt lat="45.78966" lon="6.96371"><ele>1219.0</ele></trkpt>
<trkpt lat="45.78989" lon="6.96417"><ele>1218.0</ele></trkpt>
<trkpt lat="45.79020" lon="6.96441"><ele>1214.0</ele></trkpt>
<trkpt lat="45.79058" lon="6.96437"><ele>1214.0</ele></trkpt>
<trkpt lat="45.79083" lon="6.96440"><ele>1212.0</ele></trkpt>
<trkpt lat="45.79108" lon="6.96443"><ele>1210.0</ele></trkpt>
<trkpt lat="45.79131" lon="6.96435"><ele>1210.0</ele></trkpt>
<trkpt lat="45.79164" lon="6.96418"><ele>1209.0</ele></trkpt>
<trkpt lat="45.79189" lon="6.96401"><ele>1207.5</ele></trkpt>
<trkpt lat="45.79214" lon="6.96383"><ele>1206.8</ele></trkpt>
<trkpt lat="45.79239" lon="6.96370"><ele>1206.8</ele></trkpt>
<trkpt lat="45.79275" lon="6.96346"><ele>1207.0</ele></trkpt>
<trkpt lat="45.79299" lon="6.96332"><ele>1208.0</ele></trkpt>
<trkpt lat="45.79319" lon="6.96317"><ele>1209.0</ele></trkpt>
<trkpt lat="45.79345" lon="6.96315"><ele>1209.0</ele></trkpt>
<trkpt lat="45.79368" lon="6.96316"><ele>1209.0</ele></trkpt>
<trkpt lat="45.79391" lon="6.96331"><ele>1206.0</ele></trkpt>
<trkpt lat="45.79404" lon="6.96370"><ele>1201.0</ele></trkpt>
<trkpt lat="45.79443" lon="6.96377"><ele>1198.0</ele></trkpt>
<trkpt lat="45.79466" lon="6.96384"><ele>1196.0</ele></trkpt>
<trkpt lat="45.79475" lon="6.96423"><ele>1194.8</ele></trkpt>
<trkpt lat="45.79470" lon="6.96463"><ele>1194.3</ele></trkpt>
<trkpt lat="45.79492" lon="6.96442"><ele>1194.0</ele></trkpt>
<trkpt lat="45.79472" lon="6.96427"><ele>1194.0</ele></trkpt>
<trkpt lat="45.79444" lon="6.96459"><ele>1194.0</ele></trkpt>
<trkpt lat="45.79417" lon="6.96496"><ele>1192.0</ele></trkpt>
<trkpt lat="45.79384" lon="6.96522"><ele>1188.5</ele></trkpt>
<trkpt lat="45.79356" lon="6.96534"><ele>1187.0</ele></trkpt>
<trkpt lat="45.79342" lon="6.96563"><ele>1184.0</ele></trkpt>
<trkpt lat="45.79334" lon="6.96600"><ele>1180.0</ele></trkpt>
<trkpt lat="45.79295" lon="6.96600"><ele>1180.0</ele></trkpt>
<trkpt lat="45.79266" lon="6.96608"><ele>1179.0</ele></trkpt>
<trkpt lat="45.79244" lon="6.96625"><ele>1179.0</ele></trkpt>
<trkpt lat="45.79244" lon="6.96664"><ele>1177.0</ele></trkpt>
<trkpt lat="45.79268" lon="6.96705"><ele>1176.0</ele></trkpt>
<trkpt lat="45.79277" lon="6.96743"><ele>1176.0</ele></trkpt>
<trkpt lat="45.79274" lon="6.96803"><ele>1182.0</ele></trkpt>
<trkpt lat="45.79254" lon="6.96829"><ele>1183.0</ele></trkpt>
<trkpt lat="45.79236" lon="6.96851"><ele>1185.0</ele></trkpt>
<trkpt lat="45.79212" lon="6.96887"><ele>1191.0</ele></trkpt>
<trkpt lat="45.79188" lon="6.96905"><ele>1192.0</ele></trkpt>
<trkpt lat="45.79162" lon="6.96919"><ele>1193.0</ele></trkpt>
<trkpt lat="45.79143" lon="6.96941"><ele>1194.0</ele></trkpt>
<trkpt lat="45.79125" lon="6.96982"><ele>1197.0</ele></trkpt>
<trkpt lat="45.79103" lon="6.96994"><ele>1198.0</ele></trkpt>
<trkpt lat="45.79093" lon="6.97027"><ele>1200.0</ele></trkpt>
<trkpt lat="45.79108" lon="6.97061"><ele>1202.0</ele></trkpt>
<trkpt lat="45.79130" lon="6.97114"><ele>1207.0</ele></trkpt>
<trkpt lat="45.79140" lon="6.97144"><ele>1209.0</ele></trkpt>
<trkpt lat="45.79143" lon="6.97181"><ele>1212.0</ele></trkpt>
<trkpt lat="45.79151" lon="6.97223"><ele>1218.0</ele></trkpt>
<trkpt lat="45.79137" lon="6.97256"><ele>1222.0</ele></trkpt>
<trkpt lat="45.79160" lon="6.97253"><ele>1224.0</ele></trkpt>
<trkpt lat="45.79184" lon="6.97270"><ele>1228.0</ele></trkpt>
<trkpt lat="45.79220" lon="6.97264"><ele>1231.5</ele></trkpt>
<trkpt lat="45.79259" lon="6.97277"><ele>1238.0</ele></trkpt>
<trkpt lat="45.79279" lon="6.97294"><ele>1241.0</ele></trkpt>
<trkpt lat="45.79307" lon="6.97316"><ele>1245.0</ele></trkpt>
<trkpt lat="45.79332" lon="6.97337"><ele>1251.0</ele></trkpt>
<trkpt lat="45.79360" lon="6.97354"><ele>1258.0</ele></trkpt>
<trkpt lat="45.79382" lon="6.97371"><ele>1263.0</ele></trkpt>
<trkpt lat="45.79409" lon="6.97386"><ele>1266.0</ele></trkpt>
<trkpt lat="45.79437" lon="6.97404"><ele>1267.0</ele></trkpt>
<trkpt lat="45.79474" lon="6.97421"><ele>1268.5</ele></trkpt>
<trkpt lat="45.79500" lon="6.97435"><ele>1269.0</ele></trkpt>
<trkpt lat="45.79521" lon="6.97454"><ele>1269.0</ele></trkpt>
<trkpt lat="45.79543" lon="6.97466"><ele>1270.0</ele></trkpt>
<trkpt lat="45.79574" lon="6.97478"><ele>1270.0</ele></trkpt>
<trkpt lat="45.79607" lon="6.97497"><ele>1270.0</ele></trkpt>
<trkpt lat="45.79628" lon="6.97515"><ele>1271.0</ele></trkpt>
<trkpt lat="45.79651" lon="6.97528"><ele>1272.0</ele></trkpt>
<trkpt lat="45.79679" lon="6.97537"><ele>1273.0</ele></trkpt>
<trkpt lat="45.79706" lon="6.97557"><ele>1277.0</ele></trkpt>
<trkpt lat="45.79729" lon="6.97567"><ele>1279.0</ele></trkpt>
<trkpt lat="45.79763" lon="6.97601"><ele>1284.0</ele></trkpt>
<trkpt lat="45.79781" lon="6.97629"><ele>1287.0</ele></trkpt>
<trkpt lat="45.79804" lon="6.97673"><ele>1292.0</ele></trkpt>
<trkpt lat="45.79821" lon="6.97696"><ele>1294.0</ele></trkpt>
<trkpt lat="45.79848" lon="6.97730"><ele>1298.0</ele></trkpt>
<trkpt lat="45.79873" lon="6.97757"><ele>1302.0</ele></trkpt>
<trkpt lat="45.79902" lon="6.97790"><ele>1307.0</ele></trkpt>
<trkpt lat="45.79920" lon="6.97812"><ele>1310.0</ele></trkpt>
<trkpt lat="45.79934" lon="6.97839"><ele>1313.0</ele></trkpt>
<trkpt lat="45.79947" lon="6.97869"><ele>1318.0</ele></trkpt>
<trkpt lat="45.79967" lon="6.97886"><ele>1321.0</ele></trkpt>
<trkpt lat="45.79981" lon="6.97914"><ele>1328.5</ele></trkpt>
<trkpt lat="45.80001" lon="6.97945"><ele>1337.0</ele></trkpt>
<trkpt lat="45.80019" lon="6.97976"><ele>1347.0</ele></trkpt>
<trkpt lat="45.80046" lon="6.98000"><ele>1351.0</ele></trkpt>
<trkpt lat="45.80073" lon="6.98040"><ele>1354.0</ele></trkpt>
<trkpt lat="45.80097" lon="6.98066"><ele>1356.0</ele></trkpt>
<trkpt lat="45.80101" lon="6.98099"><ele>1360.0</ele></trkpt>
<trkpt lat="45.80105" lon="6.98135"><ele>1364.0</ele></trkpt>
<trkpt lat="45.80112" lon="6.98167"><ele>1368.0</ele></trkpt>
<trkpt lat="45.80106" lon="6.98217"><ele>1374.5</ele></trkpt>
<trkpt lat="45.80091" lon="6.98251"><ele>1380.0</ele></trkpt>
<trkpt lat="45.80078" lon="6.98283"><ele>1386.0</ele></trkpt>
<trkpt lat="45.80081" lon="6.98330"><ele>1397.0</ele></trkpt>
<trkpt lat="45.80099" lon="6.98385"><ele>1403.0</ele></trkpt>
<trkpt lat="45.80110" lon="6.98435"><ele>1413.0</ele></trkpt>
<trkpt lat="45.80131" lon="6.98469"><ele>1413.0</ele></trkpt>
<trkpt lat="45.80150" lon="6.98438"><ele>1405.0</ele></trkpt>
<trkpt lat="45.80160" lon="6.98407"><ele>1401.0</ele></trkpt>
<trkpt lat="45.80185" lon="6.98409"><ele>1408.0</ele></trkpt>
<trkpt lat="45.80201" lon="6.98437"><ele>1418.0</ele></trkpt>
<trkpt lat="45.80209" lon="6.98467"><ele>1424.0</ele></trkpt>
<trkpt lat="45.80224" lon="6.98511"><ele>1432.0</ele></trkpt>
<trkpt lat="45.80240" lon="6.98562"><ele>1441.0</ele></trkpt>
<trkpt lat="45.80253" lon="6.98592"><ele>1447.0</ele></trkpt>
<trkpt lat="45.80267" lon="6.98562"><ele>1450.0</ele></trkpt>
<trkpt lat="45.80294" lon="6.98567"><ele>1462.0</ele></trkpt>
<trkpt lat="45.80294" lon="6.98604"><ele>1463.0</ele></trkpt>
<trkpt lat="45.80297" lon="6.98653"><ele>1467.0</ele></trkpt>
<trkpt lat="45.80310" lon="6.98684"><ele>1472.0</ele></trkpt>
<trkpt lat="45.80328" lon="6.98656"><ele>1478.0</ele></trkpt>
<trkpt lat="45.80347" lon="6.98631"><ele>1489.0</ele></trkpt>
<trkpt lat="45.80365" lon="6.98607"><ele>1496.0</ele></trkpt>
<trkpt lat="45.80382" lon="6.98633"><ele>1505.0</ele></trkpt>
<trkpt lat="45.80394" lon="6.98602"><ele>1512.0</ele></trkpt>
<trkpt lat="45.80402" lon="6.98634"><ele>1516.0</ele></trkpt>
<trkpt lat="45.80429" lon="6.98641"><ele>1530.0</ele></trkpt>
<trkpt lat="45.80449" lon="6.98624"><ele>1540.0</ele></trkpt>
<trkpt lat="45.80469" lon="6.98651"><ele>1550.0</ele></trkpt>
<trkpt lat="45.80487" lon="6.98628"><ele>1559.0</ele></trkpt>
<trkpt lat="45.80486" lon="6.98589"><ele>1565.0</ele></trkpt>
<trkpt lat="45.80475" lon="6.98559"><ele>1565.0</ele></trkpt>
<trkpt lat="45.80477" lon="6.98525"><ele>1569.0</ele></trkpt>
<trkpt lat="45.80483" lon="6.98486"><ele>1576.0</ele></trkpt>
<trkpt lat="45.80490" lon="6.98450"><ele>1587.0</ele></trkpt>
<trkpt lat="45.80505" lon="6.98407"><ele>1602.0</ele></trkpt>
<trkpt lat="45.80515" lon="6.98363"><ele>1615.0</ele></trkpt>
<trkpt lat="45.80532" lon="6.98390"><ele>1623.0</ele></trkpt>
<trkpt lat="45.80548" lon="6.98421"><ele>1629.0</ele></trkpt>
<trkpt lat="45.80562" lon="6.98459"><ele>1636.0</ele></trkpt>
<trkpt lat="45.80583" lon="6.98471"><ele>1649.0</ele></trkpt>
<trkpt lat="45.80586" lon="6.98437"><ele>1653.0</ele></trkpt>
<trkpt lat="45.80601" lon="6.98399"><ele>1669.0</ele></trkpt>
<trkpt lat="45.80627" lon="6.98391"><ele>1687.0</ele></trkpt>
<trkpt lat="45.80646" lon="6.98410"><ele>1694.0</ele></trkpt>
<trkpt lat="45.80646" lon="6.98370"><ele>1700.0</ele></trkpt>
<trkpt lat="45.80660" lon="6.98339"><ele>1715.0</ele></trkpt>
<trkpt lat="45.80682" lon="6.98360"><ele>1727.0</ele></trkpt>
<trkpt lat="45.80679" lon="6.98324"><ele>1728.0</ele></trkpt>
<trkpt lat="45.80659" lon="6.98290"><ele>1728.0</ele></trkpt>
<trkpt lat="45.80643" lon="6.98261"><ele>1728.0</ele></trkpt>
<trkpt lat="45.80636" lon="6.98225"><ele>1732.0</ele></trkpt>
<trkpt lat="45.80641" lon="6.98192"><ele>1746.0</ele></trkpt>
<trkpt lat="45.80660" lon="6.98211"><ele>1753.0</ele></trkpt>
<trkpt lat="45.80685" lon="6.98219"><ele>1766.0</ele></trkpt>
<trkpt lat="45.80707" lon="6.98239"><ele>1778.0</ele></trkpt>
<trkpt lat="45.80707" lon="6.98205"><ele>1786.0</ele></trkpt>
<trkpt lat="45.80715" lon="6.98170"><ele>1798.0</ele></trkpt>
<trkpt lat="45.80714" lon="6.98134"><ele>1807.0</ele></trkpt>
<trkpt lat="45.80708" lon="6.98096"><ele>1816.0</ele></trkpt>
<trkpt lat="45.80701" lon="6.98061"><ele>1817.0</ele></trkpt>
<trkpt lat="45.80695" lon="6.98027"><ele>1821.0</ele></trkpt>
<trkpt lat="45.80708" lon="6.97997"><ele>1840.0</ele></trkpt>
<trkpt lat="45.80704" lon="6.97941"><ele>1846.0</ele></trkpt>
<trkpt lat="45.80696" lon="6.97906"><ele>1849.0</ele></trkpt>
<trkpt lat="45.80701" lon="6.97864"><ele>1859.0</ele></trkpt>
<trkpt lat="45.80709" lon="6.97824"><ele>1865.0</ele></trkpt>
<trkpt lat="45.80734" lon="6.97822"><ele>1888.0</ele></trkpt>
<trkpt lat="45.80745" lon="6.97791"><ele>1900.0</ele></trkpt>
<trkpt lat="45.80757" lon="6.97825"><ele>1905.0</ele></trkpt>
<trkpt lat="45.80782" lon="6.97812"><ele>1922.0</ele></trkpt>
<trkpt lat="45.80779" lon="6.97778"><ele>1923.0</ele></trkpt>
<trkpt lat="45.80781" lon="6.97745"><ele>1926.0</ele></trkpt>
<trkpt lat="45.80805" lon="6.97742"><ele>1938.0</ele></trkpt>
<trkpt lat="45.80828" lon="6.97754"><ele>1951.0</ele></trkpt>
<trkpt lat="45.80843" lon="6.97797"><ele>1956.0</ele></trkpt>
<trkpt lat="45.80851" lon="6.97830"><ele>1958.0</ele></trkpt>
<trkpt lat="45.80875" lon="6.97845"><ele>1967.0</ele></trkpt>
<trkpt lat="45.80893" lon="6.97874"><ele>1972.0</ele></trkpt>
<trkpt lat="45.80904" lon="6.97845"><ele>1975.0</ele></trkpt>
<trkpt lat="45.80923" lon="6.97865"><ele>1982.0</ele></trkpt>
<trkpt lat="45.80922" lon="6.97911"><ele>1982.0</ele></trkpt>
<trkpt lat="45.80945" lon="6.97923"><ele>1991.0</ele></trkpt>
<trkpt lat="45.80965" lon="6.97943"><ele>1997.0</ele></trkpt>
<trkpt lat="45.80977" lon="6.97973"><ele>2005.0</ele></trkpt>
<trkpt lat="45.80995" lon="6.98000"><ele>2011.0</ele></trkpt>
<trkpt lat="45.81021" lon="6.98008"><ele>2020.0</ele></trkpt>
<trkpt lat="45.81038" lon="6.97981"><ele>2025.0</ele></trkpt>
<trkpt lat="45.81063" lon="6.97971"><ele>2030.0</ele></trkpt>
<trkpt lat="45.81090" lon="6.97968"><ele>2036.0</ele></trkpt>
<trkpt lat="45.81114" lon="6.97942"><ele>2036.0</ele></trkpt>
<trkpt lat="45.81129" lon="6.97915"><ele>2031.0</ele></trkpt>
<trkpt lat="45.81146" lon="6.97889"><ele>2026.0</ele></trkpt>
<trkpt lat="45.81169" lon="6.97861"><ele>2023.0</ele></trkpt>
<trkpt lat="45.81202" lon="6.97843"><ele>2023.0</ele></trkpt>
<trkpt lat="45.81230" lon="6.97837"><ele>2024.0</ele></trkpt>
<trkpt lat="45.81256" lon="6.97836"><ele>2024.0</ele></trkpt>
<trkpt lat="45.81283" lon="6.97839"><ele>2024.0</ele></trkpt>
<trkpt lat="45.81302" lon="6.97815"><ele>2015.0</ele></trkpt>
<trkpt lat="45.81328" lon="6.97812"><ele>2012.0</ele></trkpt>
<trkpt lat="45.81359" lon="6.97817"><ele>2012.0</ele></trkpt>
<trkpt lat="45.81401" lon="6.97818"><ele>2010.0</ele></trkpt>
<trkpt lat="45.81433" lon="6.97827"><ele>2010.0</ele></trkpt>
<trkpt lat="45.81462" lon="6.97825"><ele>2008.0</ele></trkpt>
<trkpt lat="45.81472" lon="6.97781"><ele>2001.0</ele></trkpt>
<trkpt lat="45.81501" lon="6.97779"><ele>2000.0</ele></trkpt>
<trkpt lat="45.81527" lon="6.97788"><ele>2000.0</ele></trkpt>
<trkpt lat="45.81554" lon="6.97797"><ele>1999.0</ele></trkpt>
<trkpt lat="45.81578" lon="6.97811"><ele>1998.0</ele></trkpt>
<trkpt lat="45.81604" lon="6.97833"><ele>1998.0</ele></trkpt>
<trkpt lat="45.81633" lon="6.97853"><ele>1998.0</ele></trkpt>
<trkpt lat="45.81663" lon="6.97874"><ele>1996.5</ele></trkpt>
<trkpt lat="45.81689" lon="6.97892"><ele>1996.0</ele></trkpt>
<trkpt lat="45.81717" lon="6.97916"><ele>1994.5</ele></trkpt>
<trkpt lat="45.81738" lon="6.97935"><ele>1994.0</ele></trkpt>
<trkpt lat="45.81764" lon="6.97949"><ele>1992.0</ele></trkpt>
<trkpt lat="45.81802" lon="6.97968"><ele>1987.0</ele></trkpt>
<trkpt lat="45.81825" lon="6.97990"><ele>1985.0</ele></trkpt>
<trkpt lat="45.81854" lon="6.98018"><ele>1983.0</ele></trkpt>
<trkpt lat="45.81889" lon="6.98038"><ele>1979.0</ele></trkpt>
<trkpt lat="45.81911" lon="6.98071"><ele>1978.0</ele></trkpt>
<trkpt lat="45.81933" lon="6.98099"><ele>1977.0</ele></trkpt>
<trkpt lat="45.81950" lon="6.98136"><ele>1977.0</ele></trkpt>
<trkpt lat="45.81973" lon="6.98193"><ele>1978.0</ele></trkpt>
<trkpt lat="45.81995" lon="6.98227"><ele>1978.0</ele></trkpt>
<trkpt lat="45.82020" lon="6.98262"><ele>1976.5</ele></trkpt>
<trkpt lat="45.82042" lon="6.98293"><ele>1974.0</ele></trkpt>
<trkpt lat="45.82061" lon="6.98319"><ele>1972.0</ele></trkpt>
<trkpt lat="45.82077" lon="6.98353"><ele>1972.0</ele></trkpt>
<trkpt lat="45.82099" lon="6.98400"><ele>1971.0</ele></trkpt>
<trkpt lat="45.82115" lon="6.98424"><ele>1971.0</ele></trkpt>
<trkpt lat="45.82138" lon="6.98450"><ele>1969.0</ele></trkpt>
<trkpt lat="45.82164" lon="6.98481"><ele>1969.0</ele></trkpt>
<trkpt lat="45.82183" lon="6.98506"><ele>1969.0</ele></trkpt>
<trkpt lat="45.82199" lon="6.98543"><ele>1968.0</ele></trkpt>
<trkpt lat="45.82220" lon="6.98592"><ele>1965.0</ele></trkpt>
<trkpt lat="45.82240" lon="6.98619"><ele>1960.0</ele></trkpt>
<trkpt lat="45.82258" lon="6.98640"><ele>1959.0</ele></trkpt>
<trkpt lat="45.82275" lon="6.98663"><ele>1958.5</ele></trkpt>
<trkpt lat="45.82292" lon="6.98686"><ele>1958.0</ele></trkpt>
<trkpt lat="45.82320" lon="6.98732"><ele>1957.0</ele></trkpt>
<trkpt lat="45.82339" lon="6.98756"><ele>1954.0</ele></trkpt>
<trkpt lat="45.82362" lon="6.98784"><ele>1953.0</ele></trkpt>
<trkpt lat="45.82385" lon="6.98826"><ele>1952.0</ele></trkpt>
<trkpt lat="45.82399" lon="6.98861"><ele>1950.0</ele></trkpt>
<trkpt lat="45.82415" lon="6.98889"><ele>1950.0</ele></trkpt>
<trkpt lat="45.82425" lon="6.98942"><ele>1949.0</ele></trkpt>
<trkpt lat="45.82428" lon="6.98975"><ele>1949.0</ele></trkpt>
<trkpt lat="45.82431" lon="6.99008"><ele>1949.0</ele></trkpt>
<trkpt lat="45.82448" lon="6.99068"><ele>1948.0</ele></trkpt>
<trkpt lat="45.82462" lon="6.99104"><ele>1945.0</ele></trkpt>
<trkpt lat="45.82477" lon="6.99134"><ele>1945.0</ele></trkpt>
<trkpt lat="45.82493" lon="6.99168"><ele>1945.0</ele></trkpt>
<trkpt lat="45.82500" lon="6.99210"><ele>1949.0</ele></trkpt>
<trkpt lat="45.82516" lon="6.99254"><ele>1952.0</ele></trkpt>
<trkpt lat="45.82537" lon="6.99304"><ele>1952.0</ele></trkpt>
<trkpt lat="45.82553" lon="6.99339"><ele>1954.0</ele></trkpt>
<trkpt lat="45.82559" lon="6.99381"><ele>1959.0</ele></trkpt>
<trkpt lat="45.82555" lon="6.99424"><ele>1966.0</ele></trkpt>
<trkpt lat="45.82569" lon="6.99457"><ele>1968.0</ele></trkpt>
<trkpt lat="45.82580" lon="6.99489"><ele>1969.0</ele></trkpt>
<trkpt lat="45.82585" lon="6.99540"><ele>1973.0</ele></trkpt>
<trkpt lat="45.82594" lon="6.99586"><ele>1979.0</ele></trkpt>
<trkpt lat="45.82612" lon="6.99632"><ele>1985.0</ele></trkpt>
<trkpt lat="45.82632" lon="6.99651"><ele>1985.0</ele></trkpt>
<trkpt lat="45.82651" lon="6.99673"><ele>1985.0</ele></trkpt>
<trkpt lat="45.82662" lon="6.99703"><ele>1986.0</ele></trkpt>
<trkpt lat="45.82674" lon="6.99734"><ele>1987.0</ele></trkpt>
<trkpt lat="45.82686" lon="6.99785"><ele>1989.0</ele></trkpt>
<trkpt lat="45.82695" lon="6.99844"><ele>1993.0</ele></trkpt>
<trkpt lat="45.82706" lon="6.99887"><ele>1994.0</ele></trkpt>
<trkpt lat="45.82719" lon="6.99934"><ele>1994.0</ele></trkpt>
<trkpt lat="45.82733" lon="6.99981"><ele>1992.0</ele></trkpt>
<trkpt lat="45.82758" lon="7.00028"><ele>1987.0</ele></trkpt>
<trkpt lat="45.82773" lon="7.00068"><ele>1985.0</ele></trkpt>
<trkpt lat="45.82793" lon="7.00102"><ele>1981.0</ele></trkpt>
<trkpt lat="45.82803" lon="7.00131"><ele>1981.0</ele></trkpt>
<trkpt lat="45.82806" lon="7.00173"><ele>1979.0</ele></trkpt>
<trkpt lat="45.82819" lon="7.00200"><ele>1977.0</ele></trkpt>
<trkpt lat="45.82836" lon="7.00225"><ele>1971.0</ele></trkpt>
<trkpt lat="45.82855" lon="7.00244"><ele>1968.0</ele></trkpt>
<trkpt lat="45.82876" lon="7.00269"><ele>1967.0</ele></trkpt>
<trkpt lat="45.82893" lon="7.00292"><ele>1966.0</ele></trkpt>
<trkpt lat="45.82921" lon="7.00300"><ele>1963.0</ele></trkpt>
<trkpt lat="45.82951" lon="7.00311"><ele>1953.0</ele></trkpt>
<trkpt lat="45.82965" lon="7.00344"><ele>1953.0</ele></trkpt>
<trkpt lat="45.82981" lon="7.00374"><ele>1953.0</ele></trkpt>
<trkpt lat="45.83002" lon="7.00411"><ele>1953.0</ele></trkpt>
<trkpt lat="45.83033" lon="7.00425"><ele>1948.0</ele></trkpt>
<trkpt lat="45.83059" lon="7.00447"><ele>1947.0</ele></trkpt>
<trkpt lat="45.83092" lon="7.00469"><ele>1942.0</ele></trkpt>
<trkpt lat="45.83126" lon="7.00511"><ele>1941.0</ele></trkpt>
<trkpt lat="45.83146" lon="7.00530"><ele>1939.0</ele></trkpt>
<trkpt lat="45.83167" lon="7.00574"><ele>1939.0</ele></trkpt>
<trkpt lat="45.83197" lon="7.00601"><ele>1940.0</ele></trkpt>
<trkpt lat="45.83222" lon="7.00632"><ele>1940.0</ele></trkpt>
<trkpt lat="45.83243" lon="7.00655"><ele>1942.0</ele></trkpt>
<trkpt lat="45.83259" lon="7.00685"><ele>1943.0</ele></trkpt>
<trkpt lat="45.83274" lon="7.00714"><ele>1944.0</ele></trkpt>
<trkpt lat="45.83293" lon="7.00740"><ele>1944.0</ele></trkpt>
<trkpt lat="45.83316" lon="7.00761"><ele>1947.0</ele></trkpt>
<trkpt lat="45.83295" lon="7.00775"><ele>1955.0</ele></trkpt>
<trkpt lat="45.83296" lon="7.00812"><ele>1967.0</ele></trkpt>
<trkpt lat="45.83315" lon="7.00843"><ele>1967.0</ele></trkpt>
<trkpt lat="45.83335" lon="7.00866"><ele>1965.0</ele></trkpt>
<trkpt lat="45.83348" lon="7.00894"><ele>1965.0</ele></trkpt>
<trkpt lat="45.83362" lon="7.00921"><ele>1964.0</ele></trkpt>
<trkpt lat="45.83380" lon="7.00943"><ele>1963.0</ele></trkpt>
<trkpt lat="45.83398" lon="7.00972"><ele>1961.0</ele></trkpt>
<trkpt lat="45.83415" lon="7.01000"><ele>1961.0</ele></trkpt>
<trkpt lat="45.83434" lon="7.01060"><ele>1963.0</ele></trkpt>
<trkpt lat="45.83441" lon="7.01098"><ele>1965.0</ele></trkpt>
<trkpt lat="45.83437" lon="7.01149"><ele>1973.0</ele></trkpt>
<trkpt lat="45.83431" lon="7.01182"><ele>1980.0</ele></trkpt>
<trkpt lat="45.83460" lon="7.01194"><ele>1974.0</ele></trkpt>
<trkpt lat="45.83476" lon="7.01222"><ele>1974.0</ele></trkpt>
<trkpt lat="45.83492" lon="7.01262"><ele>1976.0</ele></trkpt>
<trkpt lat="45.83505" lon="7.01309"><ele>1981.0</ele></trkpt>
<trkpt lat="45.83515" lon="7.01359"><ele>1989.0</ele></trkpt>
<trkpt lat="45.83529" lon="7.01412"><ele>1989.0</ele></trkpt>
<trkpt lat="45.83558" lon="7.01453"><ele>1985.0</ele></trkpt>
<trkpt lat="45.83572" lon="7.01486"><ele>1985.0</ele></trkpt>
<trkpt lat="45.83590" lon="7.01527"><ele>1985.0</ele></trkpt>
<trkpt lat="45.83607" lon="7.01570"><ele>1985.0</ele></trkpt>
<trkpt lat="45.83621" lon="7.01602"><ele>1985.0</ele></trkpt>
<trkpt lat="45.83636" lon="7.01641"><ele>1992.0</ele></trkpt>
<trkpt lat="45.83637" lon="7.01687"><ele>1993.0</ele></trkpt>
<trkpt lat="45.83635" lon="7.01721"><ele>1994.0</ele></trkpt>
<trkpt lat="45.83610" lon="7.01767"><ele>1997.0</ele></trkpt>
<trkpt lat="45.83585" lon="7.01806"><ele>2002.0</ele></trkpt>
<trkpt lat="45.83576" lon="7.01836"><ele>2002.0</ele></trkpt>
<trkpt lat="45.83558" lon="7.01864"><ele>2003.0</ele></trkpt>
<trkpt lat="45.83537" lon="7.01910"><ele>2014.0</ele></trkpt>
<trkpt lat="45.83527" lon="7.01940"><ele>2015.0</ele></trkpt>
<trkpt lat="45.83523" lon="7.01984"><ele>2015.0</ele></trkpt>
<trkpt lat="45.83534" lon="7.02016"><ele>2014.0</ele></trkpt>
<trkpt lat="45.83530" lon="7.02049"><ele>2014.0</ele></trkpt>
<trkpt lat="45.83525" lon="7.02094"><ele>2013.0</ele></trkpt>
<trkpt lat="45.83551" lon="7.02097"><ele>2010.0</ele></trkpt>
<trkpt lat="45.83573" lon="7.02070"><ele>2002.0</ele></trkpt>
<trkpt lat="45.83595" lon="7.02042"><ele>1998.0</ele></trkpt>
<trkpt lat="45.83622" lon="7.02051"><ele>1998.0</ele></trkpt>
<trkpt lat="45.83644" lon="7.02064"><ele>2004.0</ele></trkpt>
<trkpt lat="45.83666" lon="7.02081"><ele>2012.0</ele></trkpt>
<trkpt lat="45.83693" lon="7.02104"><ele>2024.0</ele></trkpt>
<trkpt lat="45.83719" lon="7.02116"><ele>2024.0</ele></trkpt>
<trkpt lat="45.83743" lon="7.02107"><ele>2020.0</ele></trkpt>
<trkpt lat="45.83770" lon="7.02104"><ele>2019.0</ele></trkpt>
<trkpt lat="45.83805" lon="7.02109"><ele>2015.0</ele></trkpt>
<trkpt lat="45.83840" lon="7.02110"><ele>2009.0</ele></trkpt>
<trkpt lat="45.83863" lon="7.02116"><ele>2003.0</ele></trkpt>
<trkpt lat="45.83887" lon="7.02123"><ele>1999.0</ele></trkpt>
<trkpt lat="45.83912" lon="7.02145"><ele>1997.0</ele></trkpt>
<trkpt lat="45.83941" lon="7.02148"><ele>1992.0</ele></trkpt>
<trkpt lat="45.83961" lon="7.02165"><ele>1986.0</ele></trkpt>
<trkpt lat="45.83981" lon="7.02180"><ele>1985.0</ele></trkpt>
<trkpt lat="45.84003" lon="7.02200"><ele>1982.0</ele></trkpt>
<trkpt lat="45.84023" lon="7.02224"><ele>1981.0</ele></trkpt>
<trkpt lat="45.84040" lon="7.02246"><ele>1977.0</ele></trkpt>
<trkpt lat="45.84060" lon="7.02270"><ele>1973.0</ele></trkpt>
<trkpt lat="45.84093" lon="7.02314"><ele>1967.0</ele></trkpt>
<trkpt lat="45.84113" lon="7.02339"><ele>1962.0</ele></trkpt>
<trkpt lat="45.84132" lon="7.02366"><ele>1958.0</ele></trkpt>
<trkpt lat="45.84152" lon="7.02387"><ele>1954.0</ele></trkpt>
<trkpt lat="45.84179" lon="7.02394"><ele>1946.0</ele></trkpt>
<trkpt lat="45.84211" lon="7.02403"><ele>1944.0</ele></trkpt>
<trkpt lat="45.84235" lon="7.02406"><ele>1942.0</ele></trkpt>
<trkpt lat="45.84259" lon="7.02433"><ele>1941.0</ele></trkpt>
<trkpt lat="45.84281" lon="7.02464"><ele>1938.0</ele></trkpt>
<trkpt lat="45.84304" lon="7.02502"><ele>1937.0</ele></trkpt>
<trkpt lat="45.84344" lon="7.02530"><ele>1936.0</ele></trkpt>
<trkpt lat="45.84360" lon="7.02555"><ele>1936.0</ele></trkpt>
<trkpt lat="45.84391" lon="7.02578"><ele>1934.0</ele></trkpt>
<trkpt lat="45.84428" lon="7.02594"><ele>1931.0</ele></trkpt>
<trkpt lat="45.84451" lon="7.02614"><ele>1931.0</ele></trkpt>
<trkpt lat="45.84467" lon="7.02652"><ele>1936.0</ele></trkpt>
<trkpt lat="45.84488" lon="7.02672"><ele>1937.0</ele></trkpt>
<trkpt lat="45.84500" lon="7.02701"><ele>1940.0</ele></trkpt>
<trkpt lat="45.84529" lon="7.02729"><ele>1940.5</ele></trkpt>
<trkpt lat="45.84544" lon="7.02756"><ele>1943.0</ele></trkpt>
<trkpt lat="45.84564" lon="7.02776"><ele>1944.0</ele></trkpt>
<trkpt lat="45.84584" lon="7.02801"><ele>1944.0</ele></trkpt>
<trkpt lat="45.84601" lon="7.02825"><ele>1947.0</ele></trkpt>
<trkpt lat="45.84617" lon="7.02850"><ele>1947.0</ele></trkpt>
<trkpt lat="45.84640" lon="7.02874"><ele>1945.0</ele></trkpt>
<trkpt lat="45.84668" lon="7.02905"><ele>1945.0</ele></trkpt>
<trkpt lat="45.84686" lon="7.02936"><ele>1946.0</ele></trkpt>
<trkpt lat="45.84706" lon="7.02963"><ele>1948.0</ele></trkpt>
<trkpt lat="45.84728" lon="7.02996"><ele>1951.0</ele></trkpt>
<trkpt lat="45.84744" lon="7.03023"><ele>1953.0</ele></trkpt>
<trkpt lat="45.84760" lon="7.03046"><ele>1953.0</ele></trkpt>
<trkpt lat="45.84786" lon="7.03073"><ele>1952.0</ele></trkpt>
<trkpt lat="45.84792" lon="7.03108"><ele>1958.0</ele></trkpt>
<trkpt lat="45.84814" lon="7.03142"><ele>1958.0</ele></trkpt>
<trkpt lat="45.84822" lon="7.03174"><ele>1960.0</ele></trkpt>
<trkpt lat="45.84798" lon="7.03180"><ele>1968.0</ele></trkpt>
<trkpt lat="45.84774" lon="7.03180"><ele>1974.0</ele></trkpt>
<trkpt lat="45.84752" lon="7.03168"><ele>1976.0</ele></trkpt>
<trkpt lat="45.84729" lon="7.03172"><ele>1980.0</ele></trkpt>
<trkpt lat="45.84709" lon="7.03196"><ele>1992.0</ele></trkpt>
<trkpt lat="45.84715" lon="7.03230"><ele>1998.0</ele></trkpt>
<trkpt lat="45.84698" lon="7.03273"><ele>2009.0</ele></trkpt>
<trkpt lat="45.84690" lon="7.03304"><ele>2017.0</ele></trkpt>
<trkpt lat="45.84672" lon="7.03331"><ele>2028.0</ele></trkpt>
<trkpt lat="45.84662" lon="7.03369"><ele>2031.0</ele></trkpt>
<trkpt lat="45.84667" lon="7.03405"><ele>2031.0</ele></trkpt>
<trkpt lat="45.84654" lon="7.03445"><ele>2034.0</ele></trkpt>
<trkpt lat="45.84645" lon="7.03475"><ele>2039.0</ele></trkpt>
<trkpt lat="45.84639" lon="7.03512"><ele>2047.0</ele></trkpt>
<trkpt lat="45.84627" lon="7.03568"><ele>2047.0</ele></trkpt>
<trkpt lat="45.84631" lon="7.03605"><ele>2045.0</ele></trkpt>
<trkpt lat="45.84627" lon="7.03651"><ele>2044.0</ele></trkpt>
<trkpt lat="45.84652" lon="7.03659"><ele>2044.0</ele></trkpt>
<trkpt lat="45.84682" lon="7.03666"><ele>2040.0</ele></trkpt>
<trkpt lat="45.84706" lon="7.03671"><ele>2038.0</ele></trkpt>
<trkpt lat="45.84711" lon="7.03704"><ele>2037.0</ele></trkpt>
<trkpt lat="45.84738" lon="7.03720"><ele>2035.0</ele></trkpt>
<trkpt lat="45.84762" lon="7.03741"><ele>2034.0</ele></trkpt>
<trkpt lat="45.84777" lon="7.03766"><ele>2034.0</ele></trkpt>
<trkpt lat="45.84798" lon="7.03790"><ele>2034.0</ele></trkpt>
<trkpt lat="45.84819" lon="7.03773"><ele>2031.0</ele></trkpt>
<trkpt lat="45.84855" lon="7.03747"><ele>2027.0</ele></trkpt>
<trkpt lat="45.84879" lon="7.03717"><ele>2019.0</ele></trkpt>
<trkpt lat="45.84902" lon="7.03685"><ele>2010.5</ele></trkpt>
<trkpt lat="45.84925" lon="7.03654"><ele>2002.0</ele></trkpt>
<trkpt lat="45.84951" lon="7.03646"><ele>2002.0</ele></trkpt>
<trkpt lat="45.84961" lon="7.03679"><ele>2006.0</ele></trkpt>
<trkpt lat="45.84973" lon="7.03707"><ele>2009.0</ele></trkpt>
<trkpt lat="45.84997" lon="7.03722"><ele>2008.0</ele></trkpt>
<trkpt lat="45.85028" lon="7.03737"><ele>2012.0</ele></trkpt>
<trkpt lat="45.85048" lon="7.03752"><ele>2013.0</ele></trkpt>
<trkpt lat="45.85068" lon="7.03770"><ele>2014.0</ele></trkpt>
<trkpt lat="45.85099" lon="7.03782"><ele>2017.0</ele></trkpt>
<trkpt lat="45.85131" lon="7.03796"><ele>2020.5</ele></trkpt>
<trkpt lat="45.85159" lon="7.03804"><ele>2023.0</ele></trkpt>
<trkpt lat="45.85200" lon="7.03819"><ele>2040.0</ele></trkpt>
<trkpt lat="45.85223" lon="7.03825"><ele>2048.0</ele></trkpt>
<trkpt lat="45.85249" lon="7.03830"><ele>2048.0</ele></trkpt>
<trkpt lat="45.85275" lon="7.03838"><ele>2047.0</ele></trkpt>
<trkpt lat="45.85301" lon="7.03845"><ele>2047.0</ele></trkpt>
<trkpt lat="45.85331" lon="7.03855"><ele>2059.0</ele></trkpt>
<trkpt lat="45.85360" lon="7.03866"><ele>2059.0</ele></trkpt>
<trkpt lat="45.85402" lon="7.03875"><ele>2058.0</ele></trkpt>
<trkpt lat="45.85426" lon="7.03879"><ele>2058.0</ele></trkpt>
<trkpt lat="45.85454" lon="7.03878"><ele>2057.0</ele></trkpt>
<trkpt lat="45.85480" lon="7.03895"><ele>2066.0</ele></trkpt>
<trkpt lat="45.85504" lon="7.03930"><ele>2066.0</ele></trkpt>
<trkpt lat="45.85530" lon="7.03968"><ele>2064.0</ele></trkpt>
<trkpt lat="45.85551" lon="7.03998"><ele>2056.0</ele></trkpt>
<trkpt lat="45.85574" lon="7.04029"><ele>2051.0</ele></trkpt>
<trkpt lat="45.85592" lon="7.04051"><ele>2051.0</ele></trkpt>
<trkpt lat="45.85617" lon="7.04094"><ele>2049.0</ele></trkpt>
<trkpt lat="45.85633" lon="7.04118"><ele>2047.0</ele></trkpt>
<trkpt lat="45.85647" lon="7.04145"><ele>2042.0</ele></trkpt>
<trkpt lat="45.85655" lon="7.04183"><ele>2040.0</ele></trkpt>
<trkpt lat="45.85663" lon="7.04244"><ele>2042.0</ele></trkpt>
<trkpt lat="45.85681" lon="7.04288"><ele>2042.0</ele></trkpt>
<trkpt lat="45.85701" lon="7.04326"><ele>2041.0</ele></trkpt>
<trkpt lat="45.85717" lon="7.04365"><ele>2041.0</ele></trkpt>
<trkpt lat="45.85727" lon="7.04394"><ele>2042.0</ele></trkpt>
<trkpt lat="45.85742" lon="7.04420"><ele>2044.5</ele></trkpt>
<trkpt lat="45.85758" lon="7.04446"><ele>2047.0</ele></trkpt>
<trkpt lat="45.85783" lon="7.04467"><ele>2048.0</ele></trkpt>
<trkpt lat="45.85804" lon="7.04488"><ele>2049.0</ele></trkpt>
<trkpt lat="45.85830" lon="7.04514"><ele>2049.0</ele></trkpt>
<trkpt lat="45.85856" lon="7.04544"><ele>2051.0</ele></trkpt>
<trkpt lat="45.85874" lon="7.04569"><ele>2053.0</ele></trkpt>
<trkpt lat="45.85898" lon="7.04584"><ele>2054.0</ele></trkpt>
<trkpt lat="45.85912" lon="7.04623"><ele>2060.0</ele></trkpt>
<trkpt lat="45.85932" lon="7.04643"><ele>2061.0</ele></trkpt>
<trkpt lat="45.85957" lon="7.04659"><ele>2061.0</ele></trkpt>
<trkpt lat="45.85979" lon="7.04672"><ele>2062.0</ele></trkpt>
<trkpt lat="45.86008" lon="7.04694"><ele>2062.0</ele></trkpt>
<trkpt lat="45.86032" lon="7.04711"><ele>2061.0</ele></trkpt>
<trkpt lat="45.86051" lon="7.04730"><ele>2056.5</ele></trkpt>
<trkpt lat="45.86070" lon="7.04748"><ele>2052.0</ele></trkpt>
<trkpt lat="45.86091" lon="7.04773"><ele>2047.0</ele></trkpt>
<trkpt lat="45.86112" lon="7.04795"><ele>2046.0</ele></trkpt>
<trkpt lat="45.86136" lon="7.04815"><ele>2046.0</ele></trkpt>
<trkpt lat="45.86163" lon="7.04846"><ele>2043.5</ele></trkpt>
<trkpt lat="45.86185" lon="7.04869"><ele>2040.5</ele></trkpt>
<trkpt lat="45.86211" lon="7.04898"><ele>2039.0</ele></trkpt>
<trkpt lat="45.86228" lon="7.04925"><ele>2039.0</ele></trkpt>
<trkpt lat="45.86239" lon="7.04962"><ele>2046.0</ele></trkpt>
<trkpt lat="45.86249" lon="7.04996"><ele>2047.0</ele></trkpt>
<trkpt lat="45.86267" lon="7.05042"><ele>2057.0</ele></trkpt>
<trkpt lat="45.86275" lon="7.05073"><ele>2057.0</ele></trkpt>
<trkpt lat="45.86288" lon="7.05112"><ele>2055.0</ele></trkpt>
<trkpt lat="45.86300" lon="7.05142"><ele>2054.0</ele></trkpt>
<trkpt lat="45.86318" lon="7.05166"><ele>2054.0</ele></trkpt>
<trkpt lat="45.86333" lon="7.05212"><ele>2053.0</ele></trkpt>
<trkpt lat="45.86355" lon="7.05239"><ele>2050.0</ele></trkpt>
<trkpt lat="45.86370" lon="7.05284"><ele>2049.5</ele></trkpt>
<trkpt lat="45.86385" lon="7.05329"><ele>2049.3</ele></trkpt>
<trkpt lat="45.86380" lon="7.05369"><ele>2051.0</ele></trkpt>
<trkpt lat="45.86375" lon="7.05413"><ele>2052.0</ele></trkpt>
<trkpt lat="45.86384" lon="7.05470"><ele>2052.0</ele></trkpt>
<trkpt lat="45.86395" lon="7.05502"><ele>2049.0</ele></trkpt>
<trkpt lat="45.86401" lon="7.05533"><ele>2046.5</ele></trkpt>
<trkpt lat="45.86405" lon="7.05570"><ele>2044.0</ele></trkpt>
<trkpt lat="45.86418" lon="7.05612"><ele>2040.0</ele></trkpt>
<trkpt lat="45.86444" lon="7.05628"><ele>2037.0</ele></trkpt>
<trkpt lat="45.86457" lon="7.05661"><ele>2041.0</ele></trkpt>
<trkpt lat="45.86466" lon="7.05695"><ele>2042.0</ele></trkpt>
<trkpt lat="45.86489" lon="7.05686"><ele>2039.0</ele></trkpt>
<trkpt lat="45.86514" lon="7.05699"><ele>2037.0</ele></trkpt>
<trkpt lat="45.86546" lon="7.05693"><ele>2036.0</ele></trkpt>
<trkpt lat="45.86571" lon="7.05723"><ele>2035.5</ele></trkpt>
<trkpt lat="45.86590" lon="7.05746"><ele>2035.0</ele></trkpt>
<trkpt lat="45.86608" lon="7.05708"><ele>2030.0</ele></trkpt>
<trkpt lat="45.86638" lon="7.05703"><ele>2029.0</ele></trkpt>
<trkpt lat="45.86664" lon="7.05716"><ele>2029.0</ele></trkpt>
<trkpt lat="45.86689" lon="7.05728"><ele>2029.0</ele></trkpt>
<trkpt lat="45.86712" lon="7.05728"><ele>2029.0</ele></trkpt>
<trkpt lat="45.86740" lon="7.05727"><ele>2025.0</ele></trkpt>
<trkpt lat="45.86766" lon="7.05748"><ele>2023.0</ele></trkpt>
<trkpt lat="45.86803" lon="7.05788"><ele>2021.0</ele></trkpt>
<trkpt lat="45.86833" lon="7.05798"><ele>2011.0</ele></trkpt>
<trkpt lat="45.86868" lon="7.05821"><ele>2008.0</ele></trkpt>
<trkpt lat="45.86892" lon="7.05839"><ele>2007.0</ele></trkpt>
<trkpt lat="45.86915" lon="7.05850"><ele>2005.0</ele></trkpt>
<trkpt lat="45.86939" lon="7.05859"><ele>2004.0</ele></trkpt>
<trkpt lat="45.86960" lon="7.05873"><ele>2003.0</ele></trkpt>
<trkpt lat="45.86945" lon="7.05837"><ele>1996.0</ele></trkpt>
<trkpt lat="45.86916" lon="7.05812"><ele>1993.0</ele></trkpt>
<trkpt lat="45.86897" lon="7.05783"><ele>1992.0</ele></trkpt>
<trkpt lat="45.86877" lon="7.05754"><ele>1991.0</ele></trkpt>
<trkpt lat="45.86863" lon="7.05727"><ele>1989.0</ele></trkpt>
<trkpt lat="45.86844" lon="7.05697"><ele>1987.0</ele></trkpt>
<trkpt lat="45.86837" lon="7.05661"><ele>1980.0</ele></trkpt>
<trkpt lat="45.86834" lon="7.05626"><ele>1971.0</ele></trkpt>
<trkpt lat="45.86811" lon="7.05590"><ele>1962.0</ele></trkpt>
<trkpt lat="45.86784" lon="7.05566"><ele>1960.0</ele></trkpt>
<trkpt lat="45.86762" lon="7.05531"><ele>1956.0</ele></trkpt>
<trkpt lat="45.86751" lon="7.05499"><ele>1947.0</ele></trkpt>
<trkpt lat="45.86761" lon="7.05466"><ele>1930.0</ele></trkpt>
<trkpt lat="45.86787" lon="7.05469"><ele>1930.0</ele></trkpt>
<trkpt lat="45.86821" lon="7.05489"><ele>1929.0</ele></trkpt>
<trkpt lat="45.86845" lon="7.05495"><ele>1927.0</ele></trkpt>
<trkpt lat="45.86870" lon="7.05502"><ele>1924.0</ele></trkpt>
<trkpt lat="45.86904" lon="7.05524"><ele>1920.0</ele></trkpt>
<trkpt lat="45.86936" lon="7.05555"><ele>1914.0</ele></trkpt>
<trkpt lat="45.86963" lon="7.05565"><ele>1902.0</ele></trkpt>
<trkpt lat="45.86999" lon="7.05584"><ele>1893.0</ele></trkpt>
<trkpt lat="45.86989" lon="7.05533"><ele>1882.0</ele></trkpt>
<trkpt lat="45.87009" lon="7.05517"><ele>1868.0</ele></trkpt>
<trkpt lat="45.86993" lon="7.05480"><ele>1865.0</ele></trkpt>
<trkpt lat="45.86985" lon="7.05448"><ele>1858.0</ele></trkpt>
<trkpt lat="45.87012" lon="7.05458"><ele>1848.0</ele></trkpt>
<trkpt lat="45.87052" lon="7.05497"><ele>1839.0</ele></trkpt>
<trkpt lat="45.87078" lon="7.05523"><ele>1837.0</ele></trkpt>
<trkpt lat="45.87073" lon="7.05489"><ele>1829.0</ele></trkpt>
<trkpt lat="45.87076" lon="7.05456"><ele>1817.0</ele></trkpt>
<trkpt lat="45.87059" lon="7.05416"><ele>1807.0</ele></trkpt>
<trkpt lat="45.87083" lon="7.05403"><ele>1790.0</ele></trkpt>
<trkpt lat="45.87071" lon="7.05365"><ele>1785.0</ele></trkpt>
<trkpt lat="45.87111" lon="7.05389"><ele>1779.0</ele></trkpt>
<trkpt lat="45.87145" lon="7.05390"><ele>1776.0</ele></trkpt>
<trkpt lat="45.87142" lon="7.05351"><ele>1773.0</ele></trkpt>
<trkpt lat="45.87133" lon="7.05303"><ele>1772.0</ele></trkpt>
<trkpt lat="45.87136" lon="7.05342"><ele>1772.0</ele></trkpt>
<trkpt lat="45.87155" lon="7.05375"><ele>1774.0</ele></trkpt>
<trkpt lat="45.87176" lon="7.05398"><ele>1776.0</ele></trkpt>
<trkpt lat="45.87192" lon="7.05429"><ele>1778.0</ele></trkpt>
<trkpt lat="45.87208" lon="7.05463"><ele>1779.0</ele></trkpt>
<trkpt lat="45.87229" lon="7.05476"><ele>1780.0</ele></trkpt>
<trkpt lat="45.87248" lon="7.05495"><ele>1782.0</ele></trkpt>
<trkpt lat="45.87277" lon="7.05537"><ele>1789.0</ele></trkpt>
<trkpt lat="45.87296" lon="7.05555"><ele>1792.0</ele></trkpt>
<trkpt lat="45.87302" lon="7.05619"><ele>1798.0</ele></trkpt>
<trkpt lat="45.87314" lon="7.05654"><ele>1805.0</ele></trkpt>
<trkpt lat="45.87336" lon="7.05673"><ele>1819.0</ele></trkpt>
<trkpt lat="45.87356" lon="7.05701"><ele>1837.0</ele></trkpt>
<trkpt lat="45.87378" lon="7.05710"><ele>1844.0</ele></trkpt>
<trkpt lat="45.87400" lon="7.05719"><ele>1850.0</ele></trkpt>
<trkpt lat="45.87427" lon="7.05726"><ele>1858.0</ele></trkpt>
<trkpt lat="45.87451" lon="7.05746"><ele>1868.0</ele></trkpt>
<trkpt lat="45.87476" lon="7.05772"><ele>1876.0</ele></trkpt>
<trkpt lat="45.87490" lon="7.05821"><ele>1889.0</ele></trkpt>
<trkpt lat="45.87500" lon="7.05850"><ele>1892.0</ele></trkpt>
<trkpt lat="45.87521" lon="7.05864"><ele>1901.0</ele></trkpt>
<trkpt lat="45.87548" lon="7.05871"><ele>1909.0</ele></trkpt>
<trkpt lat="45.87576" lon="7.05889"><ele>1915.0</ele></trkpt>
<trkpt lat="45.87590" lon="7.05915"><ele>1916.0</ele></trkpt>
<trkpt lat="45.87605" lon="7.05941"><ele>1914.0</ele></trkpt>
<trkpt lat="45.87628" lon="7.05957"><ele>1923.0</ele></trkpt>
<trkpt lat="45.87650" lon="7.05981"><ele>1934.0</ele></trkpt>
<trkpt lat="45.87668" lon="7.06010"><ele>1940.0</ele></trkpt>
<trkpt lat="45.87691" lon="7.06025"><ele>1943.0</ele></trkpt>
<trkpt lat="45.87713" lon="7.06045"><ele>1948.0</ele></trkpt>
<trkpt lat="45.87722" lon="7.06077"><ele>1952.0</ele></trkpt>
<trkpt lat="45.87749" lon="7.06095"><ele>1954.0</ele></trkpt>
<trkpt lat="45.87775" lon="7.06115"><ele>1954.0</ele></trkpt>
<trkpt lat="45.87796" lon="7.06133"><ele>1954.0</ele></trkpt>
<trkpt lat="45.87806" lon="7.06182"><ele>1962.0</ele></trkpt>
<trkpt lat="45.87829" lon="7.06184"><ele>1957.0</ele></trkpt>
<trkpt lat="45.87852" lon="7.06198"><ele>1957.0</ele></trkpt>
<trkpt lat="45.87874" lon="7.06214"><ele>1957.0</ele></trkpt>
<trkpt lat="45.87894" lon="7.06230"><ele>1962.0</ele></trkpt>
<trkpt lat="45.87921" lon="7.06254"><ele>1966.0</ele></trkpt>
<trkpt lat="45.87936" lon="7.06282"><ele>1967.0</ele></trkpt>
<trkpt lat="45.87960" lon="7.06281"><ele>1968.0</ele></trkpt>
<trkpt lat="45.87977" lon="7.06303"><ele>1969.0</ele></trkpt>
<trkpt lat="45.87999" lon="7.06324"><ele>1971.0</ele></trkpt>
<trkpt lat="45.88025" lon="7.06346"><ele>1975.0</ele></trkpt>
<trkpt lat="45.88043" lon="7.06367"><ele>1981.0</ele></trkpt>
<trkpt lat="45.88069" lon="7.06381"><ele>1983.0</ele></trkpt>
<trkpt lat="45.88106" lon="7.06391"><ele>1983.0</ele></trkpt>
<trkpt lat="45.88126" lon="7.06407"><ele>1988.0</ele></trkpt>
<trkpt lat="45.88151" lon="7.06424"><ele>1993.0</ele></trkpt>
<trkpt lat="45.88174" lon="7.06439"><ele>1999.0</ele></trkpt>
<trkpt lat="45.88197" lon="7.06454"><ele>2005.0</ele></trkpt>
<trkpt lat="45.88227" lon="7.06474"><ele>2010.0</ele></trkpt>
<trkpt lat="45.88250" lon="7.06497"><ele>2015.0</ele></trkpt>
<trkpt lat="45.88276" lon="7.06475"><ele>2016.0</ele></trkpt>
<trkpt lat="45.88296" lon="7.06492"><ele>2023.0</ele></trkpt>
<trkpt lat="45.88322" lon="7.06516"><ele>2034.0</ele></trkpt>
<trkpt lat="45.88343" lon="7.06537"><ele>2039.0</ele></trkpt>
<trkpt lat="45.88363" lon="7.06556"><ele>2043.0</ele></trkpt>
<trkpt lat="45.88381" lon="7.06576"><ele>2048.0</ele></trkpt>
<trkpt lat="45.88400" lon="7.06595"><ele>2053.0</ele></trkpt>
<trkpt lat="45.88424" lon="7.06631"><ele>2058.0</ele></trkpt>
<trkpt lat="45.88446" lon="7.06662"><ele>2061.0</ele></trkpt>
<trkpt lat="45.88468" lon="7.06689"><ele>2067.0</ele></trkpt>
<trkpt lat="45.88493" lon="7.06719"><ele>2075.0</ele></trkpt>
<trkpt lat="45.88499" lon="7.06761"><ele>2087.0</ele></trkpt>
<trkpt lat="45.88483" lon="7.06785"><ele>2093.0</ele></trkpt>
<trkpt lat="45.88462" lon="7.06800"><ele>2101.0</ele></trkpt>
<trkpt lat="45.88439" lon="7.06805"><ele>2104.0</ele></trkpt>
<trkpt lat="45.88412" lon="7.06813"><ele>2110.0</ele></trkpt>
<trkpt lat="45.88386" lon="7.06815"><ele>2111.0</ele></trkpt>
<trkpt lat="45.88362" lon="7.06815"><ele>2112.0</ele></trkpt>
<trkpt lat="45.88335" lon="7.06812"><ele>2116.0</ele></trkpt>
<trkpt lat="45.88350" lon="7.06850"><ele>2132.0</ele></trkpt>
<trkpt lat="45.88329" lon="7.06864"><ele>2143.0</ele></trkpt>
<trkpt lat="45.88335" lon="7.06903"><ele>2161.0</ele></trkpt>
<trkpt lat="45.88356" lon="7.06922"><ele>2166.0</ele></trkpt>
<trkpt lat="45.88379" lon="7.06939"><ele>2170.0</ele></trkpt>
<trkpt lat="45.88400" lon="7.06959"><ele>2178.0</ele></trkpt>
<trkpt lat="45.88424" lon="7.06980"><ele>2187.0</ele></trkpt>
<trkpt lat="45.88402" lon="7.07009"><ele>2198.0</ele></trkpt>
<trkpt lat="45.88374" lon="7.07021"><ele>2200.0</ele></trkpt>
<trkpt lat="45.88347" lon="7.07040"><ele>2202.0</ele></trkpt>
<trkpt lat="45.88325" lon="7.07067"><ele>2206.0</ele></trkpt>
<trkpt lat="45.88344" lon="7.07089"><ele>2214.0</ele></trkpt>
<trkpt lat="45.88359" lon="7.07116"><ele>2225.0</ele></trkpt>
<trkpt lat="45.88355" lon="7.07152"><ele>2237.0</ele></trkpt>
<trkpt lat="45.88354" lon="7.07185"><ele>2246.0</ele></trkpt>
<trkpt lat="45.88345" lon="7.07221"><ele>2258.0</ele></trkpt>
<trkpt lat="45.88323" lon="7.07242"><ele>2259.0</ele></trkpt>
<trkpt lat="45.88314" lon="7.07272"><ele>2263.0</ele></trkpt>
<trkpt lat="45.88298" lon="7.07296"><ele>2264.0</ele></trkpt>
<trkpt lat="45.88292" lon="7.07332"><ele>2273.0</ele></trkpt>
<trkpt lat="45.88291" lon="7.07368"><ele>2280.0</ele></trkpt>
<trkpt lat="45.88280" lon="7.07407"><ele>2284.0</ele></trkpt>
<trkpt lat="45.88260" lon="7.07442"><ele>2291.0</ele></trkpt>
<trkpt lat="45.88258" lon="7.07478"><ele>2295.0</ele></trkpt>
<trkpt lat="45.88250" lon="7.07518"><ele>2304.0</ele></trkpt>
<trkpt lat="45.88246" lon="7.07554"><ele>2309.0</ele></trkpt>
<trkpt lat="45.88264" lon="7.07577"><ele>2324.0</ele></trkpt>
<trkpt lat="45.88285" lon="7.07559"><ele>2331.0</ele></trkpt>
<trkpt lat="45.88307" lon="7.07544"><ele>2335.0</ele></trkpt>
<trkpt lat="45.88331" lon="7.07523"><ele>2344.0</ele></trkpt>
<trkpt lat="45.88337" lon="7.07555"><ele>2356.0</ele></trkpt>
<trkpt lat="45.88337" lon="7.07594"><ele>2364.0</ele></trkpt>
<trkpt lat="45.88350" lon="7.07624"><ele>2375.0</ele></trkpt>
<trkpt lat="45.88374" lon="7.07627"><ele>2388.0</ele></trkpt>
<trkpt lat="45.88396" lon="7.07609"><ele>2399.0</ele></trkpt>
<trkpt lat="45.88422" lon="7.07589"><ele>2409.0</ele></trkpt>
<trkpt lat="45.88447" lon="7.07577"><ele>2420.0</ele></trkpt>
<trkpt lat="45.88469" lon="7.07565"><ele>2427.0</ele></trkpt>
<trkpt lat="45.88489" lon="7.07548"><ele>2430.0</ele></trkpt>
<trkpt lat="45.88511" lon="7.07530"><ele>2432.0</ele></trkpt>
<trkpt lat="45.88538" lon="7.07515"><ele>2431.0</ele></trkpt>
<trkpt lat="45.88559" lon="7.07529"><ele>2437.0</ele></trkpt>
<trkpt lat="45.88562" lon="7.07571"><ele>2450.0</ele></trkpt>
<trkpt lat="45.88569" lon="7.07609"><ele>2463.0</ele></trkpt>
<trkpt lat="45.88581" lon="7.07637"><ele>2473.0</ele></trkpt>
<trkpt lat="45.88602" lon="7.07680"><ele>2486.0</ele></trkpt>
<trkpt lat="45.88616" lon="7.07714"><ele>2493.0</ele></trkpt>
<trkpt lat="45.88638" lon="7.07725"><ele>2493.0</ele></trkpt>
<trkpt lat="45.88662" lon="7.07734"><ele>2493.0</ele></trkpt>
<trkpt lat="45.88687" lon="7.07745"><ele>2504.0</ele></trkpt>
<trkpt lat="45.88727" lon="7.07757"><ele>2517.0</ele></trkpt>
<trkpt lat="45.88751" lon="7.07766"><ele>2526.0</ele></trkpt>
<trkpt lat="45.88774" lon="7.07770"><ele>2528.0</ele></trkpt>
<trkpt lat="45.88814" lon="7.07775"><ele>2526.0</ele></trkpt>
<trkpt lat="45.88838" lon="7.07777"><ele>2526.0</ele></trkpt>
<trkpt lat="45.88865" lon="7.07776"><ele>2526.0</ele></trkpt>
<trkpt lat="45.88890" lon="7.07782"><ele>2527.0</ele></trkpt>
<trkpt lat="45.88914" lon="7.07805"><ele>2527.0</ele></trkpt>
<trkpt lat="45.88939" lon="7.07809"><ele>2524.0</ele></trkpt>
<trkpt lat="45.88969" lon="7.07811"><ele>2520.0</ele></trkpt>
<trkpt lat="45.88998" lon="7.07803"><ele>2519.0</ele></trkpt>
<trkpt lat="45.89035" lon="7.07804"><ele>2518.0</ele></trkpt>
<trkpt lat="45.89059" lon="7.07812"><ele>2515.0</ele></trkpt>
<trkpt lat="45.89085" lon="7.07834"><ele>2510.0</ele></trkpt>
<trkpt lat="45.89114" lon="7.07859"><ele>2507.5</ele></trkpt>
<trkpt lat="45.89129" lon="7.07883"><ele>2505.0</ele></trkpt>
<trkpt lat="45.89141" lon="7.07946"><ele>2497.0</ele></trkpt>
<trkpt lat="45.89157" lon="7.07970"><ele>2496.0</ele></trkpt>
<trkpt lat="45.89167" lon="7.08018"><ele>2491.0</ele></trkpt>
<trkpt lat="45.89183" lon="7.08061"><ele>2490.5</ele></trkpt>
<trkpt lat="45.89198" lon="7.08105"><ele>2490.0</ele></trkpt>
<trkpt lat="45.89209" lon="7.08138"><ele>2489.0</ele></trkpt>
<trkpt lat="45.89200" lon="7.08182"><ele>2482.0</ele></trkpt>
<trkpt lat="45.89200" lon="7.08226"><ele>2477.0</ele></trkpt>
<trkpt lat="45.89215" lon="7.08254"><ele>2474.0</ele></trkpt>
<trkpt lat="45.89217" lon="7.08291"><ele>2471.0</ele></trkpt>
<trkpt lat="45.89228" lon="7.08320"><ele>2469.0</ele></trkpt>
<trkpt lat="45.89226" lon="7.08364"><ele>2465.0</ele></trkpt>
<trkpt lat="45.89224" lon="7.08404"><ele>2461.0</ele></trkpt>
<trkpt lat="45.89205" lon="7.08423"><ele>2454.0</ele></trkpt>
<trkpt lat="45.89183" lon="7.08440"><ele>2451.0</ele></trkpt>
<trkpt lat="45.89161" lon="7.08484"><ele>2437.0</ele></trkpt>
<trkpt lat="45.89141" lon="7.08527"><ele>2426.0</ele></trkpt>
<trkpt lat="45.89156" lon="7.08567"><ele>2426.0</ele></trkpt>
<trkpt lat="45.89170" lon="7.08607"><ele>2427.0</ele></trkpt>
<trkpt lat="45.89188" lon="7.08659"><ele>2423.0</ele></trkpt>
<trkpt lat="45.89194" lon="7.08706"><ele>2419.0</ele></trkpt>
<trkpt lat="45.89198" lon="7.08750"><ele>2414.0</ele></trkpt>
<trkpt lat="45.89202" lon="7.08786"><ele>2412.0</ele></trkpt>
<trkpt lat="45.89198" lon="7.08835"><ele>2408.0</ele></trkpt>
<trkpt lat="45.89204" lon="7.08881"><ele>2406.0</ele></trkpt>
<trkpt lat="45.89207" lon="7.08928"><ele>2402.0</ele></trkpt>
<trkpt lat="45.89211" lon="7.08968"><ele>2402.0</ele></trkpt>
<trkpt lat="45.89211" lon="7.09005"><ele>2399.0</ele></trkpt>
<trkpt lat="45.89210" lon="7.09048"><ele>2395.0</ele></trkpt>
<trkpt lat="45.89206" lon="7.09091"><ele>2392.0</ele></trkpt>
<trkpt lat="45.89216" lon="7.09121"><ele>2388.0</ele></trkpt>
<trkpt lat="45.89216" lon="7.09172"><ele>2384.0</ele></trkpt>
<trkpt lat="45.89213" lon="7.09207"><ele>2380.0</ele></trkpt>
<trkpt lat="45.89204" lon="7.09246"><ele>2375.0</ele></trkpt>
<trkpt lat="45.89207" lon="7.09286"><ele>2369.0</ele></trkpt>
<trkpt lat="45.89210" lon="7.09331"><ele>2360.0</ele></trkpt>
<trkpt lat="45.89216" lon="7.09370"><ele>2353.0</ele></trkpt>
<trkpt lat="45.89227" lon="7.09401"><ele>2349.0</ele></trkpt>
<trkpt lat="45.89247" lon="7.09448"><ele>2342.0</ele></trkpt>
<trkpt lat="45.89262" lon="7.09474"><ele>2338.0</ele></trkpt>
<trkpt lat="45.89274" lon="7.09508"><ele>2333.0</ele></trkpt>
<trkpt lat="45.89276" lon="7.09541"><ele>2322.0</ele></trkpt>
<trkpt lat="45.89281" lon="7.09590"><ele>2313.0</ele></trkpt>
<trkpt lat="45.89294" lon="7.09620"><ele>2313.0</ele></trkpt>
<trkpt lat="45.89309" lon="7.09660"><ele>2308.0</ele></trkpt>
<trkpt lat="45.89328" lon="7.09715"><ele>2302.0</ele></trkpt>
<trkpt lat="45.89343" lon="7.09757"><ele>2300.0</ele></trkpt>
<trkpt lat="45.89353" lon="7.09796"><ele>2297.5</ele></trkpt>
<trkpt lat="45.89359" lon="7.09834"><ele>2293.0</ele></trkpt>
<trkpt lat="45.89371" lon="7.09865"><ele>2290.0</ele></trkpt>
<trkpt lat="45.89394" lon="7.09890"><ele>2290.0</ele></trkpt>
<trkpt lat="45.89408" lon="7.09919"><ele>2291.0</ele></trkpt>
<trkpt lat="45.89422" lon="7.09947"><ele>2290.0</ele></trkpt>
<trkpt lat="45.89435" lon="7.09992"><ele>2281.0</ele></trkpt>
<trkpt lat="45.89466" lon="7.10033"><ele>2280.0</ele></trkpt>
<trkpt lat="45.89484" lon="7.10061"><ele>2279.0</ele></trkpt>
<trkpt lat="45.89503" lon="7.10090"><ele>2278.0</ele></trkpt>
<trkpt lat="45.89515" lon="7.10132"><ele>2273.0</ele></trkpt>
<trkpt lat="45.89524" lon="7.10167"><ele>2269.0</ele></trkpt>
<trkpt lat="45.89547" lon="7.10211"><ele>2267.0</ele></trkpt>
<trkpt lat="45.89558" lon="7.10249"><ele>2265.0</ele></trkpt>
<trkpt lat="45.89572" lon="7.10295"><ele>2260.0</ele></trkpt>
<trkpt lat="45.89589" lon="7.10338"><ele>2258.0</ele></trkpt>
<trkpt lat="45.89601" lon="7.10371"><ele>2258.0</ele></trkpt>
<trkpt lat="45.89612" lon="7.10425"><ele>2257.0</ele></trkpt>
<trkpt lat="45.89617" lon="7.10472"><ele>2250.0</ele></trkpt>
<trkpt lat="45.89623" lon="7.10517"><ele>2243.0</ele></trkpt>
<trkpt lat="45.89633" lon="7.10563"><ele>2239.0</ele></trkpt>
<trkpt lat="45.89645" lon="7.10616"><ele>2232.0</ele></trkpt>
<trkpt lat="45.89658" lon="7.10649"><ele>2230.0</ele></trkpt>
<trkpt lat="45.89670" lon="7.10693"><ele>2225.0</ele></trkpt>
<trkpt lat="45.89671" lon="7.10755"><ele>2211.0</ele></trkpt>
<trkpt lat="45.89681" lon="7.10786"><ele>2206.0</ele></trkpt>
<trkpt lat="45.89695" lon="7.10828"><ele>2202.0</ele></trkpt>
<trkpt lat="45.89708" lon="7.10859"><ele>2195.0</ele></trkpt>
<trkpt lat="45.89734" lon="7.10893"><ele>2191.0</ele></trkpt>
<trkpt lat="45.89752" lon="7.10933"><ele>2183.5</ele></trkpt>
<trkpt lat="45.89776" lon="7.10969"><ele>2177.0</ele></trkpt>
<trkpt lat="45.89754" lon="7.10987"><ele>2167.0</ele></trkpt>
<trkpt lat="45.89746" lon="7.11021"><ele>2151.0</ele></trkpt>
<trkpt lat="45.89769" lon="7.11051"><ele>2146.0</ele></trkpt>
<trkpt lat="45.89795" lon="7.11085"><ele>2138.0</ele></trkpt>
<trkpt lat="45.89826" lon="7.11107"><ele>2136.0</ele></trkpt>
<trkpt lat="45.89853" lon="7.11135"><ele>2127.0</ele></trkpt>
<trkpt lat="45.89880" lon="7.11163"><ele>2117.0</ele></trkpt>
<trkpt lat="45.89902" lon="7.11178"><ele>2111.0</ele></trkpt>
<trkpt lat="45.89934" lon="7.11195"><ele>2107.0</ele></trkpt>
<trkpt lat="45.89970" lon="7.11213"><ele>2101.0</ele></trkpt>
<trkpt lat="45.89990" lon="7.11232"><ele>2093.0</ele></trkpt>
<trkpt lat="45.89964" lon="7.11247"><ele>2089.0</ele></trkpt>
<trkpt lat="45.89934" lon="7.11251"><ele>2087.0</ele></trkpt>
<trkpt lat="45.89903" lon="7.11248"><ele>2086.0</ele></trkpt>
<trkpt lat="45.89875" lon="7.11257"><ele>2081.0</ele></trkpt>
<trkpt lat="45.89902" lon="7.11268"><ele>2077.0</ele></trkpt>
<trkpt lat="45.89927" lon="7.11295"><ele>2071.0</ele></trkpt>
<trkpt lat="45.89958" lon="7.11316"><ele>2065.0</ele></trkpt>
<trkpt lat="45.89980" lon="7.11323"><ele>2062.0</ele></trkpt>
<trkpt lat="45.90011" lon="7.11332"><ele>2058.0</ele></trkpt>
<trkpt lat="45.90040" lon="7.11340"><ele>2055.0</ele></trkpt>
<trkpt lat="45.90068" lon="7.11336"><ele>2053.0</ele></trkpt>
<trkpt lat="45.90100" lon="7.11325"><ele>2053.0</ele></trkpt>
<trkpt lat="45.90132" lon="7.11308"><ele>2053.0</ele></trkpt>
<trkpt lat="45.90173" lon="7.11300"><ele>2052.0</ele></trkpt>
<trkpt lat="45.90200" lon="7.11306"><ele>2040.0</ele></trkpt>
<trkpt lat="45.90236" lon="7.11303"><ele>2031.0</ele></trkpt>
<trkpt lat="45.90263" lon="7.11291"><ele>2031.0</ele></trkpt>
<trkpt lat="45.90279" lon="7.11251"><ele>2031.0</ele></trkpt>
<trkpt lat="45.90295" lon="7.11223"><ele>2030.0</ele></trkpt>
<trkpt lat="45.90333" lon="7.11192"><ele>2019.0</ele></trkpt>
<trkpt lat="45.90355" lon="7.11143"><ele>2023.0</ele></trkpt>
<trkpt lat="45.90354" lon="7.11103"><ele>2033.0</ele></trkpt>
<trkpt lat="45.90365" lon="7.11073"><ele>2033.0</ele></trkpt>
<trkpt lat="45.90391" lon="7.11080"><ele>2022.0</ele></trkpt>
<trkpt lat="45.90426" lon="7.11074"><ele>2007.0</ele></trkpt>
<trkpt lat="45.90449" lon="7.11061"><ele>2001.0</ele></trkpt>
<trkpt lat="45.90486" lon="7.11045"><ele>1989.0</ele></trkpt>
<trkpt lat="45.90513" lon="7.11007"><ele>1982.0</ele></trkpt>
<trkpt lat="45.90532" lon="7.10975"><ele>1980.0</ele></trkpt>
<trkpt lat="45.90550" lon="7.10945"><ele>1976.0</ele></trkpt>
<trkpt lat="45.90564" lon="7.10919"><ele>1974.0</ele></trkpt>
<trkpt lat="45.90581" lon="7.10888"><ele>1967.0</ele></trkpt>
<trkpt lat="45.90602" lon="7.10861"><ele>1959.0</ele></trkpt>
<trkpt lat="45.90616" lon="7.10827"><ele>1959.0</ele></trkpt>
<trkpt lat="45.90612" lon="7.10780"><ele>1967.0</ele></trkpt>
<trkpt lat="45.90625" lon="7.10752"><ele>1968.0</ele></trkpt>
<trkpt lat="45.90648" lon="7.10748"><ele>1965.0</ele></trkpt>
<trkpt lat="45.90665" lon="7.10721"><ele>1965.0</ele></trkpt>
<trkpt lat="45.90683" lon="7.10697"><ele>1965.0</ele></trkpt>
<trkpt lat="45.90709" lon="7.10697"><ele>1963.0</ele></trkpt>
<trkpt lat="45.90736" lon="7.10680"><ele>1963.0</ele></trkpt>
<trkpt lat="45.90754" lon="7.10645"><ele>1969.0</ele></trkpt>
<trkpt lat="45.90767" lon="7.10618"><ele>1974.0</ele></trkpt>
<trkpt lat="45.90783" lon="7.10585"><ele>1977.0</ele></trkpt>
<trkpt lat="45.90799" lon="7.10545"><ele>1985.0</ele></trkpt>
<trkpt lat="45.90818" lon="7.10501"><ele>1986.0</ele></trkpt>
<trkpt lat="45.90834" lon="7.10458"><ele>1989.0</ele></trkpt>
<trkpt lat="45.90831" lon="7.10414"><ele>1992.0</ele></trkpt>
<trkpt lat="45.90824" lon="7.10380"><ele>2000.0</ele></trkpt>
<trkpt lat="45.90822" lon="7.10347"><ele>2004.0</ele></trkpt>
<trkpt lat="45.90818" lon="7.10309"><ele>2004.0</ele></trkpt>
<trkpt lat="45.90837" lon="7.10268"><ele>2005.0</ele></trkpt>
<trkpt lat="45.90845" lon="7.10236"><ele>2005.0</ele></trkpt>
<trkpt lat="45.90862" lon="7.10200"><ele>2004.0</ele></trkpt>
<trkpt lat="45.90883" lon="7.10184"><ele>1997.0</ele></trkpt>
<trkpt lat="45.90903" lon="7.10151"><ele>1996.0</ele></trkpt>
<trkpt lat="45.90911" lon="7.10100"><ele>1998.0</ele></trkpt>
<trkpt lat="45.90919" lon="7.10054"><ele>2000.0</ele></trkpt>
<trkpt lat="45.90941" lon="7.10017"><ele>1997.0</ele></trkpt>
<trkpt lat="45.90964" lon="7.09995"><ele>1993.0</ele></trkpt>
<trkpt lat="45.90989" lon="7.09984"><ele>1988.0</ele></trkpt>
<trkpt lat="45.91016" lon="7.09974"><ele>1984.0</ele></trkpt>
<trkpt lat="45.91044" lon="7.09966"><ele>1977.0</ele></trkpt>
<trkpt lat="45.91068" lon="7.09976"><ele>1968.0</ele></trkpt>
<trkpt lat="45.91105" lon="7.09984"><ele>1957.0</ele></trkpt>
<trkpt lat="45.91129" lon="7.09990"><ele>1954.0</ele></trkpt>
<trkpt lat="45.91155" lon="7.09983"><ele>1948.5</ele></trkpt>
<trkpt lat="45.91142" lon="7.09933"><ele>1950.0</ele></trkpt>
<trkpt lat="45.91135" lon="7.09884"><ele>1951.0</ele></trkpt>
<trkpt lat="45.91121" lon="7.09856"><ele>1951.0</ele></trkpt>
<trkpt lat="45.91117" lon="7.09824"><ele>1951.0</ele></trkpt>
<trkpt lat="45.91112" lon="7.09781"><ele>1942.0</ele></trkpt>
<trkpt lat="45.91100" lon="7.09742"><ele>1939.0</ele></trkpt>
<trkpt lat="45.91113" lon="7.09708"><ele>1929.0</ele></trkpt>
<trkpt lat="45.91117" lon="7.09661"><ele>1917.0</ele></trkpt>
<trkpt lat="45.91119" lon="7.09618"><ele>1909.0</ele></trkpt>
<trkpt lat="45.91144" lon="7.09618"><ele>1898.0</ele></trkpt>
<trkpt lat="45.91168" lon="7.09631"><ele>1892.0</ele></trkpt>
<trkpt lat="45.91187" lon="7.09679"><ele>1887.0</ele></trkpt>
<trkpt lat="45.91214" lon="7.09717"><ele>1881.0</ele></trkpt>
<trkpt lat="45.91231" lon="7.09753"><ele>1880.0</ele></trkpt>
<trkpt lat="45.91245" lon="7.09792"><ele>1880.0</ele></trkpt>
<trkpt lat="45.91261" lon="7.09819"><ele>1876.0</ele></trkpt>
<trkpt lat="45.91275" lon="7.09850"><ele>1875.0</ele></trkpt>
<trkpt lat="45.91291" lon="7.09890"><ele>1870.0</ele></trkpt>
<trkpt lat="45.91303" lon="7.09919"><ele>1868.0</ele></trkpt>
<trkpt lat="45.91317" lon="7.09950"><ele>1864.0</ele></trkpt>
<trkpt lat="45.91333" lon="7.09976"><ele>1858.0</ele></trkpt>
<trkpt lat="45.91350" lon="7.10010"><ele>1851.0</ele></trkpt>
<trkpt lat="45.91387" lon="7.10026"><ele>1834.0</ele></trkpt>
<trkpt lat="45.91411" lon="7.10028"><ele>1824.0</ele></trkpt>
<trkpt lat="45.91435" lon="7.10033"><ele>1813.0</ele></trkpt>
<trkpt lat="45.91459" lon="7.10049"><ele>1801.0</ele></trkpt>
<trkpt lat="45.91484" lon="7.10065"><ele>1790.0</ele></trkpt>
<trkpt lat="45.91510" lon="7.10064"><ele>1779.0</ele></trkpt>
<trkpt lat="45.91537" lon="7.10079"><ele>1773.0</ele></trkpt>
<trkpt lat="45.91541" lon="7.10114"><ele>1764.0</ele></trkpt>
<trkpt lat="45.91532" lon="7.10150"><ele>1760.0</ele></trkpt>
<trkpt lat="45.91510" lon="7.10165"><ele>1761.0</ele></trkpt>
<trkpt lat="45.91523" lon="7.10214"><ele>1750.0</ele></trkpt>
<trkpt lat="45.91541" lon="7.10236"><ele>1739.0</ele></trkpt>
<trkpt lat="45.91555" lon="7.10275"><ele>1724.0</ele></trkpt>
<trkpt lat="45.91574" lon="7.10297"><ele>1711.0</ele></trkpt>
<trkpt lat="45.91556" lon="7.10334"><ele>1712.0</ele></trkpt>
<trkpt lat="45.91548" lon="7.10377"><ele>1708.0</ele></trkpt>
<trkpt lat="45.91570" lon="7.10387"><ele>1700.0</ele></trkpt>
<trkpt lat="45.91589" lon="7.10366"><ele>1699.0</ele></trkpt>
<trkpt lat="45.91615" lon="7.10356"><ele>1695.0</ele></trkpt>
<trkpt lat="45.91637" lon="7.10340"><ele>1692.0</ele></trkpt>
<trkpt lat="45.91649" lon="7.10309"><ele>1692.0</ele></trkpt>
<trkpt lat="45.91668" lon="7.10285"><ele>1689.0</ele></trkpt>
<trkpt lat="45.91703" lon="7.10254"><ele>1686.0</ele></trkpt>
<trkpt lat="45.91724" lon="7.10232"><ele>1685.0</ele></trkpt>
<trkpt lat="45.91743" lon="7.10199"><ele>1684.0</ele></trkpt>
<trkpt lat="45.91767" lon="7.10169"><ele>1683.0</ele></trkpt>
<trkpt lat="45.91789" lon="7.10128"><ele>1683.0</ele></trkpt>
<trkpt lat="45.91804" lon="7.10072"><ele>1686.0</ele></trkpt>
<trkpt lat="45.91837" lon="7.10056"><ele>1686.0</ele></trkpt>
<trkpt lat="45.91860" lon="7.10052"><ele>1685.0</ele></trkpt>
<trkpt lat="45.91883" lon="7.10060"><ele>1681.0</ele></trkpt>
<trkpt lat="45.91913" lon="7.10058"><ele>1678.0</ele></trkpt>
<trkpt lat="45.91938" lon="7.10045"><ele>1678.0</ele></trkpt>
<trkpt lat="45.91965" lon="7.10009"><ele>1678.0</ele></trkpt>
<trkpt lat="45.91969" lon="7.10052"><ele>1668.0</ele></trkpt>
<trkpt lat="45.91951" lon="7.10098"><ele>1663.0</ele></trkpt>
<trkpt lat="45.91947" lon="7.10138"><ele>1661.0</ele></trkpt>
<trkpt lat="45.91969" lon="7.10152"><ele>1657.0</ele></trkpt>
<trkpt lat="45.91997" lon="7.10137"><ele>1654.0</ele></trkpt>
<trkpt lat="45.92018" lon="7.10109"><ele>1654.0</ele></trkpt>
<trkpt lat="45.92039" lon="7.10080"><ele>1654.0</ele></trkpt>
<trkpt lat="45.92065" lon="7.10071"><ele>1653.0</ele></trkpt>
<trkpt lat="45.92099" lon="7.10060"><ele>1652.5</ele></trkpt>
<trkpt lat="45.92130" lon="7.10050"><ele>1651.5</ele></trkpt>
<trkpt lat="45.92161" lon="7.10039"><ele>1650.0</ele></trkpt>
<trkpt lat="45.92182" lon="7.10023"><ele>1650.0</ele></trkpt>
<trkpt lat="45.92205" lon="7.10002"><ele>1649.0</ele></trkpt>
<trkpt lat="45.92229" lon="7.09988"><ele>1647.0</ele></trkpt>
<trkpt lat="45.92257" lon="7.09959"><ele>1645.3</ele></trkpt>
<trkpt lat="45.92278" lon="7.09934"><ele>1643.8</ele></trkpt>
<trkpt lat="45.92301" lon="7.09908"><ele>1641.5</ele></trkpt>
<trkpt lat="45.92326" lon="7.09874"><ele>1638.0</ele></trkpt>
<trkpt lat="45.92357" lon="7.09833"><ele>1636.0</ele></trkpt>
<trkpt lat="45.92374" lon="7.09810"><ele>1636.0</ele></trkpt>
<trkpt lat="45.92406" lon="7.09769"><ele>1635.0</ele></trkpt>
<trkpt lat="45.92442" lon="7.09743"><ele>1634.0</ele></trkpt>
<trkpt lat="45.92464" lon="7.09724"><ele>1633.0</ele></trkpt>
<trkpt lat="45.92497" lon="7.09689"><ele>1631.0</ele></trkpt>
<trkpt lat="45.92522" lon="7.09666"><ele>1630.0</ele></trkpt>
<trkpt lat="45.92563" lon="7.09642"><ele>1624.0</ele></trkpt>
<trkpt lat="45.92588" lon="7.09644"><ele>1623.0</ele></trkpt>
<trkpt lat="45.92624" lon="7.09653"><ele>1624.0</ele></trkpt>
<trkpt lat="45.92652" lon="7.09663"><ele>1629.0</ele></trkpt>
<trkpt lat="45.92688" lon="7.09664"><ele>1632.5</ele></trkpt>
<trkpt lat="45.92729" lon="7.09658"><ele>1634.0</ele></trkpt>
<trkpt lat="45.92766" lon="7.09643"><ele>1634.0</ele></trkpt>
<trkpt lat="45.92790" lon="7.09627"><ele>1634.0</ele></trkpt>
<trkpt lat="45.92818" lon="7.09596"><ele>1630.0</ele></trkpt>
<trkpt lat="45.92847" lon="7.09563"><ele>1625.0</ele></trkpt>
<trkpt lat="45.92886" lon="7.09543"><ele>1623.0</ele></trkpt>
<trkpt lat="45.92910" lon="7.09544"><ele>1623.0</ele></trkpt>
<trkpt lat="45.92937" lon="7.09557"><ele>1621.0</ele></trkpt>
<trkpt lat="45.92965" lon="7.09586"><ele>1619.0</ele></trkpt>
<trkpt lat="45.92992" lon="7.09624"><ele>1619.0</ele></trkpt>
<trkpt lat="45.93022" lon="7.09664"><ele>1619.0</ele></trkpt>
<trkpt lat="45.93045" lon="7.09686"><ele>1617.0</ele></trkpt>
<trkpt lat="45.93069" lon="7.09708"><ele>1615.0</ele></trkpt>
<trkpt lat="45.93092" lon="7.09731"><ele>1614.0</ele></trkpt>
<trkpt lat="45.93115" lon="7.09762"><ele>1614.0</ele></trkpt>
<trkpt lat="45.93145" lon="7.09797"><ele>1610.0</ele></trkpt>
<trkpt lat="45.93160" lon="7.09822"><ele>1610.0</ele></trkpt>
<trkpt lat="45.93181" lon="7.09861"><ele>1609.0</ele></trkpt>
<trkpt lat="45.93205" lon="7.09867"><ele>1607.0</ele></trkpt>
<trkpt lat="45.93249" lon="7.09864"><ele>1603.5</ele></trkpt>
<trkpt lat="45.93292" lon="7.09861"><ele>1603.0</ele></trkpt>
<trkpt lat="45.93326" lon="7.09859"><ele>1602.5</ele></trkpt>
<trkpt lat="45.93361" lon="7.09852"><ele>1602.5</ele></trkpt>
<trkpt lat="45.93385" lon="7.09849"><ele>1602.0</ele></trkpt>
<trkpt lat="45.93408" lon="7.09847"><ele>1602.0</ele></trkpt>
<trkpt lat="45.93440" lon="7.09842"><ele>1602.0</ele></trkpt>
<trkpt lat="45.93471" lon="7.09840"><ele>1601.5</ele></trkpt>
<trkpt lat="45.93502" lon="7.09839"><ele>1601.5</ele></trkpt>
<trkpt lat="45.93529" lon="7.09842"><ele>1602.0</ele></trkpt>
<trkpt lat="45.93559" lon="7.09843"><ele>1604.0</ele></trkpt>
<trkpt lat="45.93586" lon="7.09839"><ele>1604.0</ele></trkpt>
<trkpt lat="45.93617" lon="7.09832"><ele>1601.0</ele></trkpt>
<trkpt lat="45.93624" lon="7.09795"><ele>1599.0</ele></trkpt>
<trkpt lat="45.93623" lon="7.09761"><ele>1597.0</ele></trkpt>
<trkpt lat="45.93630" lon="7.09730"><ele>1593.0</ele></trkpt>
<trkpt lat="45.93637" lon="7.09695"><ele>1586.0</ele></trkpt>
<trkpt lat="45.93637" lon="7.09646"><ele>1581.0</ele></trkpt>
<trkpt lat="45.93640" lon="7.09592"><ele>1580.0</ele></trkpt>
<trkpt lat="45.93656" lon="7.09569"><ele>1579.0</ele></trkpt>
<trkpt lat="45.93680" lon="7.09556"><ele>1578.0</ele></trkpt>
<trkpt lat="45.93704" lon="7.09543"><ele>1577.0</ele></trkpt>
<trkpt lat="45.93733" lon="7.09523"><ele>1576.0</ele></trkpt>
<trkpt lat="45.93760" lon="7.09553"><ele>1574.0</ele></trkpt>
<trkpt lat="45.93784" lon="7.09560"><ele>1574.0</ele></trkpt>
<trkpt lat="45.93809" lon="7.09549"><ele>1574.0</ele></trkpt>
<trkpt lat="45.93835" lon="7.09541"><ele>1574.0</ele></trkpt>
<trkpt lat="45.93860" lon="7.09553"><ele>1573.0</ele></trkpt>
<trkpt lat="45.93897" lon="7.09558"><ele>1572.0</ele></trkpt>
<trkpt lat="45.93931" lon="7.09539"><ele>1572.0</ele></trkpt>
<trkpt lat="45.93955" lon="7.09536"><ele>1569.0</ele></trkpt>
<trkpt lat="45.93984" lon="7.09544"><ele>1566.0</ele></trkpt>
<trkpt lat="45.94007" lon="7.09556"><ele>1563.0</ele></trkpt>
<trkpt lat="45.94033" lon="7.09558"><ele>1560.5</ele></trkpt>
<trkpt lat="45.94062" lon="7.09562"><ele>1557.0</ele></trkpt>
<trkpt lat="45.94091" lon="7.09587"><ele>1552.5</ele></trkpt>
<trkpt lat="45.94116" lon="7.09610"><ele>1549.0</ele></trkpt>
<trkpt lat="45.94145" lon="7.09625"><ele>1545.0</ele></trkpt>
<trkpt lat="45.94182" lon="7.09617"><ele>1542.0</ele></trkpt>
<trkpt lat="45.94217" lon="7.09611"><ele>1540.0</ele></trkpt>
<trkpt lat="45.94251" lon="7.09588"><ele>1540.0</ele></trkpt>
<trkpt lat="45.94273" lon="7.09586"><ele>1537.5</ele></trkpt>
<trkpt lat="45.94310" lon="7.09587"><ele>1535.0</ele></trkpt>
<trkpt lat="45.94337" lon="7.09598"><ele>1534.0</ele></trkpt>
<trkpt lat="45.94373" lon="7.09611"><ele>1534.0</ele></trkpt>
<trkpt lat="45.94414" lon="7.09625"><ele>1534.5</ele></trkpt>
<trkpt lat="45.94452" lon="7.09638"><ele>1535.0</ele></trkpt>
<trkpt lat="45.94474" lon="7.09687"><ele>1535.0</ele></trkpt>
<trkpt lat="45.94488" lon="7.09725"><ele>1533.0</ele></trkpt>
<trkpt lat="45.94510" lon="7.09753"><ele>1532.0</ele></trkpt>
<trkpt lat="45.94530" lon="7.09780"><ele>1532.0</ele></trkpt>
<trkpt lat="45.94551" lon="7.09805"><ele>1531.0</ele></trkpt>
<trkpt lat="45.94556" lon="7.09837"><ele>1526.0</ele></trkpt>
<trkpt lat="45.94586" lon="7.09872"><ele>1524.0</ele></trkpt>
<trkpt lat="45.94620" lon="7.09899"><ele>1521.0</ele></trkpt>
<trkpt lat="45.94652" lon="7.09909"><ele>1520.0</ele></trkpt>
<trkpt lat="45.94680" lon="7.09929"><ele>1517.0</ele></trkpt>
<trkpt lat="45.94709" lon="7.09943"><ele>1512.0</ele></trkpt>
<trkpt lat="45.94754" lon="7.09956"><ele>1508.0</ele></trkpt>
<trkpt lat="45.94781" lon="7.09961"><ele>1507.0</ele></trkpt>
<trkpt lat="45.94805" lon="7.09967"><ele>1506.0</ele></trkpt>
<trkpt lat="45.94829" lon="7.09972"><ele>1506.0</ele></trkpt>
<trkpt lat="45.94853" lon="7.09992"><ele>1506.0</ele></trkpt>
<trkpt lat="45.94878" lon="7.10023"><ele>1506.0</ele></trkpt>
<trkpt lat="45.94920" lon="7.10055"><ele>1506.0</ele></trkpt>
<trkpt lat="45.94943" lon="7.10083"><ele>1507.0</ele></trkpt>
<trkpt lat="45.94969" lon="7.10122"><ele>1507.0</ele></trkpt>
<trkpt lat="45.94997" lon="7.10154"><ele>1506.0</ele></trkpt>
<trkpt lat="45.95020" lon="7.10170"><ele>1505.0</ele></trkpt>
<trkpt lat="45.95043" lon="7.10170"><ele>1503.0</ele></trkpt>
<trkpt lat="45.95057" lon="7.10205"><ele>1493.0</ele></trkpt>
<trkpt lat="45.95080" lon="7.10194"><ele>1493.0</ele></trkpt>
<trkpt lat="45.95110" lon="7.10189"><ele>1495.0</ele></trkpt>
<trkpt lat="45.95150" lon="7.10203"><ele>1489.0</ele></trkpt>
<trkpt lat="45.95172" lon="7.10228"><ele>1479.0</ele></trkpt>
<trkpt lat="45.95195" lon="7.10245"><ele>1474.0</ele></trkpt>
<trkpt lat="45.95219" lon="7.10262"><ele>1469.0</ele></trkpt>
<trkpt lat="45.95246" lon="7.10261"><ele>1469.0</ele></trkpt>
<trkpt lat="45.95276" lon="7.10243"><ele>1469.0</ele></trkpt>
<trkpt lat="45.95305" lon="7.10240"><ele>1469.0</ele></trkpt>
<trkpt lat="45.95338" lon="7.10257"><ele>1465.0</ele></trkpt>
<trkpt lat="45.95366" lon="7.10274"><ele>1464.0</ele></trkpt>
<trkpt lat="45.95403" lon="7.10282"><ele>1463.0</ele></trkpt>
<trkpt lat="45.95428" lon="7.10292"><ele>1462.0</ele></trkpt>
<trkpt lat="45.95466" lon="7.10321"><ele>1456.0</ele></trkpt>
<trkpt lat="45.95497" lon="7.10353"><ele>1449.0</ele></trkpt>
<trkpt lat="45.95533" lon="7.10387"><ele>1448.0</ele></trkpt>
<trkpt lat="45.95550" lon="7.10409"><ele>1447.0</ele></trkpt>
<trkpt lat="45.95567" lon="7.10431"><ele>1445.0</ele></trkpt>
<trkpt lat="45.95591" lon="7.10457"><ele>1445.0</ele></trkpt>
<trkpt lat="45.95618" lon="7.10497"><ele>1440.0</ele></trkpt>
<trkpt lat="45.95629" lon="7.10530"><ele>1435.0</ele></trkpt>
<trkpt lat="45.95624" lon="7.10587"><ele>1435.0</ele></trkpt>
<trkpt lat="45.95618" lon="7.10623"><ele>1440.0</ele></trkpt>
<trkpt lat="45.95646" lon="7.10630"><ele>1440.0</ele></trkpt>
<trkpt lat="45.95669" lon="7.10630"><ele>1436.0</ele></trkpt>
<trkpt lat="45.95703" lon="7.10646"><ele>1433.0</ele></trkpt>
<trkpt lat="45.95725" lon="7.10657"><ele>1430.0</ele></trkpt>
<trkpt lat="45.95760" lon="7.10676"><ele>1425.0</ele></trkpt>
<trkpt lat="45.95781" lon="7.10688"><ele>1424.0</ele></trkpt>
<trkpt lat="45.95807" lon="7.10708"><ele>1423.0</ele></trkpt>
<trkpt lat="45.95836" lon="7.10729"><ele>1422.0</ele></trkpt>
<trkpt lat="45.95860" lon="7.10747"><ele>1417.0</ele></trkpt>
<trkpt lat="45.95871" lon="7.10779"><ele>1416.0</ele></trkpt>
<trkpt lat="45.95882" lon="7.10811"><ele>1415.0</ele></trkpt>
<trkpt lat="45.95894" lon="7.10849"><ele>1415.0</ele></trkpt>
<trkpt lat="45.95901" lon="7.10882"><ele>1415.0</ele></trkpt>
<trkpt lat="45.95917" lon="7.10919"><ele>1415.0</ele></trkpt>
<trkpt lat="45.95935" lon="7.10950"><ele>1415.0</ele></trkpt>
<trkpt lat="45.95958" lon="7.10961"><ele>1415.0</ele></trkpt>
<trkpt lat="45.95986" lon="7.10969"><ele>1412.0</ele></trkpt>
<trkpt lat="45.96015" lon="7.10967"><ele>1406.5</ele></trkpt>
<trkpt lat="45.96044" lon="7.10966"><ele>1401.0</ele></trkpt>
<trkpt lat="45.96082" lon="7.10959"><ele>1391.0</ele></trkpt>
<trkpt lat="45.96123" lon="7.10975"><ele>1389.0</ele></trkpt>
<trkpt lat="45.96145" lon="7.10992"><ele>1389.0</ele></trkpt>
<trkpt lat="45.96167" lon="7.11014"><ele>1388.5</ele></trkpt>
<trkpt lat="45.96189" lon="7.11037"><ele>1388.0</ele></trkpt>
<trkpt lat="45.96216" lon="7.11046"><ele>1388.0</ele></trkpt>
<trkpt lat="45.96250" lon="7.11045"><ele>1383.0</ele></trkpt>
<trkpt lat="45.96278" lon="7.11040"><ele>1380.0</ele></trkpt>
<trkpt lat="45.96321" lon="7.11023"><ele>1374.0</ele></trkpt>
<trkpt lat="45.96353" lon="7.11028"><ele>1374.0</ele></trkpt>
<trkpt lat="45.96383" lon="7.11044"><ele>1373.0</ele></trkpt>
<trkpt lat="45.96422" lon="7.11048"><ele>1371.0</ele></trkpt>
<trkpt lat="45.96451" lon="7.11055"><ele>1370.0</ele></trkpt>
<trkpt lat="45.96473" lon="7.11034"><ele>1365.0</ele></trkpt>
<trkpt lat="45.96482" lon="7.10987"><ele>1360.0</ele></trkpt>
<trkpt lat="45.96483" lon="7.10933"><ele>1360.0</ele></trkpt>
<trkpt lat="45.96509" lon="7.10896"><ele>1360.5</ele></trkpt>
<trkpt lat="45.96512" lon="7.10850"><ele>1363.0</ele></trkpt>
<trkpt lat="45.96530" lon="7.10818"><ele>1375.0</ele></trkpt>
<trkpt lat="45.96554" lon="7.10808"><ele>1381.0</ele></trkpt>
<trkpt lat="45.96582" lon="7.10811"><ele>1391.0</ele></trkpt>
<trkpt lat="45.96616" lon="7.10818"><ele>1393.0</ele></trkpt>
<trkpt lat="45.96634" lon="7.10844"><ele>1391.0</ele></trkpt>
<trkpt lat="45.96664" lon="7.10881"><ele>1390.0</ele></trkpt>
<trkpt lat="45.96697" lon="7.10895"><ele>1391.0</ele></trkpt>
<trkpt lat="45.96718" lon="7.10908"><ele>1393.0</ele></trkpt>
<trkpt lat="45.96743" lon="7.10919"><ele>1394.0</ele></trkpt>
<trkpt lat="45.96770" lon="7.10931"><ele>1395.0</ele></trkpt>
<trkpt lat="45.96799" lon="7.10927"><ele>1405.0</ele></trkpt>
<trkpt lat="45.96832" lon="7.10918"><ele>1419.0</ele></trkpt>
<trkpt lat="45.96856" lon="7.10926"><ele>1420.0</ele></trkpt>
<trkpt lat="45.96896" lon="7.10929"><ele>1423.0</ele></trkpt>
<trkpt lat="45.96923" lon="7.10919"><ele>1428.0</ele></trkpt>
<trkpt lat="45.96948" lon="7.10927"><ele>1428.0</ele></trkpt>
<trkpt lat="45.96974" lon="7.10948"><ele>1413.0</ele></trkpt>
<trkpt lat="45.97005" lon="7.10956"><ele>1409.0</ele></trkpt>
<trkpt lat="45.97028" lon="7.10964"><ele>1409.0</ele></trkpt>
<trkpt lat="45.97050" lon="7.10957"><ele>1419.0</ele></trkpt>
<trkpt lat="45.97072" lon="7.10940"><ele>1424.0</ele></trkpt>
<trkpt lat="45.97081" lon="7.10975"><ele>1408.0</ele></trkpt>
<trkpt lat="45.97096" lon="7.11003"><ele>1391.0</ele></trkpt>
<trkpt lat="45.97092" lon="7.11037"><ele>1371.0</ele></trkpt>
<trkpt lat="45.97107" lon="7.11066"><ele>1356.0</ele></trkpt>
<trkpt lat="45.97129" lon="7.11089"><ele>1352.0</ele></trkpt>
<trkpt lat="45.97151" lon="7.11107"><ele>1351.0</ele></trkpt>
<trkpt lat="45.97161" lon="7.11140"><ele>1337.0</ele></trkpt>
<trkpt lat="45.97188" lon="7.11144"><ele>1339.0</ele></trkpt>
<trkpt lat="45.97231" lon="7.11162"><ele>1341.0</ele></trkpt>
<trkpt lat="45.97257" lon="7.11163"><ele>1341.0</ele></trkpt>
<trkpt lat="45.97281" lon="7.11178"><ele>1341.0</ele></trkpt>
<trkpt lat="45.97308" lon="7.11195"><ele>1338.0</ele></trkpt>
<trkpt lat="45.97345" lon="7.11205"><ele>1335.0</ele></trkpt>
<trkpt lat="45.97374" lon="7.11201"><ele>1335.0</ele></trkpt>
<trkpt lat="45.97402" lon="7.11195"><ele>1335.0</ele></trkpt>
<trkpt lat="45.97429" lon="7.11193"><ele>1335.0</ele></trkpt>
<trkpt lat="45.97458" lon="7.11212"><ele>1335.0</ele></trkpt>
<trkpt lat="45.97492" lon="7.11222"><ele>1335.0</ele></trkpt>
<trkpt lat="45.97517" lon="7.11235"><ele>1334.0</ele></trkpt>
<trkpt lat="45.97540" lon="7.11252"><ele>1327.0</ele></trkpt>
<trkpt lat="45.97566" lon="7.11263"><ele>1326.5</ele></trkpt>
<trkpt lat="45.97599" lon="7.11282"><ele>1326.0</ele></trkpt>
<trkpt lat="45.97636" lon="7.11298"><ele>1325.0</ele></trkpt>
<trkpt lat="45.97660" lon="7.11333"><ele>1318.0</ele></trkpt>
<trkpt lat="45.97689" lon="7.11349"><ele>1318.0</ele></trkpt>
<trkpt lat="45.97713" lon="7.11334"><ele>1325.0</ele></trkpt>
<trkpt lat="45.97738" lon="7.11327"><ele>1329.0</ele></trkpt>
<trkpt lat="45.97760" lon="7.11311"><ele>1333.0</ele></trkpt>
<trkpt lat="45.97790" lon="7.11309"><ele>1333.0</ele></trkpt>
<trkpt lat="45.97824" lon="7.11312"><ele>1328.0</ele></trkpt>
<trkpt lat="45.97862" lon="7.11307"><ele>1328.0</ele></trkpt>
<trkpt lat="45.97898" lon="7.11300"><ele>1328.0</ele></trkpt>
<trkpt lat="45.97928" lon="7.11280"><ele>1329.0</ele></trkpt>
<trkpt lat="45.97960" lon="7.11271"><ele>1329.0</ele></trkpt>
<trkpt lat="45.97974" lon="7.11305"><ele>1315.0</ele></trkpt>
<trkpt lat="45.97973" lon="7.11354"><ele>1304.0</ele></trkpt>
<trkpt lat="45.97969" lon="7.11393"><ele>1298.0</ele></trkpt>
<trkpt lat="45.97967" lon="7.11426"><ele>1294.5</ele></trkpt>
<trkpt lat="45.97965" lon="7.11459"><ele>1291.0</ele></trkpt>
<trkpt lat="45.97960" lon="7.11493"><ele>1288.0</ele></trkpt>
<trkpt lat="45.97951" lon="7.11531"><ele>1286.0</ele></trkpt>
<trkpt lat="45.97945" lon="7.11563"><ele>1285.0</ele></trkpt>
<trkpt lat="45.97934" lon="7.11609"><ele>1285.0</ele></trkpt>
<trkpt lat="45.97921" lon="7.11661"><ele>1285.0</ele></trkpt>
<trkpt lat="45.97910" lon="7.11697"><ele>1285.0</ele></trkpt>
<trkpt lat="45.97899" lon="7.11735"><ele>1285.0</ele></trkpt>
<trkpt lat="45.97889" lon="7.11769"><ele>1285.0</ele></trkpt>
<trkpt lat="45.97892" lon="7.11821"><ele>1286.0</ele></trkpt>
<trkpt lat="45.97899" lon="7.11864"><ele>1286.0</ele></trkpt>
<trkpt lat="45.97904" lon="7.11915"><ele>1285.0</ele></trkpt>
<trkpt lat="45.97916" lon="7.11964"><ele>1284.0</ele></trkpt>
<trkpt lat="45.97923" lon="7.12016"><ele>1280.0</ele></trkpt>
<trkpt lat="45.97942" lon="7.12061"><ele>1274.0</ele></trkpt>
<trkpt lat="45.97965" lon="7.12118"><ele>1269.0</ele></trkpt>
<trkpt lat="45.97978" lon="7.12151"><ele>1267.0</ele></trkpt>
<trkpt lat="45.98000" lon="7.12191"><ele>1261.0</ele></trkpt>
<trkpt lat="45.98022" lon="7.12232"><ele>1255.0</ele></trkpt>
<trkpt lat="45.98042" lon="7.12275"><ele>1249.0</ele></trkpt>
<trkpt lat="45.98058" lon="7.12311"><ele>1244.0</ele></trkpt>
<trkpt lat="45.98076" lon="7.12342"><ele>1240.0</ele></trkpt>
<trkpt lat="45.98089" lon="7.12373"><ele>1233.0</ele></trkpt>
<trkpt lat="45.98103" lon="7.12399"><ele>1226.0</ele></trkpt>
<trkpt lat="45.98135" lon="7.12391"><ele>1222.0</ele></trkpt>
<trkpt lat="45.98162" lon="7.12355"><ele>1222.0</ele></trkpt>
<trkpt lat="45.98188" lon="7.12333"><ele>1221.0</ele></trkpt>
<trkpt lat="45.98226" lon="7.12312"><ele>1213.0</ele></trkpt>
<trkpt lat="45.98246" lon="7.12290"><ele>1209.0</ele></trkpt>
<trkpt lat="45.98272" lon="7.12276"><ele>1206.0</ele></trkpt>
<trkpt lat="45.98306" lon="7.12267"><ele>1206.0</ele></trkpt>
<trkpt lat="45.98338" lon="7.12258"><ele>1205.0</ele></trkpt>
<trkpt lat="45.98379" lon="7.12245"><ele>1205.0</ele></trkpt>
<trkpt lat="45.98410" lon="7.12218"><ele>1204.0</ele></trkpt>
<trkpt lat="45.98431" lon="7.12191"><ele>1204.0</ele></trkpt>
<trkpt lat="45.98465" lon="7.12165"><ele>1203.5</ele></trkpt>
<trkpt lat="45.98497" lon="7.12144"><ele>1202.5</ele></trkpt>
<trkpt lat="45.98534" lon="7.12129"><ele>1201.0</ele></trkpt>
<trkpt lat="45.98560" lon="7.12141"><ele>1199.0</ele></trkpt>
<trkpt lat="45.98595" lon="7.12165"><ele>1195.0</ele></trkpt>
<trkpt lat="45.98618" lon="7.12170"><ele>1194.0</ele></trkpt>
<trkpt lat="45.98656" lon="7.12144"><ele>1194.0</ele></trkpt>
<trkpt lat="45.98695" lon="7.12155"><ele>1192.0</ele></trkpt>
<trkpt lat="45.98726" lon="7.12189"><ele>1187.0</ele></trkpt>
<trkpt lat="45.98748" lon="7.12230"><ele>1183.5</ele></trkpt>
<trkpt lat="45.98769" lon="7.12266"><ele>1180.0</ele></trkpt>
<trkpt lat="45.98800" lon="7.12286"><ele>1176.0</ele></trkpt>
<trkpt lat="45.98818" lon="7.12306"><ele>1173.0</ele></trkpt>
<trkpt lat="45.98832" lon="7.12340"><ele>1169.0</ele></trkpt>
<trkpt lat="45.98848" lon="7.12367"><ele>1167.0</ele></trkpt>
<trkpt lat="45.98883" lon="7.12385"><ele>1165.0</ele></trkpt>
<trkpt lat="45.98908" lon="7.12393"><ele>1164.0</ele></trkpt>
<trkpt lat="45.98931" lon="7.12422"><ele>1160.0</ele></trkpt>
<trkpt lat="45.98945" lon="7.12465"><ele>1155.0</ele></trkpt>
<trkpt lat="45.98938" lon="7.12498"><ele>1153.0</ele></trkpt>
<trkpt lat="45.98922" lon="7.12536"><ele>1153.0</ele></trkpt>
<trkpt lat="45.98893" lon="7.12566"><ele>1155.0</ele></trkpt>
<trkpt lat="45.98885" lon="7.12602"><ele>1160.0</ele></trkpt>
<trkpt lat="45.98907" lon="7.12637"><ele>1160.0</ele></trkpt>
<trkpt lat="45.98940" lon="7.12651"><ele>1156.5</ele></trkpt>
<trkpt lat="45.98966" lon="7.12661"><ele>1154.0</ele></trkpt>
<trkpt lat="45.98989" lon="7.12676"><ele>1152.0</ele></trkpt>
<trkpt lat="45.99018" lon="7.12678"><ele>1150.0</ele></trkpt>
<trkpt lat="45.99052" lon="7.12672"><ele>1147.0</ele></trkpt>
<trkpt lat="45.99094" lon="7.12676"><ele>1146.0</ele></trkpt>
<trkpt lat="45.99121" lon="7.12683"><ele>1145.0</ele></trkpt>
<trkpt lat="45.99153" lon="7.12687"><ele>1144.0</ele></trkpt>
<trkpt lat="45.99191" lon="7.12684"><ele>1138.5</ele></trkpt>
<trkpt lat="45.99230" lon="7.12681"><ele>1133.0</ele></trkpt>
<trkpt lat="45.99270" lon="7.12674"><ele>1128.0</ele></trkpt>
<trkpt lat="45.99303" lon="7.12676"><ele>1127.0</ele></trkpt>
<trkpt lat="45.99328" lon="7.12686"><ele>1127.0</ele></trkpt>
<trkpt lat="45.99357" lon="7.12706"><ele>1125.0</ele></trkpt>
<trkpt lat="45.99385" lon="7.12716"><ele>1125.0</ele></trkpt>
<trkpt lat="45.99421" lon="7.12729"><ele>1123.0</ele></trkpt>
<trkpt lat="45.99453" lon="7.12756"><ele>1122.5</ele></trkpt>
<trkpt lat="45.99477" lon="7.12770"><ele>1122.5</ele></trkpt>
<trkpt lat="45.99500" lon="7.12776"><ele>1124.0</ele></trkpt>
<trkpt lat="45.99526" lon="7.12798"><ele>1125.0</ele></trkpt>
<trkpt lat="45.99561" lon="7.12812"><ele>1126.0</ele></trkpt>
<trkpt lat="45.99586" lon="7.12812"><ele>1127.0</ele></trkpt>
<trkpt lat="45.99615" lon="7.12815"><ele>1130.0</ele></trkpt>
<trkpt lat="45.99656" lon="7.12822"><ele>1130.0</ele></trkpt>
<trkpt lat="45.99681" lon="7.12826"><ele>1130.0</ele></trkpt>
<trkpt lat="45.99710" lon="7.12827"><ele>1130.0</ele></trkpt>
<trkpt lat="45.99741" lon="7.12828"><ele>1129.0</ele></trkpt>
<trkpt lat="45.99773" lon="7.12814"><ele>1121.0</ele></trkpt>
<trkpt lat="45.99805" lon="7.12815"><ele>1118.0</ele></trkpt>
<trkpt lat="45.99830" lon="7.12816"><ele>1117.0</ele></trkpt>
<trkpt lat="45.99850" lon="7.12791"><ele>1110.0</ele></trkpt>
<trkpt lat="45.99876" lon="7.12793"><ele>1110.0</ele></trkpt>
<trkpt lat="45.99904" lon="7.12792"><ele>1109.0</ele></trkpt>
<trkpt lat="45.99937" lon="7.12806"><ele>1109.0</ele></trkpt>
<trkpt lat="45.99972" lon="7.12829"><ele>1109.0</ele></trkpt>
<trkpt lat="46.00012" lon="7.12826"><ele>1109.0</ele></trkpt>
<trkpt lat="46.00054" lon="7.12820"><ele>1107.0</ele></trkpt>
<trkpt lat="46.00088" lon="7.12790"><ele>1102.0</ele></trkpt>
<trkpt lat="46.00129" lon="7.12765"><ele>1099.0</ele></trkpt>
<trkpt lat="46.00150" lon="7.12753"><ele>1096.0</ele></trkpt>
<trkpt lat="46.00173" lon="7.12734"><ele>1089.0</ele></trkpt>
<trkpt lat="46.00203" lon="7.12714"><ele>1083.0</ele></trkpt>
<trkpt lat="46.00230" lon="7.12693"><ele>1074.0</ele></trkpt>
<trkpt lat="46.00256" lon="7.12672"><ele>1067.0</ele></trkpt>
<trkpt lat="46.00266" lon="7.12626"><ele>1061.0</ele></trkpt>
<trkpt lat="46.00271" lon="7.12588"><ele>1059.0</ele></trkpt>
<trkpt lat="46.00300" lon="7.12563"><ele>1058.0</ele></trkpt>
<trkpt lat="46.00323" lon="7.12553"><ele>1057.0</ele></trkpt>
<trkpt lat="46.00353" lon="7.12539"><ele>1056.8</ele></trkpt>
<trkpt lat="46.00382" lon="7.12522"><ele>1056.3</ele></trkpt>
<trkpt lat="46.00418" lon="7.12501"><ele>1056.3</ele></trkpt>
<trkpt lat="46.00459" lon="7.12474"><ele>1057.0</ele></trkpt>
<trkpt lat="46.00480" lon="7.12461"><ele>1058.0</ele></trkpt>
<trkpt lat="46.00514" lon="7.12434"><ele>1061.0</ele></trkpt>
<trkpt lat="46.00543" lon="7.12425"><ele>1063.0</ele></trkpt>
<trkpt lat="46.00570" lon="7.12415"><ele>1064.0</ele></trkpt>
<trkpt lat="46.00590" lon="7.12392"><ele>1071.0</ele></trkpt>
<trkpt lat="46.00605" lon="7.12348"><ele>1080.0</ele></trkpt>
<trkpt lat="46.00618" lon="7.12317"><ele>1104.0</ele></trkpt>
<trkpt lat="46.00635" lon="7.12343"><ele>1094.0</ele></trkpt>
<trkpt lat="46.00654" lon="7.12361"><ele>1089.5</ele></trkpt>
<trkpt lat="46.00687" lon="7.12353"><ele>1090.0</ele></trkpt>
<trkpt lat="46.00705" lon="7.12327"><ele>1101.0</ele></trkpt>
<trkpt lat="46.00729" lon="7.12329"><ele>1102.0</ele></trkpt>
<trkpt lat="46.00752" lon="7.12316"><ele>1108.0</ele></trkpt>
<trkpt lat="46.00776" lon="7.12299"><ele>1117.0</ele></trkpt>
<trkpt lat="46.00805" lon="7.12303"><ele>1119.5</ele></trkpt>
<trkpt lat="46.00843" lon="7.12316"><ele>1123.0</ele></trkpt>
<trkpt lat="46.00871" lon="7.12331"><ele>1125.0</ele></trkpt>
<trkpt lat="46.00895" lon="7.12333"><ele>1131.0</ele></trkpt>
<trkpt lat="46.00916" lon="7.12345"><ele>1131.0</ele></trkpt>
<trkpt lat="46.00942" lon="7.12354"><ele>1130.0</ele></trkpt>
<trkpt lat="46.00944" lon="7.12318"><ele>1140.0</ele></trkpt>
<trkpt lat="46.00951" lon="7.12282"><ele>1153.0</ele></trkpt>
<trkpt lat="46.00967" lon="7.12256"><ele>1158.0</ele></trkpt>
<trkpt lat="46.00968" lon="7.12194"><ele>1176.0</ele></trkpt>
<trkpt lat="46.00983" lon="7.12159"><ele>1187.0</ele></trkpt>
<trkpt lat="46.00994" lon="7.12125"><ele>1194.0</ele></trkpt>
<trkpt lat="46.01011" lon="7.12097"><ele>1199.0</ele></trkpt>
<trkpt lat="46.01021" lon="7.12062"><ele>1206.0</ele></trkpt>
<trkpt lat="46.01033" lon="7.12034"><ele>1211.0</ele></trkpt>
<trkpt lat="46.01058" lon="7.12013"><ele>1210.0</ele></trkpt>
<trkpt lat="46.01084" lon="7.12008"><ele>1208.0</ele></trkpt>
<trkpt lat="46.01100" lon="7.11972"><ele>1216.0</ele></trkpt>
<trkpt lat="46.01104" lon="7.11938"><ele>1231.0</ele></trkpt>
<trkpt lat="46.01100" lon="7.11890"><ele>1243.0</ele></trkpt>
<trkpt lat="46.01112" lon="7.11849"><ele>1251.0</ele></trkpt>
<trkpt lat="46.01127" lon="7.11811"><ele>1257.0</ele></trkpt>
<trkpt lat="46.01143" lon="7.11782"><ele>1257.0</ele></trkpt>
<trkpt lat="46.01163" lon="7.11820"><ele>1247.0</ele></trkpt>
<trkpt lat="46.01170" lon="7.11852"><ele>1243.0</ele></trkpt>
<trkpt lat="46.01174" lon="7.11891"><ele>1236.0</ele></trkpt>
<trkpt lat="46.01182" lon="7.11941"><ele>1231.0</ele></trkpt>
<trkpt lat="46.01203" lon="7.11965"><ele>1231.0</ele></trkpt>
<trkpt lat="46.01227" lon="7.11959"><ele>1242.0</ele></trkpt>
<trkpt lat="46.01254" lon="7.11963"><ele>1252.0</ele></trkpt>
<trkpt lat="46.01277" lon="7.11974"><ele>1260.0</ele></trkpt>
<trkpt lat="46.01300" lon="7.11989"><ele>1266.0</ele></trkpt>
<trkpt lat="46.01326" lon="7.12023"><ele>1266.0</ele></trkpt>
<trkpt lat="46.01351" lon="7.12048"><ele>1266.0</ele></trkpt>
<trkpt lat="46.01374" lon="7.12078"><ele>1266.0</ele></trkpt>
<trkpt lat="46.01396" lon="7.12096"><ele>1266.0</ele></trkpt>
<trkpt lat="46.01393" lon="7.12052"><ele>1281.0</ele></trkpt>
<trkpt lat="46.01406" lon="7.12007"><ele>1299.0</ele></trkpt>
<trkpt lat="46.01422" lon="7.11983"><ele>1312.0</ele></trkpt>
<trkpt lat="46.01448" lon="7.11969"><ele>1321.0</ele></trkpt>
<trkpt lat="46.01482" lon="7.11962"><ele>1323.0</ele></trkpt>
<trkpt lat="46.01514" lon="7.11977"><ele>1322.0</ele></trkpt>
<trkpt lat="46.01544" lon="7.11980"><ele>1322.0</ele></trkpt>
<trkpt lat="46.01574" lon="7.11978"><ele>1324.0</ele></trkpt>
<trkpt lat="46.01598" lon="7.11972"><ele>1325.0</ele></trkpt>
<trkpt lat="46.01623" lon="7.11943"><ele>1332.0</ele></trkpt>
<trkpt lat="46.01645" lon="7.11925"><ele>1333.0</ele></trkpt>
<trkpt lat="46.01670" lon="7.11923"><ele>1333.0</ele></trkpt>
<trkpt lat="46.01696" lon="7.11906"><ele>1335.0</ele></trkpt>
<trkpt lat="46.01718" lon="7.11897"><ele>1335.0</ele></trkpt>
<trkpt lat="46.01743" lon="7.11896"><ele>1336.0</ele></trkpt>
<trkpt lat="46.01766" lon="7.11885"><ele>1343.0</ele></trkpt>
<trkpt lat="46.01786" lon="7.11900"><ele>1345.0</ele></trkpt>
<trkpt lat="46.01806" lon="7.11928"><ele>1345.0</ele></trkpt>
<trkpt lat="46.01825" lon="7.11958"><ele>1344.0</ele></trkpt>
<trkpt lat="46.01848" lon="7.11982"><ele>1342.0</ele></trkpt>
<trkpt lat="46.01870" lon="7.11998"><ele>1342.0</ele></trkpt>
<trkpt lat="46.01855" lon="7.11969"><ele>1350.0</ele></trkpt>
<trkpt lat="46.01837" lon="7.11935"><ele>1357.0</ele></trkpt>
<trkpt lat="46.01827" lon="7.11893"><ele>1366.0</ele></trkpt>
<trkpt lat="46.01824" lon="7.11853"><ele>1375.0</ele></trkpt>
<trkpt lat="46.01835" lon="7.11824"><ele>1387.0</ele></trkpt>
<trkpt lat="46.01852" lon="7.11850"><ele>1388.0</ele></trkpt>
<trkpt lat="46.01855" lon="7.11810"><ele>1396.0</ele></trkpt>
<trkpt lat="46.01879" lon="7.11825"><ele>1403.0</ele></trkpt>
<trkpt lat="46.01903" lon="7.11823"><ele>1415.0</ele></trkpt>
<trkpt lat="46.01925" lon="7.11831"><ele>1415.0</ele></trkpt>
<trkpt lat="46.01946" lon="7.11861"><ele>1416.0</ele></trkpt>
<trkpt lat="46.01978" lon="7.11879"><ele>1416.0</ele></trkpt>
<trkpt lat="46.02008" lon="7.11888"><ele>1416.0</ele></trkpt>
<trkpt lat="46.02030" lon="7.11902"><ele>1415.0</ele></trkpt>
<trkpt lat="46.02055" lon="7.11879"><ele>1423.0</ele></trkpt>
<trkpt lat="46.02095" lon="7.11895"><ele>1419.0</ele></trkpt>
<trkpt lat="46.02119" lon="7.11918"><ele>1415.0</ele></trkpt>
<trkpt lat="46.02159" lon="7.11921"><ele>1415.0</ele></trkpt>
<trkpt lat="46.02185" lon="7.11939"><ele>1415.0</ele></trkpt>
<trkpt lat="46.02206" lon="7.11956"><ele>1415.0</ele></trkpt>
<trkpt lat="46.02226" lon="7.11976"><ele>1412.0</ele></trkpt>
<trkpt lat="46.02248" lon="7.12002"><ele>1412.0</ele></trkpt>
<trkpt lat="46.02274" lon="7.12007"><ele>1412.0</ele></trkpt>
<trkpt lat="46.02304" lon="7.12018"><ele>1415.0</ele></trkpt>
<trkpt lat="46.02326" lon="7.12040"><ele>1416.0</ele></trkpt>
<trkpt lat="46.02354" lon="7.12062"><ele>1418.0</ele></trkpt>
<trkpt lat="46.02380" lon="7.12062"><ele>1423.0</ele></trkpt>
<trkpt lat="46.02404" lon="7.12087"><ele>1426.0</ele></trkpt>
<trkpt lat="46.02426" lon="7.12094"><ele>1430.0</ele></trkpt>
<trkpt lat="46.02453" lon="7.12113"><ele>1439.0</ele></trkpt>
<trkpt lat="46.02466" lon="7.12145"><ele>1445.0</ele></trkpt>
<trkpt lat="46.02486" lon="7.12160"><ele>1452.0</ele></trkpt>
<trkpt lat="46.02519" lon="7.12151"><ele>1456.0</ele></trkpt>
<trkpt lat="46.02544" lon="7.12133"><ele>1456.0</ele></trkpt>
<trkpt lat="46.02563" lon="7.12114"><ele>1456.0</ele></trkpt>
<trkpt lat="46.02586" lon="7.12104"><ele>1458.0</ele></trkpt>
<trkpt lat="46.02575" lon="7.12143"><ele>1462.0</ele></trkpt>
<trkpt lat="46.02562" lon="7.12171"><ele>1464.0</ele></trkpt>
<trkpt lat="46.02545" lon="7.12200"><ele>1465.0</ele></trkpt>
<trkpt lat="46.02551" lon="7.12244"><ele>1471.0</ele></trkpt>
<trkpt lat="46.02574" lon="7.12238"><ele>1475.0</ele></trkpt>
<trkpt lat="46.02596" lon="7.12251"><ele>1480.0</ele></trkpt>
<trkpt lat="46.02627" lon="7.12241"><ele>1485.0</ele></trkpt>
<trkpt lat="46.02645" lon="7.12218"><ele>1485.0</ele></trkpt>
<trkpt lat="46.02668" lon="7.12171"><ele>1480.0</ele></trkpt>
<trkpt lat="46.02684" lon="7.12146"><ele>1480.0</ele></trkpt>
<trkpt lat="46.02709" lon="7.12108"><ele>1478.0</ele></trkpt>
<trkpt lat="46.02726" lon="7.12073"><ele>1478.0</ele></trkpt>
<trkpt lat="46.02744" lon="7.12048"><ele>1478.0</ele></trkpt>
<trkpt lat="46.02779" lon="7.12035"><ele>1481.0</ele></trkpt>
<trkpt lat="46.02799" lon="7.12019"><ele>1481.0</ele></trkpt>
<trkpt lat="46.02815" lon="7.11993"><ele>1478.0</ele></trkpt>
<trkpt lat="46.02822" lon="7.11940"><ele>1477.0</ele></trkpt>
<trkpt lat="46.02827" lon="7.11882"><ele>1476.0</ele></trkpt>
<trkpt lat="46.02835" lon="7.11848"><ele>1476.0</ele></trkpt>
<trkpt lat="46.02868" lon="7.11808"><ele>1476.0</ele></trkpt>
<trkpt lat="46.02901" lon="7.11778"><ele>1476.0</ele></trkpt>
<trkpt lat="46.02918" lon="7.11751"><ele>1475.0</ele></trkpt>
<trkpt lat="46.02945" lon="7.11723"><ele>1474.0</ele></trkpt>
<trkpt lat="46.02975" lon="7.11705"><ele>1474.0</ele></trkpt>
<trkpt lat="46.03008" lon="7.11666"><ele>1474.0</ele></trkpt>
<trkpt lat="46.03032" lon="7.11622"><ele>1475.5</ele></trkpt>
<trkpt lat="46.03046" lon="7.11585"><ele>1475.5</ele></trkpt>
<trkpt lat="46.03059" lon="7.11545"><ele>1475.0</ele></trkpt>
<trkpt lat="46.03066" lon="7.11510"><ele>1475.0</ele></trkpt>
<trkpt lat="46.03072" lon="7.11476"><ele>1475.0</ele></trkpt>
<trkpt lat="46.03079" lon="7.11442"><ele>1475.0</ele></trkpt>
<trkpt lat="46.03086" lon="7.11407"><ele>1475.0</ele></trkpt>
<trkpt lat="46.03103" lon="7.11354"><ele>1480.0</ele></trkpt>
<trkpt lat="46.03110" lon="7.11317"><ele>1481.0</ele></trkpt>
<trkpt lat="46.03126" lon="7.11283"><ele>1485.0</ele></trkpt>
<trkpt lat="46.03137" lon="7.11248"><ele>1488.0</ele></trkpt>
<trkpt lat="46.03149" lon="7.11194"><ele>1490.0</ele></trkpt>
<trkpt lat="46.03158" lon="7.11159"><ele>1490.5</ele></trkpt>
<trkpt lat="46.03166" lon="7.11125"><ele>1490.5</ele></trkpt>
<trkpt lat="46.03173" lon="7.11092"><ele>1490.5</ele></trkpt>
<trkpt lat="46.03183" lon="7.11041"><ele>1490.5</ele></trkpt>
<trkpt lat="46.03193" lon="7.10991"><ele>1490.0</ele></trkpt>
<trkpt lat="46.03192" lon="7.10953"><ele>1490.0</ele></trkpt>
<trkpt lat="46.03186" lon="7.10910"><ele>1490.0</ele></trkpt>
<trkpt lat="46.03193" lon="7.10859"><ele>1491.0</ele></trkpt>
<trkpt lat="46.03172" lon="7.10817"><ele>1493.0</ele></trkpt>
<trkpt lat="46.03145" lon="7.10798"><ele>1494.0</ele></trkpt>
<trkpt lat="46.03147" lon="7.10751"><ele>1498.0</ele></trkpt>
<trkpt lat="46.03158" lon="7.10711"><ele>1500.0</ele></trkpt>
<trkpt lat="46.03173" lon="7.10664"><ele>1501.0</ele></trkpt>
<trkpt lat="46.03198" lon="7.10630"><ele>1502.0</ele></trkpt>
<trkpt lat="46.03218" lon="7.10606"><ele>1502.0</ele></trkpt>
<trkpt lat="46.03224" lon="7.10564"><ele>1502.3</ele></trkpt>
<trkpt lat="46.03229" lon="7.10522"><ele>1502.8</ele></trkpt>
<trkpt lat="46.03234" lon="7.10488"><ele>1504.0</ele></trkpt>
<trkpt lat="46.03237" lon="7.10449"><ele>1508.0</ele></trkpt>
<trkpt lat="46.03250" lon="7.10406"><ele>1512.0</ele></trkpt>
<trkpt lat="46.03270" lon="7.10381"><ele>1512.0</ele></trkpt>
<trkpt lat="46.03290" lon="7.10345"><ele>1512.0</ele></trkpt>
<trkpt lat="46.03308" lon="7.10309"><ele>1512.0</ele></trkpt>
<trkpt lat="46.03330" lon="7.10299"><ele>1509.0</ele></trkpt>
<trkpt lat="46.03353" lon="7.10289"><ele>1506.0</ele></trkpt>
<trkpt lat="46.03381" lon="7.10255"><ele>1501.0</ele></trkpt>
<trkpt lat="46.03399" lon="7.10224"><ele>1497.0</ele></trkpt>
<trkpt lat="46.03414" lon="7.10187"><ele>1490.0</ele></trkpt>
<trkpt lat="46.03422" lon="7.10137"><ele>1486.0</ele></trkpt>
<trkpt lat="46.03412" lon="7.10100"><ele>1486.0</ele></trkpt>
<trkpt lat="46.03396" lon="7.10055"><ele>1486.0</ele></trkpt>
<trkpt lat="46.03395" lon="7.10014"><ele>1486.0</ele></trkpt>
<trkpt lat="46.03403" lon="7.09966"><ele>1481.0</ele></trkpt>
<trkpt lat="46.03406" lon="7.09920"><ele>1478.0</ele></trkpt>
<trkpt lat="46.03421" lon="7.09892"><ele>1475.0</ele></trkpt>
<trkpt lat="46.03452" lon="7.09877"><ele>1468.0</ele></trkpt>
<trkpt lat="46.03475" lon="7.09834"><ele>1468.0</ele></trkpt>
<trkpt lat="46.03494" lon="7.09808"><ele>1468.0</ele></trkpt>
<trkpt lat="46.03527" lon="7.09782"><ele>1465.0</ele></trkpt>
<trkpt lat="46.03557" lon="7.09753"><ele>1460.5</ele></trkpt>
<trkpt lat="46.03580" lon="7.09728"><ele>1454.0</ele></trkpt>
<trkpt lat="46.03600" lon="7.09706"><ele>1452.0</ele></trkpt>
<trkpt lat="46.03618" lon="7.09682"><ele>1451.0</ele></trkpt>
<trkpt lat="46.03637" lon="7.09637"><ele>1450.0</ele></trkpt>
<trkpt lat="46.03674" lon="7.09605"><ele>1446.5</ele></trkpt>
<trkpt lat="46.03719" lon="7.09587"><ele>1442.5</ele></trkpt>
<trkpt lat="46.03743" lon="7.09580"><ele>1441.0</ele></trkpt>
<trkpt lat="46.03776" lon="7.09569"><ele>1438.0</ele></trkpt>
<trkpt lat="46.03797" lon="7.09551"><ele>1437.0</ele></trkpt>
<trkpt lat="46.03834" lon="7.09521"><ele>1434.0</ele></trkpt>
<trkpt lat="46.03856" lon="7.09505"><ele>1430.0</ele></trkpt>
<trkpt lat="46.03878" lon="7.09485"><ele>1428.0</ele></trkpt>
<trkpt lat="46.03901" lon="7.09466"><ele>1425.0</ele></trkpt>
<trkpt lat="46.03931" lon="7.09443"><ele>1420.0</ele></trkpt>
<trkpt lat="46.03968" lon="7.09412"><ele>1415.0</ele></trkpt>
<trkpt lat="46.03990" lon="7.09399"><ele>1411.0</ele></trkpt>
<trkpt lat="46.04007" lon="7.09359"><ele>1411.0</ele></trkpt>
<trkpt lat="46.04021" lon="7.09316"><ele>1413.0</ele></trkpt>
<trkpt lat="46.04040" lon="7.09292"><ele>1413.0</ele></trkpt>
<trkpt lat="46.04066" lon="7.09266"><ele>1413.0</ele></trkpt>
<trkpt lat="46.04085" lon="7.09244"><ele>1413.0</ele></trkpt>
<trkpt lat="46.04087" lon="7.09209"><ele>1414.0</ele></trkpt>
<trkpt lat="46.04101" lon="7.09180"><ele>1414.0</ele></trkpt>
<trkpt lat="46.04130" lon="7.09145"><ele>1414.0</ele></trkpt>
<trkpt lat="46.04144" lon="7.09115"><ele>1414.0</ele></trkpt>
<trkpt lat="46.04159" lon="7.09087"><ele>1413.0</ele></trkpt>
<trkpt lat="46.04175" lon="7.09064"><ele>1413.0</ele></trkpt>
<trkpt lat="46.04194" lon="7.09033"><ele>1413.0</ele></trkpt>
<trkpt lat="46.04216" lon="7.09004"><ele>1412.0</ele></trkpt>
<trkpt lat="46.04244" lon="7.08986"><ele>1407.0</ele></trkpt>
<trkpt lat="46.04266" lon="7.08963"><ele>1407.0</ele></trkpt>
<trkpt lat="46.04285" lon="7.08915"><ele>1411.0</ele></trkpt>
<trkpt lat="46.04313" lon="7.08902"><ele>1408.0</ele></trkpt>
<trkpt lat="46.04350" lon="7.08899"><ele>1401.0</ele></trkpt>
<trkpt lat="46.04384" lon="7.08887"><ele>1398.0</ele></trkpt>
<trkpt lat="46.04422" lon="7.08858"><ele>1398.0</ele></trkpt>
<trkpt lat="46.04427" lon="7.08823"><ele>1400.0</ele></trkpt>
<trkpt lat="46.04443" lon="7.08800"><ele>1404.0</ele></trkpt>
<trkpt lat="46.04470" lon="7.08773"><ele>1404.0</ele></trkpt>
<trkpt lat="46.04491" lon="7.08754"><ele>1404.0</ele></trkpt>
<trkpt lat="46.04520" lon="7.08749"><ele>1400.0</ele></trkpt>
<trkpt lat="46.04550" lon="7.08765"><ele>1389.0</ele></trkpt>
<trkpt lat="46.04582" lon="7.08725"><ele>1386.0</ele></trkpt>
<trkpt lat="46.04602" lon="7.08695"><ele>1382.5</ele></trkpt>
<trkpt lat="46.04619" lon="7.08671"><ele>1380.0</ele></trkpt>
<trkpt lat="46.04632" lon="7.08643"><ele>1377.0</ele></trkpt>
<trkpt lat="46.04654" lon="7.08597"><ele>1376.0</ele></trkpt>
<trkpt lat="46.04677" lon="7.08573"><ele>1374.0</ele></trkpt>
<trkpt lat="46.04699" lon="7.08548"><ele>1374.0</ele></trkpt>
<trkpt lat="46.04725" lon="7.08553"><ele>1367.0</ele></trkpt>
<trkpt lat="46.04750" lon="7.08544"><ele>1363.0</ele></trkpt>
<trkpt lat="46.04771" lon="7.08526"><ele>1360.0</ele></trkpt>
<trkpt lat="46.04800" lon="7.08506"><ele>1353.0</ele></trkpt>
<trkpt lat="46.04817" lon="7.08479"><ele>1348.0</ele></trkpt>
<trkpt lat="46.04845" lon="7.08449"><ele>1344.5</ele></trkpt>
<trkpt lat="46.04825" lon="7.08421"><ele>1346.0</ele></trkpt>
<trkpt lat="46.04817" lon="7.08381"><ele>1347.0</ele></trkpt>
<trkpt lat="46.04820" lon="7.08323"><ele>1349.0</ele></trkpt>
<trkpt lat="46.04837" lon="7.08291"><ele>1347.0</ele></trkpt>
<trkpt lat="46.04870" lon="7.08274"><ele>1345.5</ele></trkpt>
<trkpt lat="46.04891" lon="7.08260"><ele>1344.0</ele></trkpt>
<trkpt lat="46.04913" lon="7.08248"><ele>1341.0</ele></trkpt>
<trkpt lat="46.04931" lon="7.08208"><ele>1337.0</ele></trkpt>
<trkpt lat="46.04946" lon="7.08158"><ele>1332.0</ele></trkpt>
<trkpt lat="46.04965" lon="7.08137"><ele>1327.0</ele></trkpt>
<trkpt lat="46.04971" lon="7.08090"><ele>1327.0</ele></trkpt>
<trkpt lat="46.04969" lon="7.08042"><ele>1332.0</ele></trkpt>
<trkpt lat="46.04970" lon="7.08001"><ele>1339.0</ele></trkpt>
<trkpt lat="46.04982" lon="7.07971"><ele>1339.0</ele></trkpt>
<trkpt lat="46.04999" lon="7.07933"><ele>1342.0</ele></trkpt>
<trkpt lat="46.05007" lon="7.07879"><ele>1350.0</ele></trkpt>
<trkpt lat="46.05018" lon="7.07843"><ele>1353.0</ele></trkpt>
<trkpt lat="46.05036" lon="7.07795"><ele>1355.0</ele></trkpt>
<trkpt lat="46.05058" lon="7.07743"><ele>1360.0</ele></trkpt>
<trkpt lat="46.05080" lon="7.07709"><ele>1361.0</ele></trkpt>
<trkpt lat="46.05102" lon="7.07681"><ele>1361.5</ele></trkpt>
<trkpt lat="46.05124" lon="7.07654"><ele>1362.0</ele></trkpt>
<trkpt lat="46.05146" lon="7.07603"><ele>1362.0</ele></trkpt>
<trkpt lat="46.05161" lon="7.07571"><ele>1362.0</ele></trkpt>
<trkpt lat="46.05188" lon="7.07534"><ele>1356.0</ele></trkpt>
<trkpt lat="46.05206" lon="7.07502"><ele>1356.0</ele></trkpt>
<trkpt lat="46.05219" lon="7.07465"><ele>1356.0</ele></trkpt>
<trkpt lat="46.05235" lon="7.07411"><ele>1357.0</ele></trkpt>
<trkpt lat="46.05237" lon="7.07363"><ele>1359.0</ele></trkpt>
<trkpt lat="46.05222" lon="7.07323"><ele>1359.0</ele></trkpt>
<trkpt lat="46.05218" lon="7.07269"><ele>1357.5</ele></trkpt>
<trkpt lat="46.05213" lon="7.07235"><ele>1356.0</ele></trkpt>
<trkpt lat="46.05190" lon="7.07200"><ele>1356.0</ele></trkpt>
<trkpt lat="46.05169" lon="7.07167"><ele>1357.0</ele></trkpt>
<trkpt lat="46.05148" lon="7.07142"><ele>1365.0</ele></trkpt>
<trkpt lat="46.05118" lon="7.07110"><ele>1372.0</ele></trkpt>
<trkpt lat="46.05096" lon="7.07085"><ele>1374.0</ele></trkpt>
<trkpt lat="46.05068" lon="7.07054"><ele>1376.0</ele></trkpt>
<trkpt lat="46.05045" lon="7.07021"><ele>1378.0</ele></trkpt>
<trkpt lat="46.05018" lon="7.07002"><ele>1384.0</ele></trkpt>
<trkpt lat="46.04991" lon="7.06982"><ele>1393.0</ele></trkpt>
<trkpt lat="46.04970" lon="7.06959"><ele>1400.0</ele></trkpt>
<trkpt lat="46.04944" lon="7.06919"><ele>1401.0</ele></trkpt>
<trkpt lat="46.04917" lon="7.06881"><ele>1403.0</ele></trkpt>
<trkpt lat="46.04895" lon="7.06854"><ele>1404.0</ele></trkpt>
<trkpt lat="46.04873" lon="7.06826"><ele>1407.5</ele></trkpt>
<trkpt lat="46.04855" lon="7.06805"><ele>1411.0</ele></trkpt>
<trkpt lat="46.04836" lon="7.06778"><ele>1411.0</ele></trkpt>
<trkpt lat="46.04824" lon="7.06745"><ele>1415.0</ele></trkpt>
<trkpt lat="46.04803" lon="7.06722"><ele>1421.0</ele></trkpt>
<trkpt lat="46.04790" lon="7.06684"><ele>1422.0</ele></trkpt>
<trkpt lat="46.04774" lon="7.06650"><ele>1424.0</ele></trkpt>
<trkpt lat="46.04769" lon="7.06602"><ele>1424.0</ele></trkpt>
<trkpt lat="46.04753" lon="7.06577"><ele>1426.0</ele></trkpt>
<trkpt lat="46.04732" lon="7.06563"><ele>1437.0</ele></trkpt>
<trkpt lat="46.04717" lon="7.06534"><ele>1440.0</ele></trkpt>
<trkpt lat="46.04705" lon="7.06503"><ele>1441.0</ele></trkpt>
<trkpt lat="46.04686" lon="7.06482"><ele>1449.0</ele></trkpt>
<trkpt lat="46.04668" lon="7.06457"><ele>1457.0</ele></trkpt>
<trkpt lat="46.04655" lon="7.06429"><ele>1463.0</ele></trkpt>
<trkpt lat="46.04641" lon="7.06402"><ele>1470.0</ele></trkpt>
<trkpt lat="46.04627" lon="7.06370"><ele>1480.0</ele></trkpt>
<trkpt lat="46.04620" lon="7.06311"><ele>1483.0</ele></trkpt>
<trkpt lat="46.04610" lon="7.06278"><ele>1487.0</ele></trkpt>
<trkpt lat="46.04595" lon="7.06238"><ele>1492.0</ele></trkpt>
<trkpt lat="46.04579" lon="7.06212"><ele>1500.0</ele></trkpt>
<trkpt lat="46.04555" lon="7.06195"><ele>1511.0</ele></trkpt>
<trkpt lat="46.04535" lon="7.06171"><ele>1519.0</ele></trkpt>
<trkpt lat="46.04519" lon="7.06146"><ele>1526.0</ele></trkpt>
<trkpt lat="46.04511" lon="7.06112"><ele>1528.0</ele></trkpt>
<trkpt lat="46.04492" lon="7.06093"><ele>1535.0</ele></trkpt>
<trkpt lat="46.04471" lon="7.06075"><ele>1544.0</ele></trkpt>
<trkpt lat="46.04446" lon="7.06070"><ele>1553.0</ele></trkpt>
<trkpt lat="46.04424" lon="7.06080"><ele>1562.0</ele></trkpt>
<trkpt lat="46.04404" lon="7.06047"><ele>1573.0</ele></trkpt>
<trkpt lat="46.04390" lon="7.06021"><ele>1581.0</ele></trkpt>
<trkpt lat="46.04396" lon="7.05988"><ele>1583.0</ele></trkpt>
<trkpt lat="46.04405" lon="7.05956"><ele>1590.0</ele></trkpt>
<trkpt lat="46.04406" lon="7.05921"><ele>1599.0</ele></trkpt>
<trkpt lat="46.04419" lon="7.05889"><ele>1606.0</ele></trkpt>
<trkpt lat="46.04434" lon="7.05848"><ele>1611.0</ele></trkpt>
<trkpt lat="46.04449" lon="7.05822"><ele>1612.0</ele></trkpt>
<trkpt lat="46.04428" lon="7.05806"><ele>1621.0</ele></trkpt>
<trkpt lat="46.04424" lon="7.05753"><ele>1627.0</ele></trkpt>
<trkpt lat="46.04437" lon="7.05724"><ele>1625.0</ele></trkpt>
<trkpt lat="46.04459" lon="7.05711"><ele>1621.0</ele></trkpt>
<trkpt lat="46.04443" lon="7.05684"><ele>1623.0</ele></trkpt>
<trkpt lat="46.04477" lon="7.05655"><ele>1619.0</ele></trkpt>
<trkpt lat="46.04492" lon="7.05626"><ele>1619.0</ele></trkpt>
<trkpt lat="46.04515" lon="7.05611"><ele>1623.5</ele></trkpt>
<trkpt lat="46.04542" lon="7.05614"><ele>1628.0</ele></trkpt>
<trkpt lat="46.04577" lon="7.05622"><ele>1630.0</ele></trkpt>
<trkpt lat="46.04608" lon="7.05624"><ele>1637.0</ele></trkpt>
<trkpt lat="46.04631" lon="7.05658"><ele>1637.0</ele></trkpt>
<trkpt lat="46.04651" lon="7.05677"><ele>1638.0</ele></trkpt>
<trkpt lat="46.04672" lon="7.05691"><ele>1645.0</ele></trkpt>
<trkpt lat="46.04696" lon="7.05710"><ele>1648.0</ele></trkpt>
<trkpt lat="46.04722" lon="7.05721"><ele>1661.0</ele></trkpt>
<trkpt lat="46.04749" lon="7.05734"><ele>1668.0</ele></trkpt>
<trkpt lat="46.04774" lon="7.05729"><ele>1684.0</ele></trkpt>
<trkpt lat="46.04798" lon="7.05728"><ele>1693.0</ele></trkpt>
<trkpt lat="46.04821" lon="7.05739"><ele>1701.0</ele></trkpt>
<trkpt lat="46.04843" lon="7.05749"><ele>1708.0</ele></trkpt>
<trkpt lat="46.04870" lon="7.05751"><ele>1718.0</ele></trkpt>
<trkpt lat="46.04889" lon="7.05769"><ele>1720.0</ele></trkpt>
<trkpt lat="46.04910" lon="7.05792"><ele>1722.0</ele></trkpt>
<trkpt lat="46.04930" lon="7.05812"><ele>1724.0</ele></trkpt>
<trkpt lat="46.04962" lon="7.05826"><ele>1728.0</ele></trkpt>
<trkpt lat="46.04986" lon="7.05825"><ele>1741.0</ele></trkpt>
<trkpt lat="46.04976" lon="7.05795"><ele>1755.0</ele></trkpt>
<trkpt lat="46.04962" lon="7.05758"><ele>1765.0</ele></trkpt>
<trkpt lat="46.04942" lon="7.05736"><ele>1768.0</ele></trkpt>
<trkpt lat="46.04928" lon="7.05710"><ele>1774.0</ele></trkpt>
<trkpt lat="46.04939" lon="7.05674"><ele>1800.0</ele></trkpt>
<trkpt lat="46.04961" lon="7.05660"><ele>1813.0</ele></trkpt>
<trkpt lat="46.04946" lon="7.05631"><ele>1816.0</ele></trkpt>
<trkpt lat="46.04923" lon="7.05617"><ele>1816.0</ele></trkpt>
<trkpt lat="46.04950" lon="7.05591"><ele>1834.0</ele></trkpt>
<trkpt lat="46.04953" lon="7.05549"><ele>1848.0</ele></trkpt>
<trkpt lat="46.04973" lon="7.05534"><ele>1854.0</ele></trkpt>
<trkpt lat="46.04998" lon="7.05537"><ele>1858.0</ele></trkpt>
<trkpt lat="46.05020" lon="7.05551"><ele>1861.0</ele></trkpt>
<trkpt lat="46.05044" lon="7.05561"><ele>1867.0</ele></trkpt>
<trkpt lat="46.05072" lon="7.05567"><ele>1872.0</ele></trkpt>
<trkpt lat="46.05100" lon="7.05574"><ele>1877.0</ele></trkpt>
<trkpt lat="46.05124" lon="7.05574"><ele>1880.0</ele></trkpt>
<trkpt lat="46.05152" lon="7.05585"><ele>1881.0</ele></trkpt>
<trkpt lat="46.05184" lon="7.05588"><ele>1882.0</ele></trkpt>
<trkpt lat="46.05214" lon="7.05602"><ele>1882.0</ele></trkpt>
<trkpt lat="46.05246" lon="7.05619"><ele>1882.0</ele></trkpt>
<trkpt lat="46.05272" lon="7.05612"><ele>1889.0</ele></trkpt>
<trkpt lat="46.05298" lon="7.05609"><ele>1896.0</ele></trkpt>
<trkpt lat="46.05328" lon="7.05601"><ele>1904.0</ele></trkpt>
<trkpt lat="46.05366" lon="7.05582"><ele>1907.0</ele></trkpt>
<trkpt lat="46.05390" lon="7.05567"><ele>1907.0</ele></trkpt>
<trkpt lat="46.05416" lon="7.05555"><ele>1908.0</ele></trkpt>
<trkpt lat="46.05450" lon="7.05548"><ele>1910.0</ele></trkpt>
<trkpt lat="46.05485" lon="7.05552"><ele>1913.0</ele></trkpt>
<trkpt lat="46.05510" lon="7.05549"><ele>1913.0</ele></trkpt>
<trkpt lat="46.05538" lon="7.05541"><ele>1915.0</ele></trkpt>
<trkpt lat="46.05565" lon="7.05532"><ele>1918.0</ele></trkpt>
<trkpt lat="46.05592" lon="7.05513"><ele>1921.0</ele></trkpt>
<trkpt lat="46.05596" lon="7.05478"><ele>1927.0</ele></trkpt>
<trkpt lat="46.05592" lon="7.05436"><ele>1935.0</ele></trkpt>
<trkpt lat="46.05592" lon="7.05386"><ele>1939.0</ele></trkpt>
<trkpt lat="46.05590" lon="7.05349"><ele>1940.0</ele></trkpt>
<trkpt lat="46.05588" lon="7.05311"><ele>1941.0</ele></trkpt>
<trkpt lat="46.05577" lon="7.05255"><ele>1947.0</ele></trkpt>
<trkpt lat="46.05577" lon="7.05205"><ele>1953.0</ele></trkpt>
<trkpt lat="46.05579" lon="7.05154"><ele>1956.0</ele></trkpt>
<trkpt lat="46.05567" lon="7.05117"><ele>1962.0</ele></trkpt>
<trkpt lat="46.05565" lon="7.05082"><ele>1966.0</ele></trkpt>
<trkpt lat="46.05555" lon="7.05040"><ele>1974.0</ele></trkpt>
<trkpt lat="46.05548" lon="7.05009"><ele>1976.0</ele></trkpt>
<trkpt lat="46.05537" lon="7.04972"><ele>1977.0</ele></trkpt>
<trkpt lat="46.05530" lon="7.04940"><ele>1981.0</ele></trkpt>
<trkpt lat="46.05530" lon="7.04893"><ele>1985.0</ele></trkpt>
<trkpt lat="46.05543" lon="7.04865"><ele>1984.0</ele></trkpt>
<trkpt lat="46.05543" lon="7.04822"><ele>1985.0</ele></trkpt>
<trkpt lat="46.05528" lon="7.04767"><ele>1993.0</ele></trkpt>
<trkpt lat="46.05534" lon="7.04718"><ele>1995.0</ele></trkpt>
<trkpt lat="46.05538" lon="7.04672"><ele>2002.0</ele></trkpt>
<trkpt lat="46.05547" lon="7.04639"><ele>2005.0</ele></trkpt>
<trkpt lat="46.05566" lon="7.04621"><ele>2005.0</ele></trkpt>
<trkpt lat="46.05589" lon="7.04624"><ele>2003.0</ele></trkpt>
<trkpt lat="46.05613" lon="7.04611"><ele>2005.0</ele></trkpt>
<trkpt lat="46.05635" lon="7.04589"><ele>2009.0</ele></trkpt>
<trkpt lat="46.05647" lon="7.04560"><ele>2017.0</ele></trkpt>
<trkpt lat="46.05669" lon="7.04530"><ele>2019.0</ele></trkpt>
<trkpt lat="46.05683" lon="7.04504"><ele>2020.0</ele></trkpt>
<trkpt lat="46.05703" lon="7.04479"><ele>2025.0</ele></trkpt>
<trkpt lat="46.05728" lon="7.04457"><ele>2025.0</ele></trkpt>
<trkpt lat="46.05754" lon="7.04449"><ele>2024.0</ele></trkpt>
<trkpt lat="46.05737" lon="7.04424"><ele>2033.0</ele></trkpt>
<trkpt lat="46.05723" lon="7.04379"><ele>2042.0</ele></trkpt>
<trkpt lat="46.05729" lon="7.04343"><ele>2042.0</ele></trkpt>
<trkpt lat="46.05751" lon="7.04307"><ele>2034.0</ele></trkpt>
<trkpt lat="46.05753" lon="7.04257"><ele>2040.0</ele></trkpt>
<trkpt lat="46.05762" lon="7.04212"><ele>2040.0</ele></trkpt>
<trkpt lat="46.05785" lon="7.04174"><ele>2026.0</ele></trkpt>
<trkpt lat="46.05788" lon="7.04140"><ele>2025.0</ele></trkpt>
<trkpt lat="46.05787" lon="7.04086"><ele>2023.0</ele></trkpt>
<trkpt lat="46.05771" lon="7.04040"><ele>2022.5</ele></trkpt>
<trkpt lat="46.05756" lon="7.04013"><ele>2022.0</ele></trkpt>
<trkpt lat="46.05745" lon="7.03981"><ele>2019.0</ele></trkpt>
<trkpt lat="46.05748" lon="7.03934"><ele>2004.0</ele></trkpt>
<trkpt lat="46.05755" lon="7.03899"><ele>1993.0</ele></trkpt>
<trkpt lat="46.05759" lon="7.03855"><ele>1988.0</ele></trkpt>
<trkpt lat="46.05764" lon="7.03819"><ele>1981.0</ele></trkpt>
<trkpt lat="46.05763" lon="7.03773"><ele>1974.0</ele></trkpt>
<trkpt lat="46.05766" lon="7.03736"><ele>1967.0</ele></trkpt>
<trkpt lat="46.05765" lon="7.03696"><ele>1963.0</ele></trkpt>
<trkpt lat="46.05768" lon="7.03661"><ele>1952.0</ele></trkpt>
<trkpt lat="46.05769" lon="7.03621"><ele>1940.0</ele></trkpt>
<trkpt lat="46.05753" lon="7.03575"><ele>1929.0</ele></trkpt>
<trkpt lat="46.05727" lon="7.03553"><ele>1928.0</ele></trkpt>
<trkpt lat="46.05701" lon="7.03543"><ele>1927.0</ele></trkpt>
<trkpt lat="46.05675" lon="7.03539"><ele>1926.0</ele></trkpt>
<trkpt lat="46.05647" lon="7.03528"><ele>1915.0</ele></trkpt>
<trkpt lat="46.05613" lon="7.03498"><ele>1903.0</ele></trkpt>
<trkpt lat="46.05593" lon="7.03471"><ele>1898.0</ele></trkpt>
<trkpt lat="46.05581" lon="7.03425"><ele>1889.5</ele></trkpt>
<trkpt lat="46.05588" lon="7.03373"><ele>1884.0</ele></trkpt>
<trkpt lat="46.05555" lon="7.03360"><ele>1883.0</ele></trkpt>
<trkpt lat="46.05529" lon="7.03368"><ele>1884.0</ele></trkpt>
<trkpt lat="46.05505" lon="7.03371"><ele>1885.0</ele></trkpt>
<trkpt lat="46.05520" lon="7.03344"><ele>1880.0</ele></trkpt>
<trkpt lat="46.05550" lon="7.03316"><ele>1876.0</ele></trkpt>
<trkpt lat="46.05577" lon="7.03278"><ele>1873.0</ele></trkpt>
<trkpt lat="46.05596" lon="7.03255"><ele>1871.0</ele></trkpt>
<trkpt lat="46.05608" lon="7.03226"><ele>1868.0</ele></trkpt>
<trkpt lat="46.05633" lon="7.03175"><ele>1861.0</ele></trkpt>
<trkpt lat="46.05640" lon="7.03143"><ele>1857.0</ele></trkpt>
<trkpt lat="46.05653" lon="7.03115"><ele>1856.0</ele></trkpt>
<trkpt lat="46.05663" lon="7.03083"><ele>1856.0</ele></trkpt>
<trkpt lat="46.05674" lon="7.03052"><ele>1856.0</ele></trkpt>
<trkpt lat="46.05695" lon="7.03014"><ele>1856.0</ele></trkpt>
<trkpt lat="46.05717" lon="7.02990"><ele>1855.0</ele></trkpt>
<trkpt lat="46.05737" lon="7.02971"><ele>1854.0</ele></trkpt>
<trkpt lat="46.05772" lon="7.02944"><ele>1850.5</ele></trkpt>
<trkpt lat="46.05801" lon="7.02930"><ele>1847.0</ele></trkpt>
<trkpt lat="46.05821" lon="7.02902"><ele>1844.0</ele></trkpt>
<trkpt lat="46.05833" lon="7.02846"><ele>1843.0</ele></trkpt>
<trkpt lat="46.05845" lon="7.02802"><ele>1835.0</ele></trkpt>
<trkpt lat="46.05846" lon="7.02750"><ele>1828.0</ele></trkpt>
<trkpt lat="46.05849" lon="7.02706"><ele>1816.0</ele></trkpt>
<trkpt lat="46.05839" lon="7.02668"><ele>1808.0</ele></trkpt>
<trkpt lat="46.05817" lon="7.02624"><ele>1800.0</ele></trkpt>
<trkpt lat="46.05798" lon="7.02590"><ele>1793.0</ele></trkpt>
<trkpt lat="46.05788" lon="7.02552"><ele>1777.0</ele></trkpt>
<trkpt lat="46.05768" lon="7.02537"><ele>1772.0</ele></trkpt>
<trkpt lat="46.05747" lon="7.02518"><ele>1769.0</ele></trkpt>
<trkpt lat="46.05721" lon="7.02502"><ele>1761.0</ele></trkpt>
<trkpt lat="46.05683" lon="7.02482"><ele>1750.0</ele></trkpt>
<trkpt lat="46.05650" lon="7.02474"><ele>1747.0</ele></trkpt>
<trkpt lat="46.05625" lon="7.02470"><ele>1745.0</ele></trkpt>
<trkpt lat="46.05596" lon="7.02438"><ele>1742.0</ele></trkpt>
<trkpt lat="46.05583" lon="7.02397"><ele>1738.0</ele></trkpt>
<trkpt lat="46.05577" lon="7.02349"><ele>1735.0</ele></trkpt>
<trkpt lat="46.05576" lon="7.02314"><ele>1732.0</ele></trkpt>
<trkpt lat="46.05583" lon="7.02264"><ele>1727.0</ele></trkpt>
<trkpt lat="46.05583" lon="7.02229"><ele>1726.0</ele></trkpt>
<trkpt lat="46.05589" lon="7.02190"><ele>1724.0</ele></trkpt>
<trkpt lat="46.05602" lon="7.02149"><ele>1724.0</ele></trkpt>
<trkpt lat="46.05615" lon="7.02119"><ele>1723.0</ele></trkpt>
<trkpt lat="46.05630" lon="7.02086"><ele>1721.0</ele></trkpt>
<trkpt lat="46.05649" lon="7.02055"><ele>1716.0</ele></trkpt>
<trkpt lat="46.05669" lon="7.02023"><ele>1708.0</ele></trkpt>
<trkpt lat="46.05675" lon="7.01991"><ele>1708.0</ele></trkpt>
<trkpt lat="46.05673" lon="7.01954"><ele>1710.0</ele></trkpt>
<trkpt lat="46.05691" lon="7.01898"><ele>1702.0</ele></trkpt>
<trkpt lat="46.05722" lon="7.01862"><ele>1683.0</ele></trkpt>
<trkpt lat="46.05732" lon="7.01827"><ele>1680.0</ele></trkpt>
<trkpt lat="46.05732" lon="7.01783"><ele>1678.0</ele></trkpt>
<trkpt lat="46.05732" lon="7.01739"><ele>1676.0</ele></trkpt>
<trkpt lat="46.05732" lon="7.01694"><ele>1668.0</ele></trkpt>
<trkpt lat="46.05736" lon="7.01653"><ele>1660.0</ele></trkpt>
<trkpt lat="46.05735" lon="7.01616"><ele>1653.0</ele></trkpt>
<trkpt lat="46.05727" lon="7.01568"><ele>1653.0</ele></trkpt>
<trkpt lat="46.05714" lon="7.01538"><ele>1654.0</ele></trkpt>
<trkpt lat="46.05714" lon="7.01497"><ele>1656.0</ele></trkpt>
<trkpt lat="46.05704" lon="7.01463"><ele>1661.0</ele></trkpt>
<trkpt lat="46.05711" lon="7.01431"><ele>1652.0</ele></trkpt>
<trkpt lat="46.05732" lon="7.01397"><ele>1636.0</ele></trkpt>
<trkpt lat="46.05739" lon="7.01351"><ele>1633.0</ele></trkpt>
<trkpt lat="46.05740" lon="7.01312"><ele>1630.0</ele></trkpt>
<trkpt lat="46.05736" lon="7.01268"><ele>1628.5</ele></trkpt>
<trkpt lat="46.05730" lon="7.01220"><ele>1623.0</ele></trkpt>
<trkpt lat="46.05719" lon="7.01190"><ele>1623.0</ele></trkpt>
<trkpt lat="46.05717" lon="7.01156"><ele>1616.0</ele></trkpt>
<trkpt lat="46.05724" lon="7.01120"><ele>1603.0</ele></trkpt>
<trkpt lat="46.05729" lon="7.01076"><ele>1593.0</ele></trkpt>
<trkpt lat="46.05742" lon="7.01045"><ele>1587.0</ele></trkpt>
<trkpt lat="46.05760" lon="7.01017"><ele>1581.0</ele></trkpt>
<trkpt lat="46.05776" lon="7.00977"><ele>1579.0</ele></trkpt>
<trkpt lat="46.05779" lon="7.00925"><ele>1579.0</ele></trkpt>
<trkpt lat="46.05780" lon="7.00885"><ele>1578.5</ele></trkpt>
<trkpt lat="46.05773" lon="7.00848"><ele>1578.0</ele></trkpt>
<trkpt lat="46.05776" lon="7.00806"><ele>1572.0</ele></trkpt>
<trkpt lat="46.05783" lon="7.00766"><ele>1560.0</ele></trkpt>
<trkpt lat="46.05777" lon="7.00722"><ele>1557.0</ele></trkpt>
<trkpt lat="46.05777" lon="7.00681"><ele>1549.0</ele></trkpt>
<trkpt lat="46.05770" lon="7.00630"><ele>1543.0</ele></trkpt>
<trkpt lat="46.05752" lon="7.00591"><ele>1541.0</ele></trkpt>
<trkpt lat="46.05753" lon="7.00547"><ele>1537.0</ele></trkpt>
<trkpt lat="46.05749" lon="7.00507"><ele>1532.0</ele></trkpt>
<trkpt lat="46.05749" lon="7.00459"><ele>1532.0</ele></trkpt>
<trkpt lat="46.05741" lon="7.00419"><ele>1533.0</ele></trkpt>
<trkpt lat="46.05742" lon="7.00385"><ele>1534.0</ele></trkpt>
<trkpt lat="46.05734" lon="7.00342"><ele>1534.0</ele></trkpt>
<trkpt lat="46.05751" lon="7.00312"><ele>1527.0</ele></trkpt>
<trkpt lat="46.05766" lon="7.00265"><ele>1527.0</ele></trkpt>
<trkpt lat="46.05764" lon="7.00226"><ele>1531.0</ele></trkpt>
<trkpt lat="46.05760" lon="7.00186"><ele>1535.0</ele></trkpt>
<trkpt lat="46.05742" lon="7.00163"><ele>1537.0</ele></trkpt>
<trkpt lat="46.05718" lon="7.00164"><ele>1537.0</ele></trkpt>
<trkpt lat="46.05701" lon="7.00127"><ele>1534.0</ele></trkpt>
<trkpt lat="46.05706" lon="7.00089"><ele>1529.0</ele></trkpt>
<trkpt lat="46.05680" lon="7.00071"><ele>1527.0</ele></trkpt>
<trkpt lat="46.05651" lon="7.00088"><ele>1528.0</ele></trkpt>
<trkpt lat="46.05610" lon="7.00062"><ele>1526.0</ele></trkpt>
<trkpt lat="46.05591" lon="7.00045"><ele>1520.5</ele></trkpt>
<trkpt lat="46.05572" lon="7.00027"><ele>1515.0</ele></trkpt>
<trkpt lat="46.05534" lon="7.00020"><ele>1514.0</ele></trkpt>
<trkpt lat="46.05503" lon="7.00042"><ele>1521.0</ele></trkpt>
<trkpt lat="46.05484" lon="7.00060"><ele>1533.0</ele></trkpt>
<trkpt lat="46.05444" lon="7.00061"><ele>1535.0</ele></trkpt>
<trkpt lat="46.05412" lon="7.00062"><ele>1535.0</ele></trkpt>
<trkpt lat="46.05387" lon="7.00064"><ele>1535.0</ele></trkpt>
<trkpt lat="46.05347" lon="7.00066"><ele>1539.0</ele></trkpt>
<trkpt lat="46.05317" lon="7.00073"><ele>1545.0</ele></trkpt>
<trkpt lat="46.05290" lon="7.00085"><ele>1551.0</ele></trkpt>
<trkpt lat="46.05300" lon="7.00053"><ele>1536.0</ele></trkpt>
<trkpt lat="46.05268" lon="7.00017"><ele>1510.0</ele></trkpt>
<trkpt lat="46.05286" lon="6.99994"><ele>1498.0</ele></trkpt>
<trkpt lat="46.05268" lon="6.99974"><ele>1486.0</ele></trkpt>
<trkpt lat="46.05301" lon="6.99939"><ele>1474.0</ele></trkpt>
<trkpt lat="46.05322" lon="6.99927"><ele>1470.0</ele></trkpt>
<trkpt lat="46.05300" lon="6.99918"><ele>1463.0</ele></trkpt>
<trkpt lat="46.05290" lon="6.99887"><ele>1450.0</ele></trkpt>
<trkpt lat="46.05293" lon="6.99850"><ele>1432.0</ele></trkpt>
<trkpt lat="46.05286" lon="6.99817"><ele>1415.0</ele></trkpt>
<trkpt lat="46.05267" lon="6.99798"><ele>1405.0</ele></trkpt>
<trkpt lat="46.05268" lon="6.99765"><ele>1391.0</ele></trkpt>
<trkpt lat="46.05264" lon="6.99728"><ele>1374.0</ele></trkpt>
<trkpt lat="46.05285" lon="6.99715"><ele>1370.0</ele></trkpt>
<trkpt lat="46.05315" lon="6.99735"><ele>1369.0</ele></trkpt>
<trkpt lat="46.05341" lon="6.99737"><ele>1368.0</ele></trkpt>
<trkpt lat="46.05366" lon="6.99731"><ele>1363.0</ele></trkpt>
<trkpt lat="46.05399" lon="6.99726"><ele>1357.0</ele></trkpt>
<trkpt lat="46.05424" lon="6.99722"><ele>1352.0</ele></trkpt>
<trkpt lat="46.05456" lon="6.99714"><ele>1347.0</ele></trkpt>
<trkpt lat="46.05479" lon="6.99708"><ele>1339.0</ele></trkpt>
<trkpt lat="46.05503" lon="6.99712"><ele>1337.0</ele></trkpt>
<trkpt lat="46.05529" lon="6.99693"><ele>1328.0</ele></trkpt>
<trkpt lat="46.05553" lon="6.99684"><ele>1325.0</ele></trkpt>
<trkpt lat="46.05590" lon="6.99670"><ele>1318.0</ele></trkpt>
<trkpt lat="46.05621" lon="6.99664"><ele>1315.0</ele></trkpt>
<trkpt lat="46.05649" lon="6.99666"><ele>1311.0</ele></trkpt>
<trkpt lat="46.05686" lon="6.99640"><ele>1306.0</ele></trkpt>
<trkpt lat="46.05700" lon="6.99603"><ele>1302.0</ele></trkpt>
<trkpt lat="46.05691" lon="6.99570"><ele>1296.0</ele></trkpt>
<trkpt lat="46.05666" lon="6.99572"><ele>1296.0</ele></trkpt>
<trkpt lat="46.05647" lon="6.99538"><ele>1297.0</ele></trkpt>
<trkpt lat="46.05624" lon="6.99536"><ele>1300.0</ele></trkpt>
<trkpt lat="46.05607" lon="6.99560"><ele>1301.0</ele></trkpt>
<trkpt lat="46.05614" lon="6.99517"><ele>1303.0</ele></trkpt>
<trkpt lat="46.05583" lon="6.99486"><ele>1303.0</ele></trkpt>
<trkpt lat="46.05542" lon="6.99489"><ele>1303.0</ele></trkpt>
<trkpt lat="46.05500" lon="6.99490"><ele>1304.0</ele></trkpt>
<trkpt lat="46.05524" lon="6.99490"><ele>1304.0</ele></trkpt>
<trkpt lat="46.05548" lon="6.99488"><ele>1303.5</ele></trkpt>
<trkpt lat="46.05573" lon="6.99486"><ele>1303.0</ele></trkpt>
<trkpt lat="46.05609" lon="6.99488"><ele>1300.0</ele></trkpt>
<trkpt lat="46.05634" lon="6.99488"><ele>1296.0</ele></trkpt>
<trkpt lat="46.05658" lon="6.99458"><ele>1290.0</ele></trkpt>
<trkpt lat="46.05653" lon="6.99419"><ele>1290.0</ele></trkpt>
<trkpt lat="46.05626" lon="6.99395"><ele>1293.5</ele></trkpt>
<trkpt lat="46.05589" lon="6.99388"><ele>1297.0</ele></trkpt>
<trkpt lat="46.05566" lon="6.99380"><ele>1299.5</ele></trkpt>
<trkpt lat="46.05533" lon="6.99370"><ele>1301.0</ele></trkpt>
<trkpt lat="46.05496" lon="6.99376"><ele>1301.0</ele></trkpt>
<trkpt lat="46.05466" lon="6.99373"><ele>1301.0</ele></trkpt>
<trkpt lat="46.05423" lon="6.99367"><ele>1301.0</ele></trkpt>
<trkpt lat="46.05379" lon="6.99372"><ele>1300.0</ele></trkpt>
<trkpt lat="46.05355" lon="6.99381"><ele>1300.0</ele></trkpt>
<trkpt lat="46.05319" lon="6.99382"><ele>1300.0</ele></trkpt>
<trkpt lat="46.05288" lon="6.99390"><ele>1302.0</ele></trkpt>
<trkpt lat="46.05254" lon="6.99417"><ele>1303.0</ele></trkpt>
<trkpt lat="46.05230" lon="6.99403"><ele>1304.0</ele></trkpt>
<trkpt lat="46.05197" lon="6.99423"><ele>1304.0</ele></trkpt>
<trkpt lat="46.05174" lon="6.99430"><ele>1305.0</ele></trkpt>
<trkpt lat="46.05137" lon="6.99432"><ele>1307.0</ele></trkpt>
<trkpt lat="46.05097" lon="6.99430"><ele>1309.0</ele></trkpt>
<trkpt lat="46.05060" lon="6.99419"><ele>1311.0</ele></trkpt>
<trkpt lat="46.05026" lon="6.99417"><ele>1313.0</ele></trkpt>
<trkpt lat="46.04998" lon="6.99419"><ele>1315.0</ele></trkpt>
<trkpt lat="46.04964" lon="6.99416"><ele>1317.0</ele></trkpt>
<trkpt lat="46.04927" lon="6.99419"><ele>1319.0</ele></trkpt>
<trkpt lat="46.04901" lon="6.99419"><ele>1321.0</ele></trkpt>
<trkpt lat="46.04875" lon="6.99419"><ele>1323.0</ele></trkpt>
<trkpt lat="46.04845" lon="6.99418"><ele>1324.0</ele></trkpt>
<trkpt lat="46.04818" lon="6.99438"><ele>1324.5</ele></trkpt>
<trkpt lat="46.04792" lon="6.99460"><ele>1326.0</ele></trkpt>
<trkpt lat="46.04769" lon="6.99468"><ele>1327.0</ele></trkpt>
<trkpt lat="46.04738" lon="6.99460"><ele>1328.0</ele></trkpt>
<trkpt lat="46.04711" lon="6.99453"><ele>1329.0</ele></trkpt>
<trkpt lat="46.04682" lon="6.99460"><ele>1329.0</ele></trkpt>
<trkpt lat="46.04653" lon="6.99477"><ele>1330.0</ele></trkpt>
<trkpt lat="46.04648" lon="6.99432"><ele>1331.0</ele></trkpt>
<trkpt lat="46.04628" lon="6.99406"><ele>1333.0</ele></trkpt>
<trkpt lat="46.04597" lon="6.99417"><ele>1335.0</ele></trkpt>
<trkpt lat="46.04568" lon="6.99407"><ele>1337.0</ele></trkpt>
<trkpt lat="46.04551" lon="6.99370"><ele>1340.0</ele></trkpt>
<trkpt lat="46.04535" lon="6.99325"><ele>1344.0</ele></trkpt>
<trkpt lat="46.04518" lon="6.99300"><ele>1348.0</ele></trkpt>
<trkpt lat="46.04500" lon="6.99278"><ele>1351.0</ele></trkpt>
<trkpt lat="46.04488" lon="6.99244"><ele>1355.0</ele></trkpt>
<trkpt lat="46.04499" lon="6.99207"><ele>1361.0</ele></trkpt>
<trkpt lat="46.04514" lon="6.99176"><ele>1365.0</ele></trkpt>
<trkpt lat="46.04530" lon="6.99149"><ele>1369.0</ele></trkpt>
<trkpt lat="46.04554" lon="6.99116"><ele>1374.0</ele></trkpt>
<trkpt lat="46.04533" lon="6.99097"><ele>1380.0</ele></trkpt>
<trkpt lat="46.04513" lon="6.99078"><ele>1388.0</ele></trkpt>
<trkpt lat="46.04494" lon="6.99055"><ele>1399.0</ele></trkpt>
<trkpt lat="46.04511" lon="6.99026"><ele>1407.0</ele></trkpt>
<trkpt lat="46.04524" lon="6.98995"><ele>1416.0</ele></trkpt>
<trkpt lat="46.04543" lon="6.98973"><ele>1430.0</ele></trkpt>
<trkpt lat="46.04537" lon="6.98936"><ele>1450.0</ele></trkpt>
<trkpt lat="46.04525" lon="6.98906"><ele>1461.0</ele></trkpt>
<trkpt lat="46.04540" lon="6.98880"><ele>1479.0</ele></trkpt>
<trkpt lat="46.04540" lon="6.98846"><ele>1501.0</ele></trkpt>
<trkpt lat="46.04558" lon="6.98816"><ele>1523.0</ele></trkpt>
<trkpt lat="46.04568" lon="6.98784"><ele>1541.0</ele></trkpt>
<trkpt lat="46.04599" lon="6.98771"><ele>1558.0</ele></trkpt>
<trkpt lat="46.04626" lon="6.98768"><ele>1566.0</ele></trkpt>
<trkpt lat="46.04603" lon="6.98732"><ele>1581.0</ele></trkpt>
<trkpt lat="46.04584" lon="6.98703"><ele>1593.0</ele></trkpt>
<trkpt lat="46.04566" lon="6.98681"><ele>1600.0</ele></trkpt>
<trkpt lat="46.04580" lon="6.98648"><ele>1623.0</ele></trkpt>
<trkpt lat="46.04605" lon="6.98638"><ele>1630.0</ele></trkpt>
<trkpt lat="46.04598" lon="6.98599"><ele>1647.0</ele></trkpt>
<trkpt lat="46.04574" lon="6.98587"><ele>1649.0</ele></trkpt>
<trkpt lat="46.04591" lon="6.98555"><ele>1668.0</ele></trkpt>
<trkpt lat="46.04609" lon="6.98535"><ele>1678.0</ele></trkpt>
<trkpt lat="46.04587" lon="6.98527"><ele>1680.0</ele></trkpt>
<trkpt lat="46.04570" lon="6.98504"><ele>1688.0</ele></trkpt>
<trkpt lat="46.04590" lon="6.98480"><ele>1705.0</ele></trkpt>
<trkpt lat="46.04580" lon="6.98445"><ele>1720.0</ele></trkpt>
<trkpt lat="46.04563" lon="6.98421"><ele>1728.0</ele></trkpt>
<trkpt lat="46.04562" lon="6.98384"><ele>1744.0</ele></trkpt>
<trkpt lat="46.04569" lon="6.98350"><ele>1760.0</ele></trkpt>
<trkpt lat="46.04573" lon="6.98314"><ele>1778.0</ele></trkpt>
<trkpt lat="46.04566" lon="6.98280"><ele>1790.0</ele></trkpt>
<trkpt lat="46.04546" lon="6.98242"><ele>1804.0</ele></trkpt>
<trkpt lat="46.04568" lon="6.98229"><ele>1814.0</ele></trkpt>
<trkpt lat="46.04602" lon="6.98238"><ele>1820.0</ele></trkpt>
<trkpt lat="46.04598" lon="6.98203"><ele>1834.0</ele></trkpt>
<trkpt lat="46.04578" lon="6.98179"><ele>1847.0</ele></trkpt>
<trkpt lat="46.04576" lon="6.98144"><ele>1861.0</ele></trkpt>
<trkpt lat="46.04600" lon="6.98139"><ele>1866.0</ele></trkpt>
<trkpt lat="46.04626" lon="6.98128"><ele>1874.0</ele></trkpt>
<trkpt lat="46.04645" lon="6.98110"><ele>1885.0</ele></trkpt>
<trkpt lat="46.04673" lon="6.98112"><ele>1891.0</ele></trkpt>
<trkpt lat="46.04685" lon="6.98080"><ele>1903.0</ele></trkpt>
<trkpt lat="46.04711" lon="6.98084"><ele>1904.0</ele></trkpt>
<trkpt lat="46.04708" lon="6.98049"><ele>1914.0</ele></trkpt>
<trkpt lat="46.04712" lon="6.98016"><ele>1925.0</ele></trkpt>
<trkpt lat="46.04730" lon="6.97990"><ele>1932.0</ele></trkpt>
<trkpt lat="46.04751" lon="6.97952"><ele>1941.0</ele></trkpt>
<trkpt lat="46.04772" lon="6.97936"><ele>1947.0</ele></trkpt>
<trkpt lat="46.04800" lon="6.97933"><ele>1949.0</ele></trkpt>
<trkpt lat="46.04829" lon="6.97928"><ele>1951.0</ele></trkpt>
<trkpt lat="46.04853" lon="6.97907"><ele>1962.0</ele></trkpt>
<trkpt lat="46.04885" lon="6.97902"><ele>1965.0</ele></trkpt>
<trkpt lat="46.04914" lon="6.97887"><ele>1972.0</ele></trkpt>
<trkpt lat="46.04944" lon="6.97871"><ele>1978.0</ele></trkpt>
<trkpt lat="46.04954" lon="6.97832"><ele>1985.0</ele></trkpt>
<trkpt lat="46.04959" lon="6.97798"><ele>1989.0</ele></trkpt>
<trkpt lat="46.04945" lon="6.97761"><ele>1994.0</ele></trkpt>
<trkpt lat="46.04930" lon="6.97732"><ele>1996.0</ele></trkpt>
<trkpt lat="46.04912" lon="6.97708"><ele>1999.0</ele></trkpt>
<trkpt lat="46.04895" lon="6.97673"><ele>2005.0</ele></trkpt>
<trkpt lat="46.04869" lon="6.97642"><ele>2009.0</ele></trkpt>
<trkpt lat="46.04847" lon="6.97624"><ele>2013.0</ele></trkpt>
<trkpt lat="46.04832" lon="6.97599"><ele>2016.0</ele></trkpt>
<trkpt lat="46.04816" lon="6.97575"><ele>2020.0</ele></trkpt>
<trkpt lat="46.04790" lon="6.97546"><ele>2026.0</ele></trkpt>
<trkpt lat="46.04774" lon="6.97519"><ele>2028.0</ele></trkpt>
<trkpt lat="46.04755" lon="6.97490"><ele>2030.0</ele></trkpt>
<trkpt lat="46.04735" lon="6.97452"><ele>2030.0</ele></trkpt>
<trkpt lat="46.04716" lon="6.97405"><ele>2029.0</ele></trkpt>
<trkpt lat="46.04696" lon="6.97370"><ele>2029.0</ele></trkpt>
<trkpt lat="46.04661" lon="6.97339"><ele>2029.0</ele></trkpt>
<trkpt lat="46.04635" lon="6.97315"><ele>2029.0</ele></trkpt>
<trkpt lat="46.04601" lon="6.97280"><ele>2029.0</ele></trkpt>
<trkpt lat="46.04561" lon="6.97261"><ele>2029.0</ele></trkpt>
<trkpt lat="46.04523" lon="6.97242"><ele>2033.0</ele></trkpt>
<trkpt lat="46.04492" lon="6.97215"><ele>2033.0</ele></trkpt>
<trkpt lat="46.04473" lon="6.97186"><ele>2034.0</ele></trkpt>
<trkpt lat="46.04453" lon="6.97158"><ele>2034.0</ele></trkpt>
<trkpt lat="46.04424" lon="6.97129"><ele>2034.0</ele></trkpt>
<trkpt lat="46.04398" lon="6.97118"><ele>2034.0</ele></trkpt>
<trkpt lat="46.04369" lon="6.97117"><ele>2036.0</ele></trkpt>
<trkpt lat="46.04343" lon="6.97119"><ele>2040.0</ele></trkpt>
<trkpt lat="46.04316" lon="6.97131"><ele>2046.0</ele></trkpt>
<trkpt lat="46.04284" lon="6.97154"><ele>2054.0</ele></trkpt>
<trkpt lat="46.04241" lon="6.97178"><ele>2062.0</ele></trkpt>
<trkpt lat="46.04221" lon="6.97194"><ele>2067.0</ele></trkpt>
<trkpt lat="46.04197" lon="6.97202"><ele>2068.0</ele></trkpt>
<trkpt lat="46.04170" lon="6.97197"><ele>2068.0</ele></trkpt>
<trkpt lat="46.04141" lon="6.97173"><ele>2068.0</ele></trkpt>
<trkpt lat="46.04121" lon="6.97158"><ele>2068.0</ele></trkpt>
<trkpt lat="46.04102" lon="6.97138"><ele>2066.0</ele></trkpt>
<trkpt lat="46.04086" lon="6.97112"><ele>2064.0</ele></trkpt>
<trkpt lat="46.04057" lon="6.97085"><ele>2058.0</ele></trkpt>
<trkpt lat="46.04056" lon="6.97047"><ele>2051.0</ele></trkpt>
<trkpt lat="46.04027" lon="6.97028"><ele>2042.0</ele></trkpt>
<trkpt lat="46.04003" lon="6.97031"><ele>2036.0</ele></trkpt>
<trkpt lat="46.03981" lon="6.97048"><ele>2036.0</ele></trkpt>
<trkpt lat="46.03950" lon="6.97059"><ele>2033.0</ele></trkpt>
<trkpt lat="46.03910" lon="6.97054"><ele>2025.0</ele></trkpt>
<trkpt lat="46.03904" lon="6.97011"><ele>2015.0</ele></trkpt>
<trkpt lat="46.03906" lon="6.96978"><ele>2010.0</ele></trkpt>
<trkpt lat="46.03912" lon="6.96944"><ele>2008.0</ele></trkpt>
<trkpt lat="46.03943" lon="6.96940"><ele>2008.0</ele></trkpt>
<trkpt lat="46.03963" lon="6.96913"><ele>2008.0</ele></trkpt>
<trkpt lat="46.03984" lon="6.96899"><ele>2006.0</ele></trkpt>
<trkpt lat="46.03980" lon="6.96858"><ele>1994.0</ele></trkpt>
<trkpt lat="46.03953" lon="6.96833"><ele>1990.0</ele></trkpt>
<trkpt lat="46.03937" lon="6.96805"><ele>1983.0</ele></trkpt>
<trkpt lat="46.03929" lon="6.96765"><ele>1970.0</ele></trkpt>
<trkpt lat="46.03953" lon="6.96756"><ele>1963.0</ele></trkpt>
<trkpt lat="46.03981" lon="6.96777"><ele>1963.0</ele></trkpt>
<trkpt lat="46.03972" lon="6.96739"><ele>1948.0</ele></trkpt>
<trkpt lat="46.03952" lon="6.96713"><ele>1944.0</ele></trkpt>
<trkpt lat="46.03981" lon="6.96708"><ele>1933.0</ele></trkpt>
<trkpt lat="46.04011" lon="6.96711"><ele>1929.0</ele></trkpt>
<trkpt lat="46.04033" lon="6.96698"><ele>1924.0</ele></trkpt>
<trkpt lat="46.04034" lon="6.96658"><ele>1908.0</ele></trkpt>
<trkpt lat="46.04015" lon="6.96638"><ele>1901.0</ele></trkpt>
<trkpt lat="46.04013" lon="6.96587"><ele>1888.0</ele></trkpt>
<trkpt lat="46.04022" lon="6.96550"><ele>1882.0</ele></trkpt>
<trkpt lat="46.04044" lon="6.96528"><ele>1877.0</ele></trkpt>
<trkpt lat="46.04075" lon="6.96529"><ele>1876.0</ele></trkpt>
<trkpt lat="46.04101" lon="6.96546"><ele>1874.0</ele></trkpt>
<trkpt lat="46.04100" lon="6.96505"><ele>1863.0</ele></trkpt>
<trkpt lat="46.04125" lon="6.96494"><ele>1852.5</ele></trkpt>
<trkpt lat="46.04149" lon="6.96492"><ele>1844.0</ele></trkpt>
<trkpt lat="46.04168" lon="6.96510"><ele>1844.0</ele></trkpt>
<trkpt lat="46.04193" lon="6.96502"><ele>1833.0</ele></trkpt>
<trkpt lat="46.04218" lon="6.96485"><ele>1821.0</ele></trkpt>
<trkpt lat="46.04242" lon="6.96488"><ele>1815.0</ele></trkpt>
<trkpt lat="46.04274" lon="6.96494"><ele>1810.0</ele></trkpt>
<trkpt lat="46.04277" lon="6.96445"><ele>1796.0</ele></trkpt>
<trkpt lat="46.04258" lon="6.96422"><ele>1796.0</ele></trkpt>
<trkpt lat="46.04229" lon="6.96417"><ele>1800.0</ele></trkpt>
<trkpt lat="46.04238" lon="6.96375"><ele>1796.0</ele></trkpt>
<trkpt lat="46.04243" lon="6.96331"><ele>1792.0</ele></trkpt>
<trkpt lat="46.04241" lon="6.96292"><ele>1792.0</ele></trkpt>
<trkpt lat="46.04250" lon="6.96258"><ele>1791.0</ele></trkpt>
<trkpt lat="46.04274" lon="6.96216"><ele>1786.0</ele></trkpt>
<trkpt lat="46.04293" lon="6.96172"><ele>1778.0</ele></trkpt>
<trkpt lat="46.04301" lon="6.96128"><ele>1777.0</ele></trkpt>
<trkpt lat="46.04291" lon="6.96092"><ele>1777.0</ele></trkpt>
<trkpt lat="46.04279" lon="6.96060"><ele>1779.0</ele></trkpt>
<trkpt lat="46.04262" lon="6.96013"><ele>1779.0</ele></trkpt>
<trkpt lat="46.04258" lon="6.95971"><ele>1776.0</ele></trkpt>
<trkpt lat="46.04253" lon="6.95934"><ele>1773.0</ele></trkpt>
<trkpt lat="46.04248" lon="6.95884"><ele>1769.0</ele></trkpt>
<trkpt lat="46.04243" lon="6.95850"><ele>1767.0</ele></trkpt>
<trkpt lat="46.04233" lon="6.95815"><ele>1767.0</ele></trkpt>
<trkpt lat="46.04214" lon="6.95753"><ele>1764.5</ele></trkpt>
<trkpt lat="46.04202" lon="6.95718"><ele>1764.0</ele></trkpt>
<trkpt lat="46.04197" lon="6.95677"><ele>1759.0</ele></trkpt>
<trkpt lat="46.04222" lon="6.95695"><ele>1755.0</ele></trkpt>
<trkpt lat="46.04249" lon="6.95700"><ele>1745.0</ele></trkpt>
<trkpt lat="46.04264" lon="6.95727"><ele>1740.0</ele></trkpt>
<trkpt lat="46.04266" lon="6.95680"><ele>1732.0</ele></trkpt>
<trkpt lat="46.04274" lon="6.95641"><ele>1717.0</ele></trkpt>
<trkpt lat="46.04253" lon="6.95591"><ele>1710.0</ele></trkpt>
<trkpt lat="46.04236" lon="6.95540"><ele>1704.0</ele></trkpt>
<trkpt lat="46.04262" lon="6.95547"><ele>1694.0</ele></trkpt>
<trkpt lat="46.04249" lon="6.95502"><ele>1686.0</ele></trkpt>
<trkpt lat="46.04239" lon="6.95456"><ele>1680.0</ele></trkpt>
<trkpt lat="46.04243" lon="6.95410"><ele>1674.0</ele></trkpt>
<trkpt lat="46.04259" lon="6.95369"><ele>1665.0</ele></trkpt>
<trkpt lat="46.04265" lon="6.95334"><ele>1661.0</ele></trkpt>
<trkpt lat="46.04258" lon="6.95286"><ele>1655.0</ele></trkpt>
<trkpt lat="46.04277" lon="6.95257"><ele>1654.5</ele></trkpt>
<trkpt lat="46.04299" lon="6.95229"><ele>1654.0</ele></trkpt>
<trkpt lat="46.04317" lon="6.95188"><ele>1654.0</ele></trkpt>
<trkpt lat="46.04338" lon="6.95169"><ele>1654.0</ele></trkpt>
<trkpt lat="46.04354" lon="6.95120"><ele>1652.0</ele></trkpt>
<trkpt lat="46.04372" lon="6.95077"><ele>1647.0</ele></trkpt>
<trkpt lat="46.04355" lon="6.95048"><ele>1641.0</ele></trkpt>
<trkpt lat="46.04340" lon="6.95007"><ele>1633.0</ele></trkpt>
<trkpt lat="46.04339" lon="6.94955"><ele>1623.0</ele></trkpt>
<trkpt lat="46.04337" lon="6.94919"><ele>1614.0</ele></trkpt>
<trkpt lat="46.04345" lon="6.94885"><ele>1608.0</ele></trkpt>
<trkpt lat="46.04346" lon="6.94846"><ele>1607.0</ele></trkpt>
<trkpt lat="46.04333" lon="6.94810"><ele>1606.0</ele></trkpt>
<trkpt lat="46.04308" lon="6.94778"><ele>1602.5</ele></trkpt>
<trkpt lat="46.04279" lon="6.94736"><ele>1598.0</ele></trkpt>
<trkpt lat="46.04260" lon="6.94711"><ele>1596.0</ele></trkpt>
<trkpt lat="46.04242" lon="6.94691"><ele>1593.0</ele></trkpt>
<trkpt lat="46.04213" lon="6.94660"><ele>1586.0</ele></trkpt>
<trkpt lat="46.04179" lon="6.94640"><ele>1580.0</ele></trkpt>
<trkpt lat="46.04158" lon="6.94626"><ele>1577.0</ele></trkpt>
<trkpt lat="46.04133" lon="6.94599"><ele>1574.0</ele></trkpt>
<trkpt lat="46.04157" lon="6.94590"><ele>1562.0</ele></trkpt>
<trkpt lat="46.04191" lon="6.94595"><ele>1556.0</ele></trkpt>
<trkpt lat="46.04173" lon="6.94557"><ele>1549.0</ele></trkpt>
<trkpt lat="46.04136" lon="6.94542"><ele>1542.0</ele></trkpt>
<trkpt lat="46.04099" lon="6.94510"><ele>1535.0</ele></trkpt>
<trkpt lat="46.04067" lon="6.94494"><ele>1529.0</ele></trkpt>
<trkpt lat="46.04048" lon="6.94473"><ele>1526.0</ele></trkpt>
<trkpt lat="46.04020" lon="6.94444"><ele>1519.0</ele></trkpt>
<trkpt lat="46.04002" lon="6.94417"><ele>1516.0</ele></trkpt>
<trkpt lat="46.03977" lon="6.94382"><ele>1510.0</ele></trkpt>
<trkpt lat="46.03953" lon="6.94343"><ele>1504.0</ele></trkpt>
<trkpt lat="46.03974" lon="6.94364"><ele>1499.0</ele></trkpt>
<trkpt lat="46.04005" lon="6.94386"><ele>1495.0</ele></trkpt>
<trkpt lat="46.04002" lon="6.94351"><ele>1489.0</ele></trkpt>
<trkpt lat="46.03986" lon="6.94326"><ele>1484.0</ele></trkpt>
<trkpt lat="46.03968" lon="6.94296"><ele>1474.0</ele></trkpt>
<trkpt lat="46.03956" lon="6.94256"><ele>1465.0</ele></trkpt>
<trkpt lat="46.03986" lon="6.94259"><ele>1454.0</ele></trkpt>
<trkpt lat="46.04011" lon="6.94256"><ele>1447.0</ele></trkpt>
<trkpt lat="46.03993" lon="6.94224"><ele>1437.0</ele></trkpt>
<trkpt lat="46.03971" lon="6.94192"><ele>1431.0</ele></trkpt>
<trkpt lat="46.03952" lon="6.94163"><ele>1424.0</ele></trkpt>
<trkpt lat="46.03930" lon="6.94129"><ele>1418.0</ele></trkpt>
<trkpt lat="46.03914" lon="6.94104"><ele>1409.0</ele></trkpt>
<trkpt lat="46.03894" lon="6.94085"><ele>1401.5</ele></trkpt>
<trkpt lat="46.03870" lon="6.94068"><ele>1393.0</ele></trkpt>
<trkpt lat="46.03863" lon="6.94032"><ele>1372.0</ele></trkpt>
<trkpt lat="46.03843" lon="6.94009"><ele>1364.0</ele></trkpt>
<trkpt lat="46.03818" lon="6.93978"><ele>1357.5</ele></trkpt>
<trkpt lat="46.03796" lon="6.93950"><ele>1354.5</ele></trkpt>
<trkpt lat="46.03775" lon="6.93921"><ele>1350.0</ele></trkpt>
<trkpt lat="46.03751" lon="6.93892"><ele>1344.0</ele></trkpt>
<trkpt lat="46.03732" lon="6.93874"><ele>1340.0</ele></trkpt>
<trkpt lat="46.03707" lon="6.93851"><ele>1335.0</ele></trkpt>
<trkpt lat="46.03675" lon="6.93824"><ele>1329.0</ele></trkpt>
<trkpt lat="46.03662" lon="6.93795"><ele>1325.0</ele></trkpt>
<trkpt lat="46.03650" lon="6.93765"><ele>1319.0</ele></trkpt>
<trkpt lat="46.03628" lon="6.93754"><ele>1315.0</ele></trkpt>
<trkpt lat="46.03604" lon="6.93732"><ele>1310.0</ele></trkpt>
<trkpt lat="46.03570" lon="6.93691"><ele>1301.0</ele></trkpt>
<trkpt lat="46.03546" lon="6.93661"><ele>1299.0</ele></trkpt>
<trkpt lat="46.03538" lon="6.93622"><ele>1258.0</ele></trkpt>
<trkpt lat="46.03518" lon="6.93592"><ele>1257.0</ele></trkpt>
<trkpt lat="46.03515" lon="6.93540"><ele>1252.0</ele></trkpt>
<trkpt lat="46.03507" lon="6.93503"><ele>1252.0</ele></trkpt>
<trkpt lat="46.03490" lon="6.93480"><ele>1252.0</ele></trkpt>
<trkpt lat="46.03454" lon="6.93444"><ele>1253.0</ele></trkpt>
<trkpt lat="46.03453" lon="6.93388"><ele>1253.0</ele></trkpt>
<trkpt lat="46.03432" lon="6.93372"><ele>1253.0</ele></trkpt>
<trkpt lat="46.03408" lon="6.93332"><ele>1254.0</ele></trkpt>
<trkpt lat="46.03379" lon="6.93308"><ele>1255.0</ele></trkpt>
<trkpt lat="46.03359" lon="6.93278"><ele>1256.0</ele></trkpt>
<trkpt lat="46.03330" lon="6.93242"><ele>1258.0</ele></trkpt>
<trkpt lat="46.03321" lon="6.93206"><ele>1259.0</ele></trkpt>
<trkpt lat="46.03293" lon="6.93225"><ele>1259.0</ele></trkpt>
<trkpt lat="46.03267" lon="6.93206"><ele>1259.0</ele></trkpt>
<trkpt lat="46.03248" lon="6.93186"><ele>1260.0</ele></trkpt>
<trkpt lat="46.03232" lon="6.93211"><ele>1260.0</ele></trkpt>
<trkpt lat="46.03249" lon="6.93236"><ele>1260.0</ele></trkpt>
<trkpt lat="46.03221" lon="6.93221"><ele>1261.0</ele></trkpt>
<trkpt lat="46.03198" lon="6.93221"><ele>1262.0</ele></trkpt>
<trkpt lat="46.03163" lon="6.93183"><ele>1263.0</ele></trkpt>
<trkpt lat="46.03146" lon="6.93163"><ele>1264.0</ele></trkpt>
<trkpt lat="46.03128" lon="6.93142"><ele>1265.0</ele></trkpt>
<trkpt lat="46.03107" lon="6.93121"><ele>1265.0</ele></trkpt>
<trkpt lat="46.03077" lon="6.93088"><ele>1266.0</ele></trkpt>
<trkpt lat="46.03047" lon="6.93056"><ele>1267.0</ele></trkpt>
<trkpt lat="46.03029" lon="6.93033"><ele>1267.0</ele></trkpt>
<trkpt lat="46.03001" lon="6.93001"><ele>1267.0</ele></trkpt>
<trkpt lat="46.02976" lon="6.92972"><ele>1268.0</ele></trkpt>
<trkpt lat="46.02958" lon="6.92947"><ele>1269.0</ele></trkpt>
<trkpt lat="46.02934" lon="6.92919"><ele>1270.0</ele></trkpt>
<trkpt lat="46.02908" lon="6.92888"><ele>1272.0</ele></trkpt>
<trkpt lat="46.02894" lon="6.92836"><ele>1272.0</ele></trkpt>
<trkpt lat="46.02878" lon="6.92811"><ele>1273.0</ele></trkpt>
<trkpt lat="46.02862" lon="6.92784"><ele>1274.0</ele></trkpt>
<trkpt lat="46.02833" lon="6.92770"><ele>1276.0</ele></trkpt>
<trkpt lat="46.02798" lon="6.92770"><ele>1279.0</ele></trkpt>
<trkpt lat="46.02772" lon="6.92774"><ele>1282.0</ele></trkpt>
<trkpt lat="46.02747" lon="6.92776"><ele>1287.0</ele></trkpt>
<trkpt lat="46.02780" lon="6.92797"><ele>1288.0</ele></trkpt>
<trkpt lat="46.02774" lon="6.92829"><ele>1296.0</ele></trkpt>
<trkpt lat="46.02741" lon="6.92833"><ele>1300.0</ele></trkpt>
<trkpt lat="46.02717" lon="6.92824"><ele>1302.0</ele></trkpt>
<trkpt lat="46.02687" lon="6.92814"><ele>1302.0</ele></trkpt>
<trkpt lat="46.02660" lon="6.92793"><ele>1302.0</ele></trkpt>
<trkpt lat="46.02632" lon="6.92773"><ele>1302.0</ele></trkpt>
<trkpt lat="46.02592" lon="6.92765"><ele>1301.0</ele></trkpt>
<trkpt lat="46.02562" lon="6.92751"><ele>1301.0</ele></trkpt>
<trkpt lat="46.02529" lon="6.92733"><ele>1302.0</ele></trkpt>
<trkpt lat="46.02491" lon="6.92716"><ele>1306.0</ele></trkpt>
<trkpt lat="46.02471" lon="6.92679"><ele>1306.0</ele></trkpt>
<trkpt lat="46.02463" lon="6.92647"><ele>1304.0</ele></trkpt>
<trkpt lat="46.02442" lon="6.92591"><ele>1302.0</ele></trkpt>
<trkpt lat="46.02428" lon="6.92559"><ele>1302.0</ele></trkpt>
<trkpt lat="46.02423" lon="6.92514"><ele>1302.0</ele></trkpt>
<trkpt lat="46.02393" lon="6.92483"><ele>1303.0</ele></trkpt>
<trkpt lat="46.02370" lon="6.92460"><ele>1305.0</ele></trkpt>
<trkpt lat="46.02342" lon="6.92450"><ele>1307.0</ele></trkpt>
<trkpt lat="46.02316" lon="6.92424"><ele>1309.0</ele></trkpt>
<trkpt lat="46.02283" lon="6.92397"><ele>1312.0</ele></trkpt>
<trkpt lat="46.02264" lon="6.92377"><ele>1314.0</ele></trkpt>
<trkpt lat="46.02242" lon="6.92359"><ele>1316.0</ele></trkpt>
<trkpt lat="46.02212" lon="6.92332"><ele>1318.5</ele></trkpt>
<trkpt lat="46.02177" lon="6.92302"><ele>1322.0</ele></trkpt>
<trkpt lat="46.02158" lon="6.92284"><ele>1323.0</ele></trkpt>
<trkpt lat="46.02139" lon="6.92265"><ele>1324.0</ele></trkpt>
<trkpt lat="46.02115" lon="6.92245"><ele>1326.0</ele></trkpt>
<trkpt lat="46.02085" lon="6.92227"><ele>1328.0</ele></trkpt>
<trkpt lat="46.02053" lon="6.92211"><ele>1330.0</ele></trkpt>
<trkpt lat="46.02021" lon="6.92194"><ele>1333.0</ele></trkpt>
<trkpt lat="46.01983" lon="6.92185"><ele>1336.0</ele></trkpt>
<trkpt lat="46.01955" lon="6.92162"><ele>1337.0</ele></trkpt>
<trkpt lat="46.01934" lon="6.92140"><ele>1337.0</ele></trkpt>
<trkpt lat="46.01900" lon="6.92107"><ele>1340.0</ele></trkpt>
<trkpt lat="46.01873" lon="6.92098"><ele>1342.0</ele></trkpt>
<trkpt lat="46.01843" lon="6.92086"><ele>1343.0</ele></trkpt>
<trkpt lat="46.01814" lon="6.92091"><ele>1347.0</ele></trkpt>
<trkpt lat="46.01790" lon="6.92095"><ele>1350.0</ele></trkpt>
<trkpt lat="46.01754" lon="6.92097"><ele>1353.0</ele></trkpt>
<trkpt lat="46.01717" lon="6.92091"><ele>1354.0</ele></trkpt>
<trkpt lat="46.01692" lon="6.92086"><ele>1355.0</ele></trkpt>
<trkpt lat="46.01671" lon="6.92069"><ele>1355.0</ele></trkpt>
<trkpt lat="46.01638" lon="6.92072"><ele>1356.0</ele></trkpt>
<trkpt lat="46.01612" lon="6.92085"><ele>1357.0</ele></trkpt>
<trkpt lat="46.01587" lon="6.92104"><ele>1358.0</ele></trkpt>
<trkpt lat="46.01555" lon="6.92140"><ele>1361.0</ele></trkpt>
<trkpt lat="46.01538" lon="6.92162"><ele>1363.0</ele></trkpt>
<trkpt lat="46.01506" lon="6.92188"><ele>1365.0</ele></trkpt>
<trkpt lat="46.01471" lon="6.92200"><ele>1366.0</ele></trkpt>
<trkpt lat="46.01438" lon="6.92196"><ele>1367.0</ele></trkpt>
<trkpt lat="46.01411" lon="6.92204"><ele>1367.0</ele></trkpt>
<trkpt lat="46.01382" lon="6.92235"><ele>1372.0</ele></trkpt>
<trkpt lat="46.01354" lon="6.92255"><ele>1374.5</ele></trkpt>
<trkpt lat="46.01319" lon="6.92279"><ele>1377.5</ele></trkpt>
<trkpt lat="46.01282" lon="6.92303"><ele>1381.0</ele></trkpt>
<trkpt lat="46.01265" lon="6.92333"><ele>1387.0</ele></trkpt>
<trkpt lat="46.01249" lon="6.92364"><ele>1392.0</ele></trkpt>
<trkpt lat="46.01224" lon="6.92401"><ele>1396.0</ele></trkpt>
<trkpt lat="46.01195" lon="6.92429"><ele>1399.0</ele></trkpt>
<trkpt lat="46.01164" lon="6.92429"><ele>1400.0</ele></trkpt>
<trkpt lat="46.01129" lon="6.92439"><ele>1402.0</ele></trkpt>
<trkpt lat="46.01096" lon="6.92451"><ele>1405.0</ele></trkpt>
<trkpt lat="46.01073" lon="6.92445"><ele>1406.0</ele></trkpt>
<trkpt lat="46.01042" lon="6.92427"><ele>1408.0</ele></trkpt>
<trkpt lat="46.01008" lon="6.92429"><ele>1410.0</ele></trkpt>
<trkpt lat="46.00973" lon="6.92431"><ele>1411.0</ele></trkpt>
<trkpt lat="46.00945" lon="6.92445"><ele>1413.0</ele></trkpt>
<trkpt lat="46.00920" lon="6.92447"><ele>1414.0</ele></trkpt>
<trkpt lat="46.00880" lon="6.92448"><ele>1417.0</ele></trkpt>
<trkpt lat="46.00846" lon="6.92424"><ele>1419.0</ele></trkpt>
<trkpt lat="46.00817" lon="6.92412"><ele>1421.0</ele></trkpt>
<trkpt lat="46.00777" lon="6.92398"><ele>1424.0</ele></trkpt>
<trkpt lat="46.00748" lon="6.92381"><ele>1426.0</ele></trkpt>
<trkpt lat="46.00716" lon="6.92346"><ele>1430.0</ele></trkpt>
<trkpt lat="46.00688" lon="6.92345"><ele>1432.0</ele></trkpt>
<trkpt lat="46.00662" lon="6.92334"><ele>1436.0</ele></trkpt>
<trkpt lat="46.00628" lon="6.92330"><ele>1440.0</ele></trkpt>
<trkpt lat="46.00599" lon="6.92350"><ele>1443.0</ele></trkpt>
<trkpt lat="46.00581" lon="6.92392"><ele>1445.0</ele></trkpt>
<trkpt lat="46.00565" lon="6.92436"><ele>1449.0</ele></trkpt>
<trkpt lat="46.00545" lon="6.92464"><ele>1453.0</ele></trkpt>
<trkpt lat="46.00522" lon="6.92463"><ele>1455.0</ele></trkpt>
<trkpt lat="46.00492" lon="6.92450"><ele>1459.0</ele></trkpt>
<trkpt lat="46.00468" lon="6.92436"><ele>1460.0</ele></trkpt>
<trkpt lat="46.00441" lon="6.92420"><ele>1461.0</ele></trkpt>
<trkpt lat="46.00415" lon="6.92399"><ele>1461.0</ele></trkpt>
<trkpt lat="46.00383" lon="6.92375"><ele>1461.0</ele></trkpt>
<trkpt lat="46.00344" lon="6.92371"><ele>1461.0</ele></trkpt>
<trkpt lat="46.00307" lon="6.92377"><ele>1460.0</ele></trkpt>
<trkpt lat="46.00271" lon="6.92372"><ele>1457.0</ele></trkpt>
<trkpt lat="46.00231" lon="6.92373"><ele>1453.0</ele></trkpt>
<trkpt lat="46.00204" lon="6.92381"><ele>1451.0</ele></trkpt>
<trkpt lat="46.00161" lon="6.92391"><ele>1448.0</ele></trkpt>
<trkpt lat="46.00136" lon="6.92394"><ele>1448.0</ele></trkpt>
<trkpt lat="46.00112" lon="6.92403"><ele>1447.5</ele></trkpt>
<trkpt lat="46.00088" lon="6.92411"><ele>1447.0</ele></trkpt>
<trkpt lat="46.00065" lon="6.92415"><ele>1445.0</ele></trkpt>
<trkpt lat="46.00040" lon="6.92423"><ele>1444.0</ele></trkpt>
<trkpt lat="46.00015" lon="6.92424"><ele>1443.0</ele></trkpt>
<trkpt lat="45.99976" lon="6.92416"><ele>1440.0</ele></trkpt>
<trkpt lat="45.99936" lon="6.92416"><ele>1439.0</ele></trkpt>
<trkpt lat="45.99918" lon="6.92436"><ele>1438.0</ele></trkpt>
<trkpt lat="45.99888" lon="6.92443"><ele>1434.0</ele></trkpt>
<trkpt lat="45.99863" lon="6.92439"><ele>1432.0</ele></trkpt>
<trkpt lat="45.99839" lon="6.92466"><ele>1430.0</ele></trkpt>
<trkpt lat="45.99820" lon="6.92511"><ele>1429.0</ele></trkpt>
<trkpt lat="45.99799" lon="6.92548"><ele>1427.0</ele></trkpt>
<trkpt lat="45.99781" lon="6.92579"><ele>1425.0</ele></trkpt>
<trkpt lat="45.99751" lon="6.92585"><ele>1421.0</ele></trkpt>
<trkpt lat="45.99726" lon="6.92611"><ele>1418.0</ele></trkpt>
<trkpt lat="45.99693" lon="6.92628"><ele>1416.0</ele></trkpt>
<trkpt lat="45.99664" lon="6.92643"><ele>1416.0</ele></trkpt>
<trkpt lat="45.99638" lon="6.92620"><ele>1420.0</ele></trkpt>
<trkpt lat="45.99604" lon="6.92637"><ele>1421.0</ele></trkpt>
<trkpt lat="45.99569" lon="6.92642"><ele>1421.0</ele></trkpt>
<trkpt lat="45.99539" lon="6.92629"><ele>1424.0</ele></trkpt>
<trkpt lat="45.99511" lon="6.92605"><ele>1434.0</ele></trkpt>
<trkpt lat="45.99486" lon="6.92589"><ele>1438.0</ele></trkpt>
<trkpt lat="45.99471" lon="6.92562"><ele>1446.0</ele></trkpt>
<trkpt lat="45.99455" lon="6.92532"><ele>1451.0</ele></trkpt>
<trkpt lat="45.99451" lon="6.92498"><ele>1457.0</ele></trkpt>
<trkpt lat="45.99471" lon="6.92478"><ele>1464.0</ele></trkpt>
<trkpt lat="45.99461" lon="6.92449"><ele>1466.0</ele></trkpt>
<trkpt lat="45.99444" lon="6.92425"><ele>1470.0</ele></trkpt>
<trkpt lat="45.99428" lon="6.92397"><ele>1478.0</ele></trkpt>
<trkpt lat="45.99418" lon="6.92361"><ele>1491.0</ele></trkpt>
<trkpt lat="45.99389" lon="6.92332"><ele>1497.0</ele></trkpt>
<trkpt lat="45.99373" lon="6.92309"><ele>1502.0</ele></trkpt>
<trkpt lat="45.99340" lon="6.92286"><ele>1507.0</ele></trkpt>
<trkpt lat="45.99315" lon="6.92263"><ele>1515.0</ele></trkpt>
<trkpt lat="45.99289" lon="6.92258"><ele>1517.0</ele></trkpt>
<trkpt lat="45.99267" lon="6.92242"><ele>1521.0</ele></trkpt>
<trkpt lat="45.99245" lon="6.92232"><ele>1525.0</ele></trkpt>
<trkpt lat="45.99232" lon="6.92205"><ele>1534.0</ele></trkpt>
<trkpt lat="45.99210" lon="6.92183"><ele>1539.0</ele></trkpt>
<trkpt lat="45.99197" lon="6.92138"><ele>1555.0</ele></trkpt>
<trkpt lat="45.99169" lon="6.92146"><ele>1558.0</ele></trkpt>
<trkpt lat="45.99146" lon="6.92137"><ele>1566.0</ele></trkpt>
<trkpt lat="45.99121" lon="6.92123"><ele>1573.0</ele></trkpt>
<trkpt lat="45.99110" lon="6.92093"><ele>1587.0</ele></trkpt>
<trkpt lat="45.99091" lon="6.92072"><ele>1596.0</ele></trkpt>
<trkpt lat="45.99065" lon="6.92084"><ele>1599.0</ele></trkpt>
<trkpt lat="45.99039" lon="6.92072"><ele>1611.0</ele></trkpt>
<trkpt lat="45.99006" lon="6.92059"><ele>1619.0</ele></trkpt>
<trkpt lat="45.98982" lon="6.92043"><ele>1627.0</ele></trkpt>
<trkpt lat="45.98958" lon="6.92029"><ele>1632.0</ele></trkpt>
<trkpt lat="45.98940" lon="6.92001"><ele>1645.0</ele></trkpt>
<trkpt lat="45.98920" lon="6.91985"><ele>1652.0</ele></trkpt>
<trkpt lat="45.98890" lon="6.91959"><ele>1660.0</ele></trkpt>
<trkpt lat="45.98868" lon="6.91926"><ele>1670.0</ele></trkpt>
<trkpt lat="45.98842" lon="6.91904"><ele>1674.0</ele></trkpt>
<trkpt lat="45.98831" lon="6.91873"><ele>1682.0</ele></trkpt>
<trkpt lat="45.98808" lon="6.91863"><ele>1686.0</ele></trkpt>
<trkpt lat="45.98791" lon="6.91838"><ele>1695.0</ele></trkpt>
<trkpt lat="45.98768" lon="6.91822"><ele>1699.0</ele></trkpt>
<trkpt lat="45.98766" lon="6.91788"><ele>1706.0</ele></trkpt>
<trkpt lat="45.98734" lon="6.91759"><ele>1706.0</ele></trkpt>
<trkpt lat="45.98709" lon="6.91750"><ele>1704.0</ele></trkpt>
<trkpt lat="45.98677" lon="6.91769"><ele>1702.0</ele></trkpt>
<trkpt lat="45.98652" lon="6.91754"><ele>1699.0</ele></trkpt>
<trkpt lat="45.98630" lon="6.91735"><ele>1696.0</ele></trkpt>
<trkpt lat="45.98606" lon="6.91721"><ele>1696.0</ele></trkpt>
<trkpt lat="45.98578" lon="6.91724"><ele>1695.0</ele></trkpt>
<trkpt lat="45.98548" lon="6.91711"><ele>1695.0</ele></trkpt>
<trkpt lat="45.98523" lon="6.91715"><ele>1694.0</ele></trkpt>
<trkpt lat="45.98497" lon="6.91705"><ele>1691.0</ele></trkpt>
<trkpt lat="45.98473" lon="6.91709"><ele>1682.0</ele></trkpt>
<trkpt lat="45.98448" lon="6.91723"><ele>1672.0</ele></trkpt>
<trkpt lat="45.98431" lon="6.91692"><ele>1662.0</ele></trkpt>
<trkpt lat="45.98418" lon="6.91653"><ele>1660.0</ele></trkpt>
<trkpt lat="45.98402" lon="6.91686"><ele>1647.0</ele></trkpt>
<trkpt lat="45.98393" lon="6.91717"><ele>1640.0</ele></trkpt>
<trkpt lat="45.98369" lon="6.91719"><ele>1627.0</ele></trkpt>
<trkpt lat="45.98347" lon="6.91735"><ele>1616.0</ele></trkpt>
<trkpt lat="45.98322" lon="6.91737"><ele>1604.0</ele></trkpt>
<trkpt lat="45.98301" lon="6.91724"><ele>1598.0</ele></trkpt>
<trkpt lat="45.98275" lon="6.91713"><ele>1590.0</ele></trkpt>
<trkpt lat="45.98249" lon="6.91700"><ele>1584.0</ele></trkpt>
<trkpt lat="45.98222" lon="6.91678"><ele>1579.0</ele></trkpt>
<trkpt lat="45.98187" lon="6.91686"><ele>1569.0</ele></trkpt>
<trkpt lat="45.98164" lon="6.91688"><ele>1560.0</ele></trkpt>
<trkpt lat="45.98138" lon="6.91690"><ele>1549.0</ele></trkpt>
<trkpt lat="45.98103" lon="6.91676"><ele>1536.0</ele></trkpt>
<trkpt lat="45.98080" lon="6.91659"><ele>1530.0</ele></trkpt>
<trkpt lat="45.98057" lon="6.91659"><ele>1523.0</ele></trkpt>
<trkpt lat="45.98040" lon="6.91630"><ele>1519.0</ele></trkpt>
<trkpt lat="45.98016" lon="6.91614"><ele>1511.0</ele></trkpt>
<trkpt lat="45.97991" lon="6.91617"><ele>1504.0</ele></trkpt>
<trkpt lat="45.97972" lon="6.91598"><ele>1492.0</ele></trkpt>
<trkpt lat="45.97949" lon="6.91591"><ele>1480.0</ele></trkpt>
<trkpt lat="45.97925" lon="6.91585"><ele>1471.0</ele></trkpt>
<trkpt lat="45.97897" lon="6.91594"><ele>1463.0</ele></trkpt>
<trkpt lat="45.97869" lon="6.91586"><ele>1456.0</ele></trkpt>
<trkpt lat="45.97853" lon="6.91559"><ele>1451.0</ele></trkpt>
<trkpt lat="45.97828" lon="6.91531"><ele>1449.0</ele></trkpt>
<trkpt lat="45.97810" lon="6.91493"><ele>1449.0</ele></trkpt>
<trkpt lat="45.97798" lon="6.91455"><ele>1456.0</ele></trkpt>
<trkpt lat="45.97783" lon="6.91419"><ele>1460.0</ele></trkpt>
<trkpt lat="45.97763" lon="6.91370"><ele>1465.0</ele></trkpt>
<trkpt lat="45.97747" lon="6.91334"><ele>1468.0</ele></trkpt>
<trkpt lat="45.97727" lon="6.91309"><ele>1469.0</ele></trkpt>
<trkpt lat="45.97712" lon="6.91276"><ele>1471.0</ele></trkpt>
<trkpt lat="45.97696" lon="6.91249"><ele>1475.0</ele></trkpt>
<trkpt lat="45.97679" lon="6.91208"><ele>1485.0</ele></trkpt>
<trkpt lat="45.97659" lon="6.91171"><ele>1497.0</ele></trkpt>
<trkpt lat="45.97636" lon="6.91157"><ele>1497.0</ele></trkpt>
<trkpt lat="45.97611" lon="6.91139"><ele>1496.0</ele></trkpt>
<trkpt lat="45.97608" lon="6.91089"><ele>1516.0</ele></trkpt>
<trkpt lat="45.97588" lon="6.91061"><ele>1518.0</ele></trkpt>
<trkpt lat="45.97560" lon="6.91034"><ele>1518.0</ele></trkpt>
<trkpt lat="45.97527" lon="6.91015"><ele>1517.0</ele></trkpt>
<trkpt lat="45.97496" lon="6.90968"><ele>1510.0</ele></trkpt>
<trkpt lat="45.97461" lon="6.90961"><ele>1509.0</ele></trkpt>
<trkpt lat="45.97439" lon="6.90945"><ele>1509.0</ele></trkpt>
<trkpt lat="45.97420" lon="6.90908"><ele>1506.0</ele></trkpt>
<trkpt lat="45.97396" lon="6.90900"><ele>1505.0</ele></trkpt>
<trkpt lat="45.97379" lon="6.90875"><ele>1505.0</ele></trkpt>
<trkpt lat="45.97361" lon="6.90845"><ele>1510.0</ele></trkpt>
<trkpt lat="45.97339" lon="6.90811"><ele>1510.0</ele></trkpt>
<trkpt lat="45.97315" lon="6.90784"><ele>1508.0</ele></trkpt>
<trkpt lat="45.97295" lon="6.90767"><ele>1508.0</ele></trkpt>
<trkpt lat="45.97266" lon="6.90742"><ele>1506.0</ele></trkpt>
<trkpt lat="45.97234" lon="6.90720"><ele>1503.0</ele></trkpt>
<trkpt lat="45.97214" lon="6.90697"><ele>1503.0</ele></trkpt>
<trkpt lat="45.97212" lon="6.90656"><ele>1510.0</ele></trkpt>
<trkpt lat="45.97205" lon="6.90623"><ele>1513.0</ele></trkpt>
<trkpt lat="45.97178" lon="6.90630"><ele>1509.0</ele></trkpt>
<trkpt lat="45.97150" lon="6.90637"><ele>1509.0</ele></trkpt>
<trkpt lat="45.97131" lon="6.90604"><ele>1528.0</ele></trkpt>
<trkpt lat="45.97120" lon="6.90565"><ele>1540.0</ele></trkpt>
<trkpt lat="45.97096" lon="6.90542"><ele>1542.0</ele></trkpt>
<trkpt lat="45.97069" lon="6.90491"><ele>1549.0</ele></trkpt>
<trkpt lat="45.97048" lon="6.90471"><ele>1549.0</ele></trkpt>
<trkpt lat="45.97020" lon="6.90450"><ele>1549.0</ele></trkpt>
<trkpt lat="45.97001" lon="6.90422"><ele>1552.0</ele></trkpt>
<trkpt lat="45.96987" lon="6.90390"><ele>1558.0</ele></trkpt>
<trkpt lat="45.96960" lon="6.90364"><ele>1560.0</ele></trkpt>
<trkpt lat="45.96940" lon="6.90336"><ele>1564.0</ele></trkpt>
<trkpt lat="45.96921" lon="6.90315"><ele>1566.0</ele></trkpt>
<trkpt lat="45.96901" lon="6.90292"><ele>1572.0</ele></trkpt>
<trkpt lat="45.96872" lon="6.90267"><ele>1575.0</ele></trkpt>
<trkpt lat="45.96852" lon="6.90248"><ele>1575.0</ele></trkpt>
<trkpt lat="45.96824" lon="6.90212"><ele>1580.5</ele></trkpt>
<trkpt lat="45.96794" lon="6.90186"><ele>1580.5</ele></trkpt>
<trkpt lat="45.96768" lon="6.90166"><ele>1578.0</ele></trkpt>
<trkpt lat="45.96743" lon="6.90152"><ele>1574.0</ele></trkpt>
<trkpt lat="45.96722" lon="6.90140"><ele>1574.0</ele></trkpt>
<trkpt lat="45.96701" lon="6.90114"><ele>1575.0</ele></trkpt>
<trkpt lat="45.96679" lon="6.90107"><ele>1576.0</ele></trkpt>
<trkpt lat="45.96648" lon="6.90085"><ele>1576.0</ele></trkpt>
<trkpt lat="45.96633" lon="6.90060"><ele>1579.0</ele></trkpt>
<trkpt lat="45.96635" lon="6.90019"><ele>1593.0</ele></trkpt>
<trkpt lat="45.96629" lon="6.89979"><ele>1600.0</ele></trkpt>
<trkpt lat="45.96615" lon="6.89940"><ele>1605.0</ele></trkpt>
<trkpt lat="45.96603" lon="6.89911"><ele>1612.0</ele></trkpt>
<trkpt lat="45.96588" lon="6.89875"><ele>1618.0</ele></trkpt>
<trkpt lat="45.96572" lon="6.89851"><ele>1622.0</ele></trkpt>
<trkpt lat="45.96587" lon="6.89825"><ele>1639.0</ele></trkpt>
<trkpt lat="45.96570" lon="6.89800"><ele>1641.0</ele></trkpt>
<trkpt lat="45.96549" lon="6.89783"><ele>1642.0</ele></trkpt>
<trkpt lat="45.96554" lon="6.89745"><ele>1658.0</ele></trkpt>
<trkpt lat="45.96577" lon="6.89741"><ele>1668.0</ele></trkpt>
<trkpt lat="45.96604" lon="6.89738"><ele>1679.0</ele></trkpt>
<trkpt lat="45.96627" lon="6.89742"><ele>1687.0</ele></trkpt>
<trkpt lat="45.96636" lon="6.89709"><ele>1699.0</ele></trkpt>
<trkpt lat="45.96613" lon="6.89667"><ele>1701.0</ele></trkpt>
<trkpt lat="45.96597" lon="6.89626"><ele>1703.0</ele></trkpt>
<trkpt lat="45.96584" lon="6.89593"><ele>1708.0</ele></trkpt>
<trkpt lat="45.96561" lon="6.89573"><ele>1709.0</ele></trkpt>
<trkpt lat="45.96543" lon="6.89550"><ele>1715.0</ele></trkpt>
<trkpt lat="45.96529" lon="6.89515"><ele>1722.0</ele></trkpt>
<trkpt lat="45.96512" lon="6.89489"><ele>1729.0</ele></trkpt>
<trkpt lat="45.96500" lon="6.89456"><ele>1739.0</ele></trkpt>
<trkpt lat="45.96481" lon="6.89415"><ele>1745.5</ele></trkpt>
<trkpt lat="45.96472" lon="6.89383"><ele>1750.0</ele></trkpt>
<trkpt lat="45.96453" lon="6.89350"><ele>1752.0</ele></trkpt>
<trkpt lat="45.96442" lon="6.89302"><ele>1758.0</ele></trkpt>
<trkpt lat="45.96440" lon="6.89269"><ele>1763.0</ele></trkpt>
<trkpt lat="45.96437" lon="6.89228"><ele>1770.0</ele></trkpt>
<trkpt lat="45.96432" lon="6.89193"><ele>1775.0</ele></trkpt>
<trkpt lat="45.96422" lon="6.89155"><ele>1780.0</ele></trkpt>
<trkpt lat="45.96414" lon="6.89121"><ele>1785.0</ele></trkpt>
<trkpt lat="45.96410" lon="6.89088"><ele>1790.0</ele></trkpt>
<trkpt lat="45.96404" lon="6.89054"><ele>1794.0</ele></trkpt>
<trkpt lat="45.96405" lon="6.89021"><ele>1800.0</ele></trkpt>
<trkpt lat="45.96400" lon="6.88984"><ele>1806.0</ele></trkpt>
<trkpt lat="45.96386" lon="6.88958"><ele>1811.0</ele></trkpt>
<trkpt lat="45.96365" lon="6.88943"><ele>1816.0</ele></trkpt>
<trkpt lat="45.96348" lon="6.88912"><ele>1824.0</ele></trkpt>
<trkpt lat="45.96335" lon="6.88875"><ele>1831.0</ele></trkpt>
<trkpt lat="45.96319" lon="6.88843"><ele>1836.0</ele></trkpt>
<trkpt lat="45.96302" lon="6.88808"><ele>1841.0</ele></trkpt>
<trkpt lat="45.96283" lon="6.88778"><ele>1845.0</ele></trkpt>
<trkpt lat="45.96250" lon="6.88782"><ele>1847.0</ele></trkpt>
<trkpt lat="45.96224" lon="6.88775"><ele>1850.0</ele></trkpt>
<trkpt lat="45.96202" lon="6.88749"><ele>1854.0</ele></trkpt>
<trkpt lat="45.96190" lon="6.88716"><ele>1862.0</ele></trkpt>
<trkpt lat="45.96189" lon="6.88673"><ele>1869.0</ele></trkpt>
<trkpt lat="45.96199" lon="6.88633"><ele>1874.0</ele></trkpt>
<trkpt lat="45.96175" lon="6.88637"><ele>1881.0</ele></trkpt>
<trkpt lat="45.96154" lon="6.88665"><ele>1884.0</ele></trkpt>
<trkpt lat="45.96133" lon="6.88681"><ele>1886.0</ele></trkpt>
<trkpt lat="45.96105" lon="6.88699"><ele>1886.0</ele></trkpt>
<trkpt lat="45.96082" lon="6.88725"><ele>1881.0</ele></trkpt>
<trkpt lat="45.96051" lon="6.88743"><ele>1878.0</ele></trkpt>
<trkpt lat="45.96025" lon="6.88738"><ele>1877.0</ele></trkpt>
<trkpt lat="45.96002" lon="6.88755"><ele>1874.0</ele></trkpt>
<trkpt lat="45.96028" lon="6.88766"><ele>1869.0</ele></trkpt>
<trkpt lat="45.96004" lon="6.88776"><ele>1866.0</ele></trkpt>
<trkpt lat="45.95981" lon="6.88762"><ele>1864.0</ele></trkpt>
<trkpt lat="45.95962" lon="6.88743"><ele>1861.0</ele></trkpt>
<trkpt lat="45.95954" lon="6.88687"><ele>1856.0</ele></trkpt>
<trkpt lat="45.95955" lon="6.88652"><ele>1854.0</ele></trkpt>
<trkpt lat="45.95941" lon="6.88619"><ele>1848.0</ele></trkpt>
<trkpt lat="45.95910" lon="6.88582"><ele>1841.0</ele></trkpt>
<trkpt lat="45.95893" lon="6.88560"><ele>1837.0</ele></trkpt>
<trkpt lat="45.95857" lon="6.88537"><ele>1826.5</ele></trkpt>
<trkpt lat="45.95833" lon="6.88525"><ele>1818.0</ele></trkpt>
<trkpt lat="45.95809" lon="6.88502"><ele>1813.0</ele></trkpt>
<trkpt lat="45.95782" lon="6.88457"><ele>1802.0</ele></trkpt>
<trkpt lat="45.95756" lon="6.88411"><ele>1792.0</ele></trkpt>
<trkpt lat="45.95739" lon="6.88373"><ele>1788.0</ele></trkpt>
<trkpt lat="45.95721" lon="6.88335"><ele>1784.0</ele></trkpt>
<trkpt lat="45.95702" lon="6.88291"><ele>1779.0</ele></trkpt>
<trkpt lat="45.95679" lon="6.88266"><ele>1769.0</ele></trkpt>
<trkpt lat="45.95665" lon="6.88236"><ele>1762.0</ele></trkpt>
<trkpt lat="45.95665" lon="6.88202"><ele>1757.0</ele></trkpt>
<trkpt lat="45.95676" lon="6.88159"><ele>1755.0</ele></trkpt>
<trkpt lat="45.95688" lon="6.88101"><ele>1749.0</ele></trkpt>
<trkpt lat="45.95672" lon="6.88125"><ele>1743.0</ele></trkpt>
<trkpt lat="45.95650" lon="6.88167"><ele>1741.0</ele></trkpt>
<trkpt lat="45.95634" lon="6.88204"><ele>1736.0</ele></trkpt>
<trkpt lat="45.95616" lon="6.88248"><ele>1730.5</ele></trkpt>
<trkpt lat="45.95602" lon="6.88281"><ele>1724.0</ele></trkpt>
<trkpt lat="45.95604" lon="6.88341"><ele>1720.0</ele></trkpt>
<trkpt lat="45.95609" lon="6.88375"><ele>1717.0</ele></trkpt>
<trkpt lat="45.95612" lon="6.88410"><ele>1715.0</ele></trkpt>
<trkpt lat="45.95620" lon="6.88448"><ele>1713.0</ele></trkpt>
<trkpt lat="45.95640" lon="6.88504"><ele>1711.0</ele></trkpt>
<trkpt lat="45.95650" lon="6.88544"><ele>1706.0</ele></trkpt>
<trkpt lat="45.95654" lon="6.88596"><ele>1696.0</ele></trkpt>
<trkpt lat="45.95638" lon="6.88565"><ele>1692.0</ele></trkpt>
<trkpt lat="45.95603" lon="6.88536"><ele>1678.0</ele></trkpt>
<trkpt lat="45.95589" lon="6.88494"><ele>1676.0</ele></trkpt>
<trkpt lat="45.95585" lon="6.88530"><ele>1668.0</ele></trkpt>
<trkpt lat="45.95599" lon="6.88564"><ele>1665.0</ele></trkpt>
<trkpt lat="45.95571" lon="6.88553"><ele>1648.0</ele></trkpt>
<trkpt lat="45.95560" lon="6.88522"><ele>1644.5</ele></trkpt>
<trkpt lat="45.95554" lon="6.88485"><ele>1644.0</ele></trkpt>
<trkpt lat="45.95541" lon="6.88515"><ele>1628.0</ele></trkpt>
<trkpt lat="45.95530" lon="6.88481"><ele>1619.0</ele></trkpt>
<trkpt lat="45.95506" lon="6.88449"><ele>1611.0</ele></trkpt>
<trkpt lat="45.95493" lon="6.88414"><ele>1609.5</ele></trkpt>
<trkpt lat="45.95483" lon="6.88450"><ele>1596.0</ele></trkpt>
<trkpt lat="45.95494" lon="6.88480"><ele>1595.0</ele></trkpt>
<trkpt lat="45.95498" lon="6.88524"><ele>1592.0</ele></trkpt>
<trkpt lat="45.95497" lon="6.88565"><ele>1586.0</ele></trkpt>
<trkpt lat="45.95501" lon="6.88598"><ele>1584.0</ele></trkpt>
<trkpt lat="45.95479" lon="6.88567"><ele>1573.0</ele></trkpt>
<trkpt lat="45.95469" lon="6.88536"><ele>1568.0</ele></trkpt>
<trkpt lat="45.95443" lon="6.88505"><ele>1556.0</ele></trkpt>
<trkpt lat="45.95421" lon="6.88467"><ele>1553.0</ele></trkpt>
<trkpt lat="45.95410" lon="6.88437"><ele>1552.0</ele></trkpt>
<trkpt lat="45.95389" lon="6.88420"><ele>1547.0</ele></trkpt>
<trkpt lat="45.95362" lon="6.88409"><ele>1534.0</ele></trkpt>
<trkpt lat="45.95339" lon="6.88408"><ele>1519.0</ele></trkpt>
<trkpt lat="45.95325" lon="6.88437"><ele>1508.0</ele></trkpt>
<trkpt lat="45.95308" lon="6.88472"><ele>1492.0</ele></trkpt>
<trkpt lat="45.95286" lon="6.88457"><ele>1479.0</ele></trkpt>
<trkpt lat="45.95259" lon="6.88443"><ele>1460.0</ele></trkpt>
<trkpt lat="45.95247" lon="6.88473"><ele>1451.0</ele></trkpt>
<trkpt lat="45.95217" lon="6.88486"><ele>1427.0</ele></trkpt>
<trkpt lat="45.95209" lon="6.88452"><ele>1426.0</ele></trkpt>
<trkpt lat="45.95212" lon="6.88417"><ele>1428.0</ele></trkpt>
<trkpt lat="45.95189" lon="6.88394"><ele>1421.0</ele></trkpt>
<trkpt lat="45.95169" lon="6.88368"><ele>1412.0</ele></trkpt>
<trkpt lat="45.95161" lon="6.88316"><ele>1410.0</ele></trkpt>
<trkpt lat="45.95152" lon="6.88284"><ele>1410.0</ele></trkpt>
<trkpt lat="45.95153" lon="6.88243"><ele>1410.0</ele></trkpt>
<trkpt lat="45.95148" lon="6.88211"><ele>1409.0</ele></trkpt>
<trkpt lat="45.95141" lon="6.88163"><ele>1402.0</ele></trkpt>
<trkpt lat="45.95132" lon="6.88131"><ele>1397.0</ele></trkpt>
<trkpt lat="45.95127" lon="6.88085"><ele>1395.0</ele></trkpt>
<trkpt lat="45.95106" lon="6.88058"><ele>1390.0</ele></trkpt>
<trkpt lat="45.95081" lon="6.88040"><ele>1388.0</ele></trkpt>
<trkpt lat="45.95052" lon="6.88023"><ele>1387.0</ele></trkpt>
<trkpt lat="45.95025" lon="6.88028"><ele>1386.0</ele></trkpt>
<trkpt lat="45.94994" lon="6.88047"><ele>1380.0</ele></trkpt>
<trkpt lat="45.94971" lon="6.88056"><ele>1379.0</ele></trkpt>
<trkpt lat="45.94954" lon="6.88084"><ele>1371.0</ele></trkpt>
<trkpt lat="45.94929" lon="6.88111"><ele>1369.0</ele></trkpt>
<trkpt lat="45.94900" lon="6.88108"><ele>1366.0</ele></trkpt>
<trkpt lat="45.94873" lon="6.88085"><ele>1366.0</ele></trkpt>
<trkpt lat="45.94860" lon="6.88056"><ele>1361.0</ele></trkpt>
<trkpt lat="45.94844" lon="6.88028"><ele>1358.0</ele></trkpt>
<trkpt lat="45.94816" lon="6.88020"><ele>1350.0</ele></trkpt>
<trkpt lat="45.94797" lon="6.88002"><ele>1348.0</ele></trkpt>
<trkpt lat="45.94779" lon="6.87966"><ele>1348.0</ele></trkpt>
<trkpt lat="45.94779" lon="6.87919"><ele>1348.0</ele></trkpt>
<trkpt lat="45.94756" lon="6.87908"><ele>1342.0</ele></trkpt>
<trkpt lat="45.94723" lon="6.87890"><ele>1342.0</ele></trkpt>
<trkpt lat="45.94702" lon="6.87860"><ele>1340.0</ele></trkpt>
<trkpt lat="45.94678" lon="6.87862"><ele>1337.0</ele></trkpt>
<trkpt lat="45.94658" lon="6.87833"><ele>1337.0</ele></trkpt>
<trkpt lat="45.94629" lon="6.87809"><ele>1336.0</ele></trkpt>
<trkpt lat="45.94601" lon="6.87787"><ele>1330.0</ele></trkpt>
<trkpt lat="45.94598" lon="6.87745"><ele>1331.0</ele></trkpt>
<trkpt lat="45.94581" lon="6.87710"><ele>1331.0</ele></trkpt>
<trkpt lat="45.94554" lon="6.87717"><ele>1321.0</ele></trkpt>
<trkpt lat="45.94527" lon="6.87699"><ele>1319.0</ele></trkpt>
<trkpt lat="45.94494" lon="6.87697"><ele>1312.0</ele></trkpt>
<trkpt lat="45.94465" lon="6.87678"><ele>1308.0</ele></trkpt>
<trkpt lat="45.94428" lon="6.87666"><ele>1302.0</ele></trkpt>
<trkpt lat="45.94387" lon="6.87648"><ele>1288.0</ele></trkpt>
<trkpt lat="45.94365" lon="6.87625"><ele>1287.0</ele></trkpt>
<trkpt lat="45.94341" lon="6.87605"><ele>1285.0</ele></trkpt>
<trkpt lat="45.94308" lon="6.87595"><ele>1272.0</ele></trkpt>
<trkpt lat="45.94273" lon="6.87593"><ele>1245.0</ele></trkpt>
<trkpt lat="45.94256" lon="6.87567"><ele>1241.0</ele></trkpt>
<trkpt lat="45.94263" lon="6.87526"><ele>1248.0</ele></trkpt>
<trkpt lat="45.94245" lon="6.87494"><ele>1244.0</ele></trkpt>
<trkpt lat="45.94218" lon="6.87488"><ele>1237.0</ele></trkpt>
<trkpt lat="45.94182" lon="6.87500"><ele>1231.0</ele></trkpt>
<trkpt lat="45.94156" lon="6.87514"><ele>1221.0</ele></trkpt>
<trkpt lat="45.94128" lon="6.87499"><ele>1218.0</ele></trkpt>
<trkpt lat="45.94106" lon="6.87484"><ele>1212.0</ele></trkpt>
<trkpt lat="45.94076" lon="6.87459"><ele>1206.3</ele></trkpt>
<trkpt lat="45.94052" lon="6.87441"><ele>1200.8</ele></trkpt>
<trkpt lat="45.94025" lon="6.87424"><ele>1197.0</ele></trkpt>
<trkpt lat="45.93993" lon="6.87394"><ele>1197.0</ele></trkpt>
<trkpt lat="45.93973" lon="6.87374"><ele>1197.0</ele></trkpt>
<trkpt lat="45.93944" lon="6.87326"><ele>1196.0</ele></trkpt>
<trkpt lat="45.93924" lon="6.87297"><ele>1195.5</ele></trkpt>
<trkpt lat="45.93904" lon="6.87268"><ele>1195.0</ele></trkpt>
<trkpt lat="45.93885" lon="6.87250"><ele>1195.0</ele></trkpt>
<trkpt lat="45.93859" lon="6.87224"><ele>1192.5</ele></trkpt>
<trkpt lat="45.93839" lon="6.87201"><ele>1192.0</ele></trkpt>
<trkpt lat="45.93807" lon="6.87188"><ele>1191.0</ele></trkpt>
<trkpt lat="45.93773" lon="6.87200"><ele>1181.0</ele></trkpt>
<trkpt lat="45.93742" lon="6.87213"><ele>1173.0</ele></trkpt>
<trkpt lat="45.93746" lon="6.87249"><ele>1162.0</ele></trkpt>
<trkpt lat="45.93726" lon="6.87273"><ele>1153.0</ele></trkpt>
<trkpt lat="45.93703" lon="6.87272"><ele>1151.0</ele></trkpt>
<trkpt lat="45.93678" lon="6.87266"><ele>1147.0</ele></trkpt>
<trkpt lat="45.93657" lon="6.87254"><ele>1144.5</ele></trkpt>
<trkpt lat="45.93635" lon="6.87241"><ele>1142.0</ele></trkpt>
<trkpt lat="45.93604" lon="6.87210"><ele>1137.0</ele></trkpt>
<trkpt lat="45.93585" lon="6.87177"><ele>1136.0</ele></trkpt>
<trkpt lat="45.93565" lon="6.87159"><ele>1134.0</ele></trkpt>
<trkpt lat="45.93540" lon="6.87143"><ele>1131.0</ele></trkpt>
<trkpt lat="45.93508" lon="6.87123"><ele>1126.0</ele></trkpt>
<trkpt lat="45.93484" lon="6.87111"><ele>1123.0</ele></trkpt>
<trkpt lat="45.93445" lon="6.87083"><ele>1121.0</ele></trkpt>
<trkpt lat="45.93407" lon="6.87078"><ele>1119.5</ele></trkpt>
<trkpt lat="45.93367" lon="6.87082"><ele>1116.5</ele></trkpt>
<trkpt lat="45.93344" lon="6.87086"><ele>1114.0</ele></trkpt>
<trkpt lat="45.93321" lon="6.87084"><ele>1113.0</ele></trkpt>
<trkpt lat="45.93296" lon="6.87082"><ele>1110.5</ele></trkpt>
<trkpt lat="45.93262" lon="6.87084"><ele>1106.0</ele></trkpt>
<trkpt lat="45.93234" lon="6.87090"><ele>1100.5</ele></trkpt>
<trkpt lat="45.93206" lon="6.87093"><ele>1094.0</ele></trkpt>
<trkpt lat="45.93174" lon="6.87089"><ele>1087.0</ele></trkpt>
<trkpt lat="45.93148" lon="6.87094"><ele>1080.0</ele></trkpt>
<trkpt lat="45.93120" lon="6.87095"><ele>1072.0</ele></trkpt>
<trkpt lat="45.93117" lon="6.87136"><ele>1067.0</ele></trkpt>
<trkpt lat="45.93097" lon="6.87153"><ele>1061.0</ele></trkpt>
<trkpt lat="45.93080" lon="6.87190"><ele>1055.0</ele></trkpt>
<trkpt lat="45.93074" lon="6.87223"><ele>1049.0</ele></trkpt>
<trkpt lat="45.93069" lon="6.87263"><ele>1047.0</ele></trkpt>
<trkpt lat="45.93034" lon="6.87247"><ele>1044.0</ele></trkpt>
<trkpt lat="45.92993" lon="6.87239"><ele>1040.0</ele></trkpt>
<trkpt lat="45.92970" lon="6.87241"><ele>1040.0</ele></trkpt>
<trkpt lat="45.92948" lon="6.87262"><ele>1039.0</ele></trkpt>
<trkpt lat="45.92924" lon="6.87258"><ele>1039.0</ele></trkpt>
<trkpt lat="45.92889" lon="6.87243"><ele>1039.0</ele></trkpt>
<trkpt lat="45.92851" lon="6.87232"><ele>1038.0</ele></trkpt>
<trkpt lat="45.92830" lon="6.87220"><ele>1038.0</ele></trkpt>
<trkpt lat="45.92807" lon="6.87212"><ele>1038.0</ele></trkpt>
<trkpt lat="45.92780" lon="6.87198"><ele>1038.0</ele></trkpt>
<trkpt lat="45.92740" lon="6.87183"><ele>1037.0</ele></trkpt>
<trkpt lat="45.92717" lon="6.87176"><ele>1037.0</ele></trkpt>
<trkpt lat="45.92693" lon="6.87169"><ele>1037.0</ele></trkpt>
<trkpt lat="45.92669" lon="6.87161"><ele>1037.0</ele></trkpt>
<trkpt lat="45.92631" lon="6.87152"><ele>1036.0</ele></trkpt>
<trkpt lat="45.92605" lon="6.87143"><ele>1036.0</ele></trkpt>
<trkpt lat="45.92579" lon="6.87134"><ele>1036.0</ele></trkpt>
<trkpt lat="45.92546" lon="6.87121"><ele>1036.0</ele></trkpt>
<trkpt lat="45.92512" lon="6.87112"><ele>1036.0</ele></trkpt>
<trkpt lat="45.92509" lon="6.87075"><ele>1038.0</ele></trkpt>
<trkpt lat="45.92519" lon="6.87033"><ele>1038.5</ele></trkpt>
<trkpt lat="45.92529" lon="6.86992"><ele>1039.0</ele></trkpt>
<trkpt lat="45.92498" lon="6.86976"><ele>1039.0</ele></trkpt>
<trkpt lat="45.92470" lon="6.86977"><ele>1038.3</ele></trkpt>
<trkpt lat="45.92425" lon="6.86979"><ele>1036.8</ele></trkpt>
<trkpt lat="45.92385" lon="6.86982"><ele>1036.0</ele></trkpt>
<trkpt lat="45.92345" lon="6.86966"><ele>1036.0</ele></trkpt>
<trkpt lat="45.92360" lon="6.86912"><ele>1036.0</ele></trkpt>
</trkseg></trk></gpx>
