<?xml version="1.0" encoding="UTF-8"?>
<gpx version="1.1" creator="Trail Profile synthetic demo (not a real run)" xmlns="http://www.topografix.com/GPX/1/1" xmlns:ns3="http://www.garmin.com/xmlschemas/TrackPointExtension/v1"><trk><name>Long Fictional horseshoe (demo)</name><type>trail_running</type><trkseg>
<trkpt lat="56.82016" lon="-4.04977"><ele>300.5</ele><time>2026-05-24T08:30:10Z</time><extensions><ns3:TrackPointExtension><ns3:hr>95</ns3:hr><ns3:cad>86</ns3:cad></ns3:TrackPointExtension></extensions></trkpt>
<trkpt lat="56.82031" lon="-4.04951"><ele>300.9</ele><time>2026-05-24T08:30:20Z</time><extensions><ns3:TrackPointExtension><ns3:hr>108</ns3:hr><ns3:cad>86</ns3:cad></ns3:TrackPointExtension></extensions></trkpt>
<trkpt lat="56.82046" lon="-4.04926"><ele>301.4</ele><time>2026-05-24T08:30:30Z</time><extensions><ns3:TrackPointExtension><ns3:hr>118</ns3:hr><ns3:cad>85</ns3:cad></ns3:TrackPointExtension></extensions></trkpt>
<trkpt lat="56.82063" lon="-4.04902"><ele>301.8</ele><time>2026-05-24T08:30:40Z</time><extensions><ns3:TrackPointExtension><ns3:hr>127</ns3:hr><ns3:cad>88</ns3:cad></ns3:TrackPointExtension></extensions></trkpt>
<trkpt lat="56.82079" lon="-4.04880"><ele>302.3</ele><time>2026-05-24T08:30:50Z</time><extensions><ns3:TrackPointExtension><ns3:hr>130</ns3:hr><ns3:cad>88</ns3:cad></ns3:TrackPointExtension></extensions></trkpt>
<trkpt lat="56.82096" lon="-4.04858"><ele>302.7</ele><time>2026-05-24T08:31:00Z</time><extensions><ns3:TrackPointExtension><ns3:hr>135</ns3:hr><ns3:cad>89</ns3:cad></ns3:TrackPointExtension></extensions></trkpt>
<trkpt lat="56.82112" lon="-4.04836"><ele>303.2</ele><time>2026-05-24T08:31:10Z</time><extensions><ns3:TrackPointExtension><ns3:hr>135</ns3:hr><ns3:cad>87</ns3:cad></ns3:TrackPointExtension></extensions></trkpt>
<trkpt lat="56.82129" lon="-4.04814"><ele>303.7</ele><time>2026-05-24T08:31:20Z</time><extensions><ns3:TrackPointExtension><ns3:hr>137</ns3:hr><ns3:cad>85</ns3:cad></ns3:TrackPointExtension></extensions></trkpt>
<trkpt lat="56.82145" lon="-4.04789"><ele>304.1</ele><time>2026-05-24T08:31:30Z</time><extensions><ns3:TrackPointExtension><ns3:hr>140</ns3:hr><ns3:cad>88</ns3:cad></ns3:TrackPointExtension></extensions></trkpt>
<trkpt lat="56.82159" lon="-4.04761"><ele>304.6</ele><time>2026-05-24T08:31:40Z</time><extensions><ns3:TrackPointExtension><ns3:hr>140</ns3:hr><ns3:cad>89</ns3:cad></ns3:TrackPointExtension></extensions></trkpt>
<trkpt lat="56.82173" lon="-4.04734"><ele>305.0</ele><time>2026-05-24T08:31:50Z</time><extensions><ns3:TrackPointExtension><ns3:hr>141</ns3:hr><ns3:cad>88</ns3:cad></ns3:TrackPointExtension></extensions></trkpt>
<trkpt lat="56.82187" lon="-4.04707"><ele>305.5</ele><time>2026-05-24T08:32:00Z</time><extensions><ns3:TrackPointExtension><ns3:hr>142</ns3:hr><ns3:cad>88</ns3:cad></ns3:TrackPointExtension></extensions></trkpt>
<trkpt lat="56.82200" lon="-4.04678"><ele>306.0</ele><time>2026-05-24T08:32:10Z</time><extensions><ns3:TrackPointExtension><ns3:hr>143</ns3:hr><ns3:cad>87</ns3:cad></ns3:TrackPointExtension></extensions></trkpt>
<trkpt lat="56.82213" lon="-4.04649"><ele>306.4</ele><time>2026-05-24T08:32:20Z</time><extensions><ns3:TrackPointExtension><ns3:hr>142</ns3:hr><ns3:cad>89</ns3:cad></ns3:TrackPointExtension></extensions></trkpt>
<trkpt lat="56.82226" lon="-4.04620"><ele>306.9</ele><time>2026-05-24T08:32:30Z</time><extensions><ns3:TrackPointExtension><ns3:hr>142</ns3:hr><ns3:cad>89</ns3:cad></ns3:TrackPointExtension></extensions></trkpt>
<trkpt lat="56.82240" lon="-4.04591"><ele>307.3</ele><time>2026-05-24T08:32:40Z</time><extensions><ns3:TrackPointExtension><ns3:hr>139</ns3:hr><ns3:cad>89</ns3:cad></ns3:TrackPointExtension></extensions></trkpt>
<trkpt lat="56.82254" lon="-4.04565"><ele>307.8</ele><time>2026-05-24T08:32:50Z</time><extensions><ns3:TrackPointExtension><ns3:hr>143</ns3:hr><ns3:cad>88</ns3:cad></ns3:TrackPointExtension></extensions></trkpt>
<trkpt lat="56.82270" lon="-4.04540"><ele>308.2</ele><time>2026-05-24T08:33:00Z</time><extensions><ns3:TrackPointExtension><ns3:hr>144</ns3:hr><ns3:cad>87</ns3:cad></ns3:TrackPointExtension></extensions></trkpt>
<trkpt lat="56.82285" lon="-4.04515"><ele>308.7</ele><time>2026-05-24T08:33:10Z</time><extensions><ns3:TrackPointExtension><ns3:hr>142</ns3:hr><ns3:cad>87</ns3:cad></ns3:TrackPointExtension></extensions></trkpt>
<trkpt lat="56.82302" lon="-4.04492"><ele>309.2</ele><time>2026-05-24T08:33:20Z</time><extensions><ns3:TrackPointExtension><ns3:hr>143</ns3:hr><ns3:cad>87</ns3:cad></ns3:TrackPointExtension></extensions></trkpt>
<trkpt lat="56.82318" lon="-4.04469"><ele>309.6</ele><time>2026-05-24T08:33:30Z</time><extensions><ns3:TrackPointExtension><ns3:hr>143</ns3:hr><ns3:cad>87</ns3:cad></ns3:TrackPointExtension></extensions></trkpt>
<trkpt lat="56.82333" lon="-4.04445"><ele>310.1</ele><time>2026-05-24T08:33:40Z</time><extensions><ns3:TrackPointExtension><ns3:hr>139</ns3:hr><ns3:cad>88</ns3:cad></ns3:TrackPointExtension></extensions></trkpt>
<trkpt lat="56.82348" lon="-4.04419"><ele>310.5</ele><time>2026-05-24T08:33:50Z</time><extensions><ns3:TrackPointExtension><ns3:hr>141</ns3:hr><ns3:cad>87</ns3:cad></ns3:TrackPointExtension></extensions></trkpt>
<trkpt lat="56.82362" lon="-4.04390"><ele>311.0</ele><time>2026-05-24T08:34:00Z</time><extensions><ns3:TrackPointExtension><ns3:hr>141</ns3:hr><ns3:cad>86</ns3:cad></ns3:TrackPointExtension></extensions></trkpt>
<trkpt lat="56.82373" lon="-4.04359"><ele>311.5</ele><time>2026-05-24T08:34:10Z</time><extensions><ns3:TrackPointExtension><ns3:hr>143</ns3:hr><ns3:cad>84</ns3:cad></ns3:TrackPointExtension></extensions></trkpt>
<trkpt lat="56.82386" lon="-4.04330"><ele>311.9</ele><time>2026-05-24T08:34:20Z</time><extensions><ns3:TrackPointExtension><ns3:hr>142</ns3:hr><ns3:cad>87</ns3:cad></ns3:TrackPointExtension></extensions></trkpt>
<trkpt lat="56.82400" lon="-4.04302"><ele>312.4</ele><time>2026-05-24T08:34:30Z</time><extensions><ns3:TrackPointExtension><ns3:hr>139</ns3:hr><ns3:cad>87</ns3:cad></ns3:TrackPointExtension></extensions></trkpt>
<trkpt lat="56.82414" lon="-4.04275"><ele>312.8</ele><time>2026-05-24T08:34:40Z</time><extensions><ns3:TrackPointExtension><ns3:hr>142</ns3:hr><ns3:cad>89</ns3:cad></ns3:TrackPointExtension></extensions></trkpt>
<trkpt lat="56.82428" lon="-4.04248"><ele>313.3</ele><time>2026-05-24T08:34:50Z</time><extensions><ns3:TrackPointExtension><ns3:hr>141</ns3:hr><ns3:cad>89</ns3:cad></ns3:TrackPointExtension></extensions></trkpt>
<trkpt lat="56.82443" lon="-4.04221"><ele>313.7</ele><time>2026-05-24T08:35:00Z</time><extensions><ns3:TrackPointExtension><ns3:hr>142</ns3:hr><ns3:cad>86</ns3:cad></ns3:TrackPointExtension></extensions></trkpt>
<trkpt lat="56.82458" lon="-4.04195"><ele>314.2</ele><time>2026-05-24T08:35:10Z</time><extensions><ns3:TrackPointExtension><ns3:hr>143</ns3:hr><ns3:cad>86</ns3:cad></ns3:TrackPointExtension></extensions></trkpt>
<trkpt lat="56.82472" lon="-4.04167"><ele>314.7</ele><time>2026-05-24T08:35:20Z</time><extensions><ns3:TrackPointExtension><ns3:hr>141</ns3:hr><ns3:cad>85</ns3:cad></ns3:TrackPointExtension></extensions></trkpt>
<trkpt lat="56.82484" lon="-4.04138"><ele>315.1</ele><time>2026-05-24T08:35:30Z</time><extensions><ns3:TrackPointExtension><ns3:hr>141</ns3:hr><ns3:cad>86</ns3:cad></ns3:TrackPointExtension></extensions></trkpt>
<trkpt lat="56.82496" lon="-4.04106"><ele>315.6</ele><time>2026-05-24T08:35:40Z</time><extensions><ns3:TrackPointExtension><ns3:hr>143</ns3:hr><ns3:cad>84</ns3:cad></ns3:TrackPointExtension></extensions></trkpt>
<trkpt lat="56.82508" lon="-4.04076"><ele>316.0</ele><time>2026-05-24T08:35:50Z</time><extensions><ns3:TrackPointExtension><ns3:hr>139</ns3:hr><ns3:cad>89</ns3:cad></ns3:TrackPointExtension></extensions></trkpt>
<trkpt lat="56.82521" lon="-4.04047"><ele>316.5</ele><time>2026-05-24T08:36:00Z</time><extensions><ns3:TrackPointExtension><ns3:hr>141</ns3:hr><ns3:cad>86</ns3:cad></ns3:TrackPointExtension></extensions></trkpt>
<trkpt lat="56.82532" lon="-4.04015"><ele>317.0</ele><time>2026-05-24T08:36:10Z</time><extensions><ns3:TrackPointExtension><ns3:hr>140</ns3:hr><ns3:cad>89</ns3:cad></ns3:TrackPointExtension></extensions></trkpt>
<trkpt lat="56.82544" lon="-4.03985"><ele>317.4</ele><time>2026-05-24T08:36:20Z</time><extensions><ns3:TrackPointExtension><ns3:hr>143</ns3:hr><ns3:cad>86</ns3:cad></ns3:TrackPointExtension></extensions></trkpt>
<trkpt lat="56.82556" lon="-4.03953"><ele>317.9</ele><time>2026-05-24T08:36:30Z</time><extensions><ns3:TrackPointExtension><ns3:hr>142</ns3:hr><ns3:cad>86</ns3:cad></ns3:TrackPointExtension></extensions></trkpt>
<trkpt lat="56.82559" lon="-4.03945"><ele>318.0</ele><time>2026-05-24T08:36:32Z</time><extensions><ns3:TrackPointExtension><ns3:hr>143</ns3:hr><ns3:cad>88</ns3:cad></ns3:TrackPointExtension></extensions></trkpt>
<trkpt lat="56.82569" lon="-4.03927"><ele>319.7</ele><time>2026-05-24T08:36:42Z</time><extensions><ns3:TrackPointExtension><ns3:hr>139</ns3:hr><ns3:cad>86</ns3:cad></ns3:TrackPointExtension></extensions></trkpt>
<trkpt lat="56.82578" lon="-4.03908"><ele>321.4</ele><time>2026-05-24T08:36:52Z</time><extensions><ns3:TrackPointExtension><ns3:hr>141</ns3:hr><ns3:cad>85</ns3:cad></ns3:TrackPointExtension></extensions></trkpt>
<trkpt lat="56.82588" lon="-4.03891"><ele>323.1</ele><time>2026-05-24T08:37:02Z</time><extensions><ns3:TrackPointExtension><ns3:hr>144</ns3:hr><ns3:cad>87</ns3:cad></ns3:TrackPointExtension></extensions></trkpt>
<trkpt lat="56.82597" lon="-4.03871"><ele>324.8</ele><time>2026-05-24T08:37:12Z</time><extensions><ns3:TrackPointExtension><ns3:hr>141</ns3:hr><ns3:cad>88</ns3:cad></ns3:TrackPointExtension></extensions></trkpt>
<trkpt lat="56.82606" lon="-4.03851"><ele>326.5</ele><time>2026-05-24T08:37:22Z</time><extensions><ns3:TrackPointExtension><ns3:hr>141</ns3:hr><ns3:cad>87</ns3:cad></ns3:TrackPointExtension></extensions></trkpt>
<trkpt lat="56.82614" lon="-4.03831"><ele>328.2</ele><time>2026-05-24T08:37:32Z</time><extensions><ns3:TrackPointExtension><ns3:hr>141</ns3:hr><ns3:cad>88</ns3:cad></ns3:TrackPointExtension></extensions></trkpt>
<trkpt lat="56.82624" lon="-4.03813"><ele>329.9</ele><time>2026-05-24T08:37:42Z</time><extensions><ns3:TrackPointExtension><ns3:hr>143</ns3:hr><ns3:cad>85</ns3:cad></ns3:TrackPointExtension></extensions></trkpt>
<trkpt lat="56.82633" lon="-4.03793"><ele>331.6</ele><time>2026-05-24T08:37:52Z</time><extensions><ns3:TrackPointExtension><ns3:hr>139</ns3:hr><ns3:cad>88</ns3:cad></ns3:TrackPointExtension></extensions></trkpt>
<trkpt lat="56.82641" lon="-4.03773"><ele>333.3</ele><time>2026-05-24T08:38:02Z</time><extensions><ns3:TrackPointExtension><ns3:hr>143</ns3:hr><ns3:cad>86</ns3:cad></ns3:TrackPointExtension></extensions></trkpt>
<trkpt lat="56.82651" lon="-4.03755"><ele>335.0</ele><time>2026-05-24T08:38:12Z</time><extensions><ns3:TrackPointExtension><ns3:hr>141</ns3:hr><ns3:cad>87</ns3:cad></ns3:TrackPointExtension></extensions></trkpt>
<trkpt lat="56.82659" lon="-4.03735"><ele>336.7</ele><time>2026-05-24T08:38:22Z</time><extensions><ns3:TrackPointExtension><ns3:hr>140</ns3:hr><ns3:cad>88</ns3:cad></ns3:TrackPointExtension></extensions></trkpt>
<trkpt lat="56.82667" lon="-4.03714"><ele>338.4</ele><time>2026-05-24T08:38:32Z</time><extensions><ns3:TrackPointExtension><ns3:hr>142</ns3:hr><ns3:cad>89</ns3:cad></ns3:TrackPointExtension></extensions></trkpt>
<trkpt lat="56.82674" lon="-4.03692"><ele>340.1</ele><time>2026-05-24T08:38:42Z</time><extensions><ns3:TrackPointExtension><ns3:hr>144</ns3:hr><ns3:cad>85</ns3:cad></ns3:TrackPointExtension></extensions></trkpt>
<trkpt lat="56.82682" lon="-4.03671"><ele>341.8</ele><time>2026-05-24T08:38:52Z</time><extensions><ns3:TrackPointExtension><ns3:hr>142</ns3:hr><ns3:cad>86</ns3:cad></ns3:TrackPointExtension></extensions></trkpt>
<trkpt lat="56.82689" lon="-4.03649"><ele>343.5</ele><time>2026-05-24T08:39:02Z</time><extensions><ns3:TrackPointExtension><ns3:hr>141</ns3:hr><ns3:cad>87</ns3:cad></ns3:TrackPointExtension></extensions></trkpt>
<trkpt lat="56.82695" lon="-4.03626"><ele>345.2</ele><time>2026-05-24T08:39:12Z</time><extensions><ns3:TrackPointExtension><ns3:hr>139</ns3:hr><ns3:cad>87</ns3:cad></ns3:TrackPointExtension></extensions></trkpt>
<trkpt lat="56.82703" lon="-4.03605"><ele>346.9</ele><time>2026-05-24T08:39:22Z</time><extensions><ns3:TrackPointExtension><ns3:hr>140</ns3:hr><ns3:cad>85</ns3:cad></ns3:TrackPointExtension></extensions></trkpt>
<trkpt lat="56.82711" lon="-4.03585"><ele>348.6</ele><time>2026-05-24T08:39:32Z</time><extensions><ns3:TrackPointExtension><ns3:hr>141</ns3:hr><ns3:cad>86</ns3:cad></ns3:TrackPointExtension></extensions></trkpt>
<trkpt lat="56.82719" lon="-4.03564"><ele>350.3</ele><time>2026-05-24T08:39:42Z</time><extensions><ns3:TrackPointExtension><ns3:hr>141</ns3:hr><ns3:cad>84</ns3:cad></ns3:TrackPointExtension></extensions></trkpt>
<trkpt lat="56.82727" lon="-4.03543"><ele>352.0</ele><time>2026-05-24T08:39:52Z</time><extensions><ns3:TrackPointExtension><ns3:hr>143</ns3:hr><ns3:cad>89</ns3:cad></ns3:TrackPointExtension></extensions></trkpt>
<trkpt lat="56.82735" lon="-4.03523"><ele>353.7</ele><time>2026-05-24T08:40:02Z</time><extensions><ns3:TrackPointExtension><ns3:hr>143</ns3:hr><ns3:cad>87</ns3:cad></ns3:TrackPointExtension></extensions></trkpt>
<trkpt lat="56.82744" lon="-4.03503"><ele>355.4</ele><time>2026-05-24T08:40:12Z</time><extensions><ns3:TrackPointExtension><ns3:hr>142</ns3:hr><ns3:cad>86</ns3:cad></ns3:TrackPointExtension></extensions></trkpt>
<trkpt lat="56.82752" lon="-4.03482"><ele>357.1</ele><time>2026-05-24T08:40:22Z</time><extensions><ns3:TrackPointExtension><ns3:hr>140</ns3:hr><ns3:cad>86</ns3:cad></ns3:TrackPointExtension></extensions></trkpt>
<trkpt lat="56.82759" lon="-4.03460"><ele>358.8</ele><time>2026-05-24T08:40:32Z</time><extensions><ns3:TrackPointExtension><ns3:hr>140</ns3:hr><ns3:cad>88</ns3:cad></ns3:TrackPointExtension></extensions></trkpt>
<trkpt lat="56.82766" lon="-4.03439"><ele>360.5</ele><time>2026-05-24T08:40:42Z</time><extensions><ns3:TrackPointExtension><ns3:hr>141</ns3:hr><ns3:cad>86</ns3:cad></ns3:TrackPointExtension></extensions></trkpt>
<trkpt lat="56.82772" lon="-4.03416"><ele>362.2</ele><time>2026-05-24T08:40:52Z</time><extensions><ns3:TrackPointExtension><ns3:hr>144</ns3:hr><ns3:cad>89</ns3:cad></ns3:TrackPointExtension></extensions></trkpt>
<trkpt lat="56.82779" lon="-4.03394"><ele>363.9</ele><time>2026-05-24T08:41:02Z</time><extensions><ns3:TrackPointExtension><ns3:hr>140</ns3:hr><ns3:cad>86</ns3:cad></ns3:TrackPointExtension></extensions></trkpt>
<trkpt lat="56.82787" lon="-4.03373"><ele>365.6</ele><time>2026-05-24T08:41:12Z</time><extensions><ns3:TrackPointExtension><ns3:hr>141</ns3:hr><ns3:cad>85</ns3:cad></ns3:TrackPointExtension></extensions></trkpt>
<trkpt lat="56.82796" lon="-4.03353"><ele>367.3</ele><time>2026-05-24T08:41:22Z</time><extensions><ns3:TrackPointExtension><ns3:hr>140</ns3:hr><ns3:cad>86</ns3:cad></ns3:TrackPointExtension></extensions></trkpt>
<trkpt lat="56.82805" lon="-4.03334"><ele>369.0</ele><time>2026-05-24T08:41:32Z</time><extensions><ns3:TrackPointExtension><ns3:hr>140</ns3:hr><ns3:cad>87</ns3:cad></ns3:TrackPointExtension></extensions></trkpt>
<trkpt lat="56.82815" lon="-4.03316"><ele>370.7</ele><time>2026-05-24T08:41:42Z</time><extensions><ns3:TrackPointExtension><ns3:hr>141</ns3:hr><ns3:cad>87</ns3:cad></ns3:TrackPointExtension></extensions></trkpt>
<trkpt lat="56.82824" lon="-4.03298"><ele>372.4</ele><time>2026-05-24T08:41:52Z</time><extensions><ns3:TrackPointExtension><ns3:hr>142</ns3:hr><ns3:cad>86</ns3:cad></ns3:TrackPointExtension></extensions></trkpt>
<trkpt lat="56.82834" lon="-4.03280"><ele>374.1</ele><time>2026-05-24T08:42:02Z</time><extensions><ns3:TrackPointExtension><ns3:hr>144</ns3:hr><ns3:cad>86</ns3:cad></ns3:TrackPointExtension></extensions></trkpt>
<trkpt lat="56.82844" lon="-4.03261"><ele>375.8</ele><time>2026-05-24T08:42:12Z</time><extensions><ns3:TrackPointExtension><ns3:hr>143</ns3:hr><ns3:cad>86</ns3:cad></ns3:TrackPointExtension></extensions></trkpt>
<trkpt lat="56.82852" lon="-4.03241"><ele>377.5</ele><time>2026-05-24T08:42:22Z</time><extensions><ns3:TrackPointExtension><ns3:hr>143</ns3:hr><ns3:cad>84</ns3:cad></ns3:TrackPointExtension></extensions></trkpt>
<trkpt lat="56.82859" lon="-4.03220"><ele>379.2</ele><time>2026-05-24T08:42:32Z</time><extensions><ns3:TrackPointExtension><ns3:hr>142</ns3:hr><ns3:cad>89</ns3:cad></ns3:TrackPointExtension></extensions></trkpt>
<trkpt lat="56.82866" lon="-4.03197"><ele>380.9</ele><time>2026-05-24T08:42:42Z</time><extensions><ns3:TrackPointExtension><ns3:hr>142</ns3:hr><ns3:cad>88</ns3:cad></ns3:TrackPointExtension></extensions></trkpt>
<trkpt lat="56.82871" lon="-4.03173"><ele>382.6</ele><time>2026-05-24T08:42:52Z</time><extensions><ns3:TrackPointExtension><ns3:hr>141</ns3:hr><ns3:cad>87</ns3:cad></ns3:TrackPointExtension></extensions></trkpt>
<trkpt lat="56.82877" lon="-4.03151"><ele>384.3</ele><time>2026-05-24T08:43:02Z</time><extensions><ns3:TrackPointExtension><ns3:hr>144</ns3:hr><ns3:cad>87</ns3:cad></ns3:TrackPointExtension></extensions></trkpt>
<trkpt lat="56.82882" lon="-4.03127"><ele>386.0</ele><time>2026-05-24T08:43:12Z</time><extensions><ns3:TrackPointExtension><ns3:hr>142</ns3:hr><ns3:cad>87</ns3:cad></ns3:TrackPointExtension></extensions></trkpt>
<trkpt lat="56.82886" lon="-4.03103"><ele>387.7</ele><time>2026-05-24T08:43:22Z</time><extensions><ns3:TrackPointExtension><ns3:hr>140</ns3:hr><ns3:cad>86</ns3:cad></ns3:TrackPointExtension></extensions></trkpt>
<trkpt lat="56.82889" lon="-4.03078"><ele>389.4</ele><time>2026-05-24T08:43:32Z</time><extensions><ns3:TrackPointExtension><ns3:hr>141</ns3:hr><ns3:cad>89</ns3:cad></ns3:TrackPointExtension></extensions></trkpt>
<trkpt lat="56.82891" lon="-4.03053"><ele>391.1</ele><time>2026-05-24T08:43:42Z</time><extensions><ns3:TrackPointExtension><ns3:hr>140</ns3:hr><ns3:cad>86</ns3:cad></ns3:TrackPointExtension></extensions></trkpt>
<trkpt lat="56.82893" lon="-4.03028"><ele>392.8</ele><time>2026-05-24T08:43:52Z</time><extensions><ns3:TrackPointExtension><ns3:hr>141</ns3:hr><ns3:cad>88</ns3:cad></ns3:TrackPointExtension></extensions></trkpt>
<trkpt lat="56.82897" lon="-4.03003"><ele>394.5</ele><time>2026-05-24T08:44:02Z</time><extensions><ns3:TrackPointExtension><ns3:hr>140</ns3:hr><ns3:cad>84</ns3:cad></ns3:TrackPointExtension></extensions></trkpt>
<trkpt lat="56.82901" lon="-4.02979"><ele>396.2</ele><time>2026-05-24T08:44:12Z</time><extensions><ns3:TrackPointExtension><ns3:hr>143</ns3:hr><ns3:cad>85</ns3:cad></ns3:TrackPointExtension></extensions></trkpt>
<trkpt lat="56.82905" lon="-4.02955"><ele>397.9</ele><time>2026-05-24T08:44:22Z</time><extensions><ns3:TrackPointExtension><ns3:hr>142</ns3:hr><ns3:cad>85</ns3:cad></ns3:TrackPointExtension></extensions></trkpt>
<trkpt lat="56.82909" lon="-4.02931"><ele>399.6</ele><time>2026-05-24T08:44:32Z</time><extensions><ns3:TrackPointExtension><ns3:hr>141</ns3:hr><ns3:cad>84</ns3:cad></ns3:TrackPointExtension></extensions></trkpt>
<trkpt lat="56.82913" lon="-4.02906"><ele>401.3</ele><time>2026-05-24T08:44:42Z</time><extensions><ns3:TrackPointExtension><ns3:hr>140</ns3:hr><ns3:cad>89</ns3:cad></ns3:TrackPointExtension></extensions></trkpt>
<trkpt lat="56.82917" lon="-4.02882"><ele>403.0</ele><time>2026-05-24T08:44:52Z</time><extensions><ns3:TrackPointExtension><ns3:hr>143</ns3:hr><ns3:cad>85</ns3:cad></ns3:TrackPointExtension></extensions></trkpt>
<trkpt lat="56.82921" lon="-4.02858"><ele>404.7</ele><time>2026-05-24T08:45:02Z</time><extensions><ns3:TrackPointExtension><ns3:hr>139</ns3:hr><ns3:cad>87</ns3:cad></ns3:TrackPointExtension></extensions></trkpt>
<trkpt lat="56.82926" lon="-4.02834"><ele>406.4</ele><time>2026-05-24T08:45:12Z</time><extensions><ns3:TrackPointExtension><ns3:hr>140</ns3:hr><ns3:cad>85</ns3:cad></ns3:TrackPointExtension></extensions></trkpt>
<trkpt lat="56.82930" lon="-4.02809"><ele>408.2</ele><time>2026-05-24T08:45:22Z</time><extensions><ns3:TrackPointExtension><ns3:hr>143</ns3:hr><ns3:cad>88</ns3:cad></ns3:TrackPointExtension></extensions></trkpt>
<trkpt lat="56.82935" lon="-4.02786"><ele>409.9</ele><time>2026-05-24T08:45:32Z</time><extensions><ns3:TrackPointExtension><ns3:hr>143</ns3:hr><ns3:cad>86</ns3:cad></ns3:TrackPointExtension></extensions></trkpt>
<trkpt lat="56.82941" lon="-4.02763"><ele>411.6</ele><time>2026-05-24T08:45:42Z</time><extensions><ns3:TrackPointExtension><ns3:hr>142</ns3:hr><ns3:cad>88</ns3:cad></ns3:TrackPointExtension></extensions></trkpt>
<trkpt lat="56.82946" lon="-4.02740"><ele>413.3</ele><time>2026-05-24T08:45:52Z</time><extensions><ns3:TrackPointExtension><ns3:hr>142</ns3:hr><ns3:cad>85</ns3:cad></ns3:TrackPointExtension></extensions></trkpt>
<trkpt lat="56.82951" lon="-4.02716"><ele>415.0</ele><time>2026-05-24T08:46:02Z</time><extensions><ns3:TrackPointExtension><ns3:hr>143</ns3:hr><ns3:cad>84</ns3:cad></ns3:TrackPointExtension></extensions></trkpt>
<trkpt lat="56.82958" lon="-4.02693"><ele>416.7</ele><time>2026-05-24T08:46:12Z</time><extensions><ns3:TrackPointExtension><ns3:hr>140</ns3:hr><ns3:cad>85</ns3:cad></ns3:TrackPointExtension></extensions></trkpt>
<trkpt lat="56.82965" lon="-4.02671"><ele>418.4</ele><time>2026-05-24T08:46:22Z</time><extensions><ns3:TrackPointExtension><ns3:hr>142</ns3:hr><ns3:cad>88</ns3:cad></ns3:TrackPointExtension></extensions></trkpt>
<trkpt lat="56.82973" lon="-4.02651"><ele>420.1</ele><time>2026-05-24T08:46:32Z</time><extensions><ns3:TrackPointExtension><ns3:hr>144</ns3:hr><ns3:cad>89</ns3:cad></ns3:TrackPointExtension></extensions></trkpt>
<trkpt lat="56.82981" lon="-4.02630"><ele>421.8</ele><time>2026-05-24T08:46:42Z</time><extensions><ns3:TrackPointExtension><ns3:hr>144</ns3:hr><ns3:cad>88</ns3:cad></ns3:TrackPointExtension></extensions></trkpt>
<trkpt lat="56.82989" lon="-4.02609"><ele>423.5</ele><time>2026-05-24T08:46:52Z</time><extensions><ns3:TrackPointExtension><ns3:hr>140</ns3:hr><ns3:cad>89</ns3:cad></ns3:TrackPointExtension></extensions></trkpt>
<trkpt lat="56.82996" lon="-4.02588"><ele>425.2</ele><time>2026-05-24T08:47:02Z</time><extensions><ns3:TrackPointExtension><ns3:hr>143</ns3:hr><ns3:cad>85</ns3:cad></ns3:TrackPointExtension></extensions></trkpt>
<trkpt lat="56.83005" lon="-4.02567"><ele>426.9</ele><time>2026-05-24T08:47:12Z</time><extensions><ns3:TrackPointExtension><ns3:hr>139</ns3:hr><ns3:cad>87</ns3:cad></ns3:TrackPointExtension></extensions></trkpt>
<trkpt lat="56.83012" lon="-4.02546"><ele>428.6</ele><time>2026-05-24T08:47:22Z</time><extensions><ns3:TrackPointExtension><ns3:hr>142</ns3:hr><ns3:cad>84</ns3:cad></ns3:TrackPointExtension></extensions></trkpt>
<trkpt lat="56.83018" lon="-4.02523"><ele>430.3</ele><time>2026-05-24T08:47:32Z</time><extensions><ns3:TrackPointExtension><ns3:hr>144</ns3:hr><ns3:cad>85</ns3:cad></ns3:TrackPointExtension></extensions></trkpt>
<trkpt lat="56.83025" lon="-4.02502"><ele>432.0</ele><time>2026-05-24T08:47:42Z</time><extensions><ns3:TrackPointExtension><ns3:hr>139</ns3:hr><ns3:cad>85</ns3:cad></ns3:TrackPointExtension></extensions></trkpt>
<trkpt lat="56.83032" lon="-4.02479"><ele>433.7</ele><time>2026-05-24T08:47:52Z</time><extensions><ns3:TrackPointExtension><ns3:hr>139</ns3:hr><ns3:cad>88</ns3:cad></ns3:TrackPointExtension></extensions></trkpt>
<trkpt lat="56.83037" lon="-4.02456"><ele>435.4</ele><time>2026-05-24T08:48:02Z</time><extensions><ns3:TrackPointExtension><ns3:hr>140</ns3:hr><ns3:cad>84</ns3:cad></ns3:TrackPointExtension></extensions></trkpt>
<trkpt lat="56.83042" lon="-4.02432"><ele>437.1</ele><time>2026-05-24T08:48:12Z</time><extensions><ns3:TrackPointExtension><ns3:hr>142</ns3:hr><ns3:cad>85</ns3:cad></ns3:TrackPointExtension></extensions></trkpt>
<trkpt lat="56.83047" lon="-4.02408"><ele>438.8</ele><time>2026-05-24T08:48:22Z</time><extensions><ns3:TrackPointExtension><ns3:hr>141</ns3:hr><ns3:cad>85</ns3:cad></ns3:TrackPointExtension></extensions></trkpt>
<trkpt lat="56.83051" lon="-4.02384"><ele>440.5</ele><time>2026-05-24T08:48:32Z</time><extensions><ns3:TrackPointExtension><ns3:hr>144</ns3:hr><ns3:cad>89</ns3:cad></ns3:TrackPointExtension></extensions></trkpt>
<trkpt lat="56.83056" lon="-4.02360"><ele>442.2</ele><time>2026-05-24T08:48:42Z</time><extensions><ns3:TrackPointExtension><ns3:hr>142</ns3:hr><ns3:cad>89</ns3:cad></ns3:TrackPointExtension></extensions></trkpt>
<trkpt lat="56.83062" lon="-4.02337"><ele>443.9</ele><time>2026-05-24T08:48:52Z</time><extensions><ns3:TrackPointExtension><ns3:hr>141</ns3:hr><ns3:cad>87</ns3:cad></ns3:TrackPointExtension></extensions></trkpt>
<trkpt lat="56.83068" lon="-4.02315"><ele>445.6</ele><time>2026-05-24T08:49:02Z</time><extensions><ns3:TrackPointExtension><ns3:hr>141</ns3:hr><ns3:cad>87</ns3:cad></ns3:TrackPointExtension></extensions></trkpt>
<trkpt lat="56.83075" lon="-4.02293"><ele>447.3</ele><time>2026-05-24T08:49:12Z</time><extensions><ns3:TrackPointExtension><ns3:hr>144</ns3:hr><ns3:cad>85</ns3:cad></ns3:TrackPointExtension></extensions></trkpt>
<trkpt lat="56.83082" lon="-4.02271"><ele>449.0</ele><time>2026-05-24T08:49:22Z</time><extensions><ns3:TrackPointExtension><ns3:hr>140</ns3:hr><ns3:cad>89</ns3:cad></ns3:TrackPointExtension></extensions></trkpt>
<trkpt lat="56.83090" lon="-4.02249"><ele>450.7</ele><time>2026-05-24T08:49:32Z</time><extensions><ns3:TrackPointExtension><ns3:hr>142</ns3:hr><ns3:cad>85</ns3:cad></ns3:TrackPointExtension></extensions></trkpt>
<trkpt lat="56.83097" lon="-4.02228"><ele>452.4</ele><time>2026-05-24T08:49:42Z</time><extensions><ns3:TrackPointExtension><ns3:hr>142</ns3:hr><ns3:cad>84</ns3:cad></ns3:TrackPointExtension></extensions></trkpt>
<trkpt lat="56.83104" lon="-4.02206"><ele>454.1</ele><time>2026-05-24T08:49:52Z</time><extensions><ns3:TrackPointExtension><ns3:hr>140</ns3:hr><ns3:cad>89</ns3:cad></ns3:TrackPointExtension></extensions></trkpt>
<trkpt lat="56.83109" lon="-4.02182"><ele>455.8</ele><time>2026-05-24T08:50:02Z</time><extensions><ns3:TrackPointExtension><ns3:hr>140</ns3:hr><ns3:cad>89</ns3:cad></ns3:TrackPointExtension></extensions></trkpt>
<trkpt lat="56.83114" lon="-4.02159"><ele>457.5</ele><time>2026-05-24T08:50:12Z</time><extensions><ns3:TrackPointExtension><ns3:hr>143</ns3:hr><ns3:cad>86</ns3:cad></ns3:TrackPointExtension></extensions></trkpt>
<trkpt lat="56.83121" lon="-4.02136"><ele>459.2</ele><time>2026-05-24T08:50:22Z</time><extensions><ns3:TrackPointExtension><ns3:hr>141</ns3:hr><ns3:cad>86</ns3:cad></ns3:TrackPointExtension></extensions></trkpt>
<trkpt lat="56.83126" lon="-4.02113"><ele>460.9</ele><time>2026-05-24T08:50:32Z</time><extensions><ns3:TrackPointExtension><ns3:hr>142</ns3:hr><ns3:cad>88</ns3:cad></ns3:TrackPointExtension></extensions></trkpt>
<trkpt lat="56.83130" lon="-4.02089"><ele>462.6</ele><time>2026-05-24T08:50:42Z</time><extensions><ns3:TrackPointExtension><ns3:hr>140</ns3:hr><ns3:cad>85</ns3:cad></ns3:TrackPointExtension></extensions></trkpt>
<trkpt lat="56.83135" lon="-4.02065"><ele>464.3</ele><time>2026-05-24T08:50:52Z</time><extensions><ns3:TrackPointExtension><ns3:hr>144</ns3:hr><ns3:cad>84</ns3:cad></ns3:TrackPointExtension></extensions></trkpt>
<trkpt lat="56.83141" lon="-4.02042"><ele>466.0</ele><time>2026-05-24T08:51:02Z</time><extensions><ns3:TrackPointExtension><ns3:hr>140</ns3:hr><ns3:cad>88</ns3:cad></ns3:TrackPointExtension></extensions></trkpt>
<trkpt lat="56.83147" lon="-4.02019"><ele>467.7</ele><time>2026-05-24T08:51:12Z</time><extensions><ns3:TrackPointExtension><ns3:hr>143</ns3:hr><ns3:cad>84</ns3:cad></ns3:TrackPointExtension></extensions></trkpt>
<trkpt lat="56.83152" lon="-4.01995"><ele>469.4</ele><time>2026-05-24T08:51:22Z</time><extensions><ns3:TrackPointExtension><ns3:hr>141</ns3:hr><ns3:cad>84</ns3:cad></ns3:TrackPointExtension></extensions></trkpt>
<trkpt lat="56.83156" lon="-4.01971"><ele>471.1</ele><time>2026-05-24T08:51:32Z</time><extensions><ns3:TrackPointExtension><ns3:hr>141</ns3:hr><ns3:cad>84</ns3:cad></ns3:TrackPointExtension></extensions></trkpt>
<trkpt lat="56.83161" lon="-4.01948"><ele>472.8</ele><time>2026-05-24T08:51:42Z</time><extensions><ns3:TrackPointExtension><ns3:hr>144</ns3:hr><ns3:cad>84</ns3:cad></ns3:TrackPointExtension></extensions></trkpt>
<trkpt lat="56.83166" lon="-4.01923"><ele>474.5</ele><time>2026-05-24T08:51:52Z</time><extensions><ns3:TrackPointExtension><ns3:hr>142</ns3:hr><ns3:cad>85</ns3:cad></ns3:TrackPointExtension></extensions></trkpt>
<trkpt lat="56.83171" lon="-4.01900"><ele>476.2</ele><time>2026-05-24T08:52:02Z</time><extensions><ns3:TrackPointExtension><ns3:hr>141</ns3:hr><ns3:cad>87</ns3:cad></ns3:TrackPointExtension></extensions></trkpt>
<trkpt lat="56.83175" lon="-4.01876"><ele>477.9</ele><time>2026-05-24T08:52:12Z</time><extensions><ns3:TrackPointExtension><ns3:hr>143</ns3:hr><ns3:cad>85</ns3:cad></ns3:TrackPointExtension></extensions></trkpt>
<trkpt lat="56.83180" lon="-4.01852"><ele>479.6</ele><time>2026-05-24T08:52:22Z</time><extensions><ns3:TrackPointExtension><ns3:hr>143</ns3:hr><ns3:cad>86</ns3:cad></ns3:TrackPointExtension></extensions></trkpt>
<trkpt lat="56.83185" lon="-4.01828"><ele>481.3</ele><time>2026-05-24T08:52:32Z</time><extensions><ns3:TrackPointExtension><ns3:hr>143</ns3:hr><ns3:cad>85</ns3:cad></ns3:TrackPointExtension></extensions></trkpt>
<trkpt lat="56.83190" lon="-4.01804"><ele>483.0</ele><time>2026-05-24T08:52:42Z</time><extensions><ns3:TrackPointExtension><ns3:hr>144</ns3:hr><ns3:cad>85</ns3:cad></ns3:TrackPointExtension></extensions></trkpt>
<trkpt lat="56.83195" lon="-4.01781"><ele>484.7</ele><time>2026-05-24T08:52:52Z</time><extensions><ns3:TrackPointExtension><ns3:hr>140</ns3:hr><ns3:cad>85</ns3:cad></ns3:TrackPointExtension></extensions></trkpt>
<trkpt lat="56.83202" lon="-4.01758"><ele>486.4</ele><time>2026-05-24T08:53:02Z</time><extensions><ns3:TrackPointExtension><ns3:hr>140</ns3:hr><ns3:cad>87</ns3:cad></ns3:TrackPointExtension></extensions></trkpt>
<trkpt lat="56.83208" lon="-4.01736"><ele>488.1</ele><time>2026-05-24T08:53:12Z</time><extensions><ns3:TrackPointExtension><ns3:hr>144</ns3:hr><ns3:cad>85</ns3:cad></ns3:TrackPointExtension></extensions></trkpt>
<trkpt lat="56.83213" lon="-4.01712"><ele>489.8</ele><time>2026-05-24T08:53:22Z</time><extensions><ns3:TrackPointExtension><ns3:hr>141</ns3:hr><ns3:cad>88</ns3:cad></ns3:TrackPointExtension></extensions></trkpt>
<trkpt lat="56.83219" lon="-4.01689"><ele>491.5</ele><time>2026-05-24T08:53:32Z</time><extensions><ns3:TrackPointExtension><ns3:hr>140</ns3:hr><ns3:cad>85</ns3:cad></ns3:TrackPointExtension></extensions></trkpt>
<trkpt lat="56.83226" lon="-4.01667"><ele>493.2</ele><time>2026-05-24T08:53:42Z</time><extensions><ns3:TrackPointExtension><ns3:hr>143</ns3:hr><ns3:cad>84</ns3:cad></ns3:TrackPointExtension></extensions></trkpt>
<trkpt lat="56.83232" lon="-4.01644"><ele>494.9</ele><time>2026-05-24T08:53:52Z</time><extensions><ns3:TrackPointExtension><ns3:hr>144</ns3:hr><ns3:cad>89</ns3:cad></ns3:TrackPointExtension></extensions></trkpt>
<trkpt lat="56.83237" lon="-4.01621"><ele>496.6</ele><time>2026-05-24T08:54:02Z</time><extensions><ns3:TrackPointExtension><ns3:hr>144</ns3:hr><ns3:cad>87</ns3:cad></ns3:TrackPointExtension></extensions></trkpt>
<trkpt lat="56.83243" lon="-4.01597"><ele>498.3</ele><time>2026-05-24T08:54:12Z</time><extensions><ns3:TrackPointExtension><ns3:hr>143</ns3:hr><ns3:cad>87</ns3:cad></ns3:TrackPointExtension></extensions></trkpt>
<trkpt lat="56.83249" lon="-4.01574"><ele>500.0</ele><time>2026-05-24T08:54:22Z</time><extensions><ns3:TrackPointExtension><ns3:hr>144</ns3:hr><ns3:cad>88</ns3:cad></ns3:TrackPointExtension></extensions></trkpt>
<trkpt lat="56.83253" lon="-4.01550"><ele>501.7</ele><time>2026-05-24T08:54:32Z</time><extensions><ns3:TrackPointExtension><ns3:hr>142</ns3:hr><ns3:cad>86</ns3:cad></ns3:TrackPointExtension></extensions></trkpt>
<trkpt lat="56.83256" lon="-4.01526"><ele>503.4</ele><time>2026-05-24T08:54:42Z</time><extensions><ns3:TrackPointExtension><ns3:hr>143</ns3:hr><ns3:cad>85</ns3:cad></ns3:TrackPointExtension></extensions></trkpt>
<trkpt lat="56.83257" lon="-4.01502"><ele>505.0</ele><time>2026-05-24T08:54:52Z</time><extensions><ns3:TrackPointExtension><ns3:hr>144</ns3:hr><ns3:cad>88</ns3:cad></ns3:TrackPointExtension></extensions></trkpt>
<trkpt lat="56.83260" lon="-4.01484"><ele>507.3</ele><time>2026-05-24T08:55:02Z</time><extensions><ns3:TrackPointExtension><ns3:hr>141</ns3:hr><ns3:cad>89</ns3:cad></ns3:TrackPointExtension></extensions></trkpt>
<trkpt lat="56.83262" lon="-4.01466"><ele>509.5</ele><time>2026-05-24T08:55:12Z</time><extensions><ns3:TrackPointExtension><ns3:hr>140</ns3:hr><ns3:cad>86</ns3:cad></ns3:TrackPointExtension></extensions></trkpt>
<trkpt lat="56.83264" lon="-4.01447"><ele>511.8</ele><time>2026-05-24T08:55:22Z</time><extensions><ns3:TrackPointExtension><ns3:hr>143</ns3:hr><ns3:cad>88</ns3:cad></ns3:TrackPointExtension></extensions></trkpt>
<trkpt lat="56.83266" lon="-4.01429"><ele>514.1</ele><time>2026-05-24T08:55:32Z</time><extensions><ns3:TrackPointExtension><ns3:hr>143</ns3:hr><ns3:cad>86</ns3:cad></ns3:TrackPointExtension></extensions></trkpt>
<trkpt lat="56.83268" lon="-4.01411"><ele>516.4</ele><time>2026-05-24T08:55:42Z</time><extensions><ns3:TrackPointExtension><ns3:hr>141</ns3:hr><ns3:cad>86</ns3:cad></ns3:TrackPointExtension></extensions></trkpt>
<trkpt lat="56.83271" lon="-4.01393"><ele>518.6</ele><time>2026-05-24T08:55:52Z</time><extensions><ns3:TrackPointExtension><ns3:hr>142</ns3:hr><ns3:cad>89</ns3:cad></ns3:TrackPointExtension></extensions></trkpt>
<trkpt lat="56.83274" lon="-4.01375"><ele>520.9</ele><time>2026-05-24T08:56:02Z</time><extensions><ns3:TrackPointExtension><ns3:hr>140</ns3:hr><ns3:cad>89</ns3:cad></ns3:TrackPointExtension></extensions></trkpt>
<trkpt lat="56.83277" lon="-4.01357"><ele>523.2</ele><time>2026-05-24T08:56:12Z</time><extensions><ns3:TrackPointExtension><ns3:hr>140</ns3:hr><ns3:cad>87</ns3:cad></ns3:TrackPointExtension></extensions></trkpt>
<trkpt lat="56.83281" lon="-4.01340"><ele>525.5</ele><time>2026-05-24T08:56:22Z</time><extensions><ns3:TrackPointExtension><ns3:hr>140</ns3:hr><ns3:cad>88</ns3:cad></ns3:TrackPointExtension></extensions></trkpt>
<trkpt lat="56.83284" lon="-4.01322"><ele>527.7</ele><time>2026-05-24T08:56:32Z</time><extensions><ns3:TrackPointExtension><ns3:hr>144</ns3:hr><ns3:cad>87</ns3:cad></ns3:TrackPointExtension></extensions></trkpt>
<trkpt lat="56.83288" lon="-4.01305"><ele>530.0</ele><time>2026-05-24T08:56:42Z</time><extensions><ns3:TrackPointExtension><ns3:hr>142</ns3:hr><ns3:cad>89</ns3:cad></ns3:TrackPointExtension></extensions></trkpt>
<trkpt lat="56.83290" lon="-4.01287"><ele>532.3</ele><time>2026-05-24T08:56:52Z</time><extensions><ns3:TrackPointExtension><ns3:hr>140</ns3:hr><ns3:cad>89</ns3:cad></ns3:TrackPointExtension></extensions></trkpt>
<trkpt lat="56.83292" lon="-4.01268"><ele>534.6</ele><time>2026-05-24T08:57:02Z</time><extensions><ns3:TrackPointExtension><ns3:hr>143</ns3:hr><ns3:cad>87</ns3:cad></ns3:TrackPointExtension></extensions></trkpt>
<trkpt lat="56.83295" lon="-4.01250"><ele>536.8</ele><time>2026-05-24T08:57:12Z</time><extensions><ns3:TrackPointExtension><ns3:hr>140</ns3:hr><ns3:cad>85</ns3:cad></ns3:TrackPointExtension></extensions></trkpt>
<trkpt lat="56.83298" lon="-4.01233"><ele>539.1</ele><time>2026-05-24T08:57:22Z</time><extensions><ns3:TrackPointExtension><ns3:hr>143</ns3:hr><ns3:cad>87</ns3:cad></ns3:TrackPointExtension></extensions></trkpt>
<trkpt lat="56.83301" lon="-4.01215"><ele>541.4</ele><time>2026-05-24T08:57:32Z</time><extensions><ns3:TrackPointExtension><ns3:hr>143</ns3:hr><ns3:cad>87</ns3:cad></ns3:TrackPointExtension></extensions></trkpt>
<trkpt lat="56.83304" lon="-4.01197"><ele>543.7</ele><time>2026-05-24T08:57:42Z</time><extensions><ns3:TrackPointExtension><ns3:hr>140</ns3:hr><ns3:cad>85</ns3:cad></ns3:TrackPointExtension></extensions></trkpt>
<trkpt lat="56.83309" lon="-4.01180"><ele>545.9</ele><time>2026-05-24T08:57:52Z</time><extensions><ns3:TrackPointExtension><ns3:hr>141</ns3:hr><ns3:cad>87</ns3:cad></ns3:TrackPointExtension></extensions></trkpt>
<trkpt lat="56.83313" lon="-4.01163"><ele>548.2</ele><time>2026-05-24T08:58:02Z</time><extensions><ns3:TrackPointExtension><ns3:hr>142</ns3:hr><ns3:cad>87</ns3:cad></ns3:TrackPointExtension></extensions></trkpt>
<trkpt lat="56.83318" lon="-4.01147"><ele>550.5</ele><time>2026-05-24T08:58:12Z</time><extensions><ns3:TrackPointExtension><ns3:hr>142</ns3:hr><ns3:cad>86</ns3:cad></ns3:TrackPointExtension></extensions></trkpt>
<trkpt lat="56.83323" lon="-4.01131"><ele>552.7</ele><time>2026-05-24T08:58:22Z</time><extensions><ns3:TrackPointExtension><ns3:hr>144</ns3:hr><ns3:cad>85</ns3:cad></ns3:TrackPointExtension></extensions></trkpt>
<trkpt lat="56.83328" lon="-4.01115"><ele>555.0</ele><time>2026-05-24T08:58:32Z</time><extensions><ns3:TrackPointExtension><ns3:hr>142</ns3:hr><ns3:cad>87</ns3:cad></ns3:TrackPointExtension></extensions></trkpt>
<trkpt lat="56.83334" lon="-4.01099"><ele>557.3</ele><time>2026-05-24T08:58:42Z</time><extensions><ns3:TrackPointExtension><ns3:hr>143</ns3:hr><ns3:cad>84</ns3:cad></ns3:TrackPointExtension></extensions></trkpt>
<trkpt lat="56.83340" lon="-4.01084"><ele>559.6</ele><time>2026-05-24T08:58:52Z</time><extensions><ns3:TrackPointExtension><ns3:hr>140</ns3:hr><ns3:cad>84</ns3:cad></ns3:TrackPointExtension></extensions></trkpt>
<trkpt lat="56.83346" lon="-4.01070"><ele>561.8</ele><time>2026-05-24T08:59:02Z</time><extensions><ns3:TrackPointExtension><ns3:hr>141</ns3:hr><ns3:cad>86</ns3:cad></ns3:TrackPointExtension></extensions></trkpt>
<trkpt lat="56.83352" lon="-4.01054"><ele>564.1</ele><time>2026-05-24T08:59:12Z</time><extensions><ns3:TrackPointExtension><ns3:hr>142</ns3:hr><ns3:cad>86</ns3:cad></ns3:TrackPointExtension></extensions></trkpt>
<trkpt lat="56.83357" lon="-4.01038"><ele>566.4</ele><time>2026-05-24T08:59:22Z</time><extensions><ns3:TrackPointExtension><ns3:hr>144</ns3:hr><ns3:cad>89</ns3:cad></ns3:TrackPointExtension></extensions></trkpt>
<trkpt lat="56.83362" lon="-4.01022"><ele>568.7</ele><time>2026-05-24T08:59:32Z</time><extensions><ns3:TrackPointExtension><ns3:hr>143</ns3:hr><ns3:cad>85</ns3:cad></ns3:TrackPointExtension></extensions></trkpt>
<trkpt lat="56.83367" lon="-4.01006"><ele>570.9</ele><time>2026-05-24T08:59:42Z</time><extensions><ns3:TrackPointExtension><ns3:hr>143</ns3:hr><ns3:cad>88</ns3:cad></ns3:TrackPointExtension></extensions></trkpt>
<trkpt lat="56.83373" lon="-4.00990"><ele>573.2</ele><time>2026-05-24T08:59:52Z</time><extensions><ns3:TrackPointExtension><ns3:hr>142</ns3:hr><ns3:cad>84</ns3:cad></ns3:TrackPointExtension></extensions></trkpt>
<trkpt lat="56.83378" lon="-4.00974"><ele>575.5</ele><time>2026-05-24T09:00:02Z</time><extensions><ns3:TrackPointExtension><ns3:hr>140</ns3:hr><ns3:cad>85</ns3:cad></ns3:TrackPointExtension></extensions></trkpt>
<trkpt lat="56.83383" lon="-4.00957"><ele>577.8</ele><time>2026-05-24T09:00:12Z</time><extensions><ns3:TrackPointExtension><ns3:hr>143</ns3:hr><ns3:cad>86</ns3:cad></ns3:TrackPointExtension></extensions></trkpt>
<trkpt lat="56.83388" lon="-4.00941"><ele>580.0</ele><time>2026-05-24T09:00:22Z</time><extensions><ns3:TrackPointExtension><ns3:hr>141</ns3:hr><ns3:cad>86</ns3:cad></ns3:TrackPointExtension></extensions></trkpt>
<trkpt lat="56.83391" lon="-4.00924"><ele>582.3</ele><time>2026-05-24T09:00:32Z</time><extensions><ns3:TrackPointExtension><ns3:hr>144</ns3:hr><ns3:cad>86</ns3:cad></ns3:TrackPointExtension></extensions></trkpt>
<trkpt lat="56.83396" lon="-4.00907"><ele>584.6</ele><time>2026-05-24T09:00:42Z</time><extensions><ns3:TrackPointExtension><ns3:hr>140</ns3:hr><ns3:cad>84</ns3:cad></ns3:TrackPointExtension></extensions></trkpt>
<trkpt lat="56.83400" lon="-4.00889"><ele>586.8</ele><time>2026-05-24T09:00:52Z</time><extensions><ns3:TrackPointExtension><ns3:hr>144</ns3:hr><ns3:cad>89</ns3:cad></ns3:TrackPointExtension></extensions></trkpt>
<trkpt lat="56.83403" lon="-4.00872"><ele>589.1</ele><time>2026-05-24T09:01:02Z</time><extensions><ns3:TrackPointExtension><ns3:hr>141</ns3:hr><ns3:cad>86</ns3:cad></ns3:TrackPointExtension></extensions></trkpt>
<trkpt lat="56.83406" lon="-4.00854"><ele>591.4</ele><time>2026-05-24T09:01:12Z</time><extensions><ns3:TrackPointExtension><ns3:hr>140</ns3:hr><ns3:cad>87</ns3:cad></ns3:TrackPointExtension></extensions></trkpt>
<trkpt lat="56.83407" lon="-4.00835"><ele>593.7</ele><time>2026-05-24T09:01:22Z</time><extensions><ns3:TrackPointExtension><ns3:hr>143</ns3:hr><ns3:cad>89</ns3:cad></ns3:TrackPointExtension></extensions></trkpt>
<trkpt lat="56.83407" lon="-4.00817"><ele>595.9</ele><time>2026-05-24T09:01:32Z</time><extensions><ns3:TrackPointExtension><ns3:hr>144</ns3:hr><ns3:cad>85</ns3:cad></ns3:TrackPointExtension></extensions></trkpt>
<trkpt lat="56.83408" lon="-4.00798"><ele>598.2</ele><time>2026-05-24T09:01:42Z</time><extensions><ns3:TrackPointExtension><ns3:hr>141</ns3:hr><ns3:cad>89</ns3:cad></ns3:TrackPointExtension></extensions></trkpt>
<trkpt lat="56.83408" lon="-4.00779"><ele>600.5</ele><time>2026-05-24T09:01:52Z</time><extensions><ns3:TrackPointExtension><ns3:hr>142</ns3:hr><ns3:cad>86</ns3:cad></ns3:TrackPointExtension></extensions></trkpt>
<trkpt lat="56.83407" lon="-4.00761"><ele>602.8</ele><time>2026-05-24T09:02:02Z</time><extensions><ns3:TrackPointExtension><ns3:hr>142</ns3:hr><ns3:cad>87</ns3:cad></ns3:TrackPointExtension></extensions></trkpt>
<trkpt lat="56.83407" lon="-4.00742"><ele>605.0</ele><time>2026-05-24T09:02:12Z</time><extensions><ns3:TrackPointExtension><ns3:hr>144</ns3:hr><ns3:cad>84</ns3:cad></ns3:TrackPointExtension></extensions></trkpt>
<trkpt lat="56.83407" lon="-4.00723"><ele>607.3</ele><time>2026-05-24T09:02:22Z</time><extensions><ns3:TrackPointExtension><ns3:hr>141</ns3:hr><ns3:cad>85</ns3:cad></ns3:TrackPointExtension></extensions></trkpt>
<trkpt lat="56.83407" lon="-4.00705"><ele>609.6</ele><time>2026-05-24T09:02:32Z</time><extensions><ns3:TrackPointExtension><ns3:hr>140</ns3:hr><ns3:cad>88</ns3:cad></ns3:TrackPointExtension></extensions></trkpt>
<trkpt lat="56.83407" lon="-4.00686"><ele>611.9</ele><time>2026-05-24T09:02:42Z</time><extensions><ns3:TrackPointExtension><ns3:hr>141</ns3:hr><ns3:cad>87</ns3:cad></ns3:TrackPointExtension></extensions></trkpt>
<trkpt lat="56.83407" lon="-4.00667"><ele>614.1</ele><time>2026-05-24T09:02:52Z</time><extensions><ns3:TrackPointExtension><ns3:hr>143</ns3:hr><ns3:cad>86</ns3:cad></ns3:TrackPointExtension></extensions></trkpt>
<trkpt lat="56.83409" lon="-4.00649"><ele>616.4</ele><time>2026-05-24T09:03:02Z</time><extensions><ns3:TrackPointExtension><ns3:hr>143</ns3:hr><ns3:cad>87</ns3:cad></ns3:TrackPointExtension></extensions></trkpt>
<trkpt lat="56.83409" lon="-4.00630"><ele>618.7</ele><time>2026-05-24T09:03:12Z</time><extensions><ns3:TrackPointExtension><ns3:hr>141</ns3:hr><ns3:cad>85</ns3:cad></ns3:TrackPointExtension></extensions></trkpt>
<trkpt lat="56.83409" lon="-4.00612"><ele>621.0</ele><time>2026-05-24T09:03:22Z</time><extensions><ns3:TrackPointExtension><ns3:hr>143</ns3:hr><ns3:cad>86</ns3:cad></ns3:TrackPointExtension></extensions></trkpt>
<trkpt lat="56.83410" lon="-4.00593"><ele>623.2</ele><time>2026-05-24T09:03:32Z</time><extensions><ns3:TrackPointExtension><ns3:hr>144</ns3:hr><ns3:cad>84</ns3:cad></ns3:TrackPointExtension></extensions></trkpt>
<trkpt lat="56.83411" lon="-4.00575"><ele>625.5</ele><time>2026-05-24T09:03:42Z</time><extensions><ns3:TrackPointExtension><ns3:hr>143</ns3:hr><ns3:cad>88</ns3:cad></ns3:TrackPointExtension></extensions></trkpt>
<trkpt lat="56.83413" lon="-4.00556"><ele>627.8</ele><time>2026-05-24T09:03:52Z</time><extensions><ns3:TrackPointExtension><ns3:hr>143</ns3:hr><ns3:cad>87</ns3:cad></ns3:TrackPointExtension></extensions></trkpt>
<trkpt lat="56.83414" lon="-4.00538"><ele>630.0</ele><time>2026-05-24T09:04:02Z</time><extensions><ns3:TrackPointExtension><ns3:hr>143</ns3:hr><ns3:cad>88</ns3:cad></ns3:TrackPointExtension></extensions></trkpt>
<trkpt lat="56.83416" lon="-4.00519"><ele>632.3</ele><time>2026-05-24T09:04:12Z</time><extensions><ns3:TrackPointExtension><ns3:hr>144</ns3:hr><ns3:cad>87</ns3:cad></ns3:TrackPointExtension></extensions></trkpt>
<trkpt lat="56.83418" lon="-4.00501"><ele>634.6</ele><time>2026-05-24T09:04:22Z</time><extensions><ns3:TrackPointExtension><ns3:hr>144</ns3:hr><ns3:cad>88</ns3:cad></ns3:TrackPointExtension></extensions></trkpt>
<trkpt lat="56.83420" lon="-4.00483"><ele>636.9</ele><time>2026-05-24T09:04:32Z</time><extensions><ns3:TrackPointExtension><ns3:hr>143</ns3:hr><ns3:cad>88</ns3:cad></ns3:TrackPointExtension></extensions></trkpt>
<trkpt lat="56.83423" lon="-4.00465"><ele>639.1</ele><time>2026-05-24T09:04:42Z</time><extensions><ns3:TrackPointExtension><ns3:hr>142</ns3:hr><ns3:cad>89</ns3:cad></ns3:TrackPointExtension></extensions></trkpt>
<trkpt lat="56.83427" lon="-4.00448"><ele>641.4</ele><time>2026-05-24T09:04:52Z</time><extensions><ns3:TrackPointExtension><ns3:hr>143</ns3:hr><ns3:cad>86</ns3:cad></ns3:TrackPointExtension></extensions></trkpt>
<trkpt lat="56.83431" lon="-4.00430"><ele>643.7</ele><time>2026-05-24T09:05:02Z</time><extensions><ns3:TrackPointExtension><ns3:hr>143</ns3:hr><ns3:cad>88</ns3:cad></ns3:TrackPointExtension></extensions></trkpt>
<trkpt lat="56.83435" lon="-4.00414"><ele>646.0</ele><time>2026-05-24T09:05:12Z</time><extensions><ns3:TrackPointExtension><ns3:hr>143</ns3:hr><ns3:cad>86</ns3:cad></ns3:TrackPointExtension></extensions></trkpt>
<trkpt lat="56.83439" lon="-4.00396"><ele>648.2</ele><time>2026-05-24T09:05:22Z</time><extensions><ns3:TrackPointExtension><ns3:hr>141</ns3:hr><ns3:cad>85</ns3:cad></ns3:TrackPointExtension></extensions></trkpt>
<trkpt lat="56.83443" lon="-4.00379"><ele>650.5</ele><time>2026-05-24T09:05:32Z</time><extensions><ns3:TrackPointExtension><ns3:hr>144</ns3:hr><ns3:cad>87</ns3:cad></ns3:TrackPointExtension></extensions></trkpt>
<trkpt lat="56.83445" lon="-4.00360"><ele>652.8</ele><time>2026-05-24T09:05:42Z</time><extensions><ns3:TrackPointExtension><ns3:hr>140</ns3:hr><ns3:cad>89</ns3:cad></ns3:TrackPointExtension></extensions></trkpt>
<trkpt lat="56.83448" lon="-4.00343"><ele>655.1</ele><time>2026-05-24T09:05:52Z</time><extensions><ns3:TrackPointExtension><ns3:hr>142</ns3:hr><ns3:cad>85</ns3:cad></ns3:TrackPointExtension></extensions></trkpt>
<trkpt lat="56.83451" lon="-4.00325"><ele>657.3</ele><time>2026-05-24T09:06:02Z</time><extensions><ns3:TrackPointExtension><ns3:hr>141</ns3:hr><ns3:cad>87</ns3:cad></ns3:TrackPointExtension></extensions></trkpt>
<trkpt lat="56.83454" lon="-4.00307"><ele>659.6</ele><time>2026-05-24T09:06:12Z</time><extensions><ns3:TrackPointExtension><ns3:hr>143</ns3:hr><ns3:cad>84</ns3:cad></ns3:TrackPointExtension></extensions></trkpt>
<trkpt lat="56.83457" lon="-4.00289"><ele>661.9</ele><time>2026-05-24T09:06:22Z</time><extensions><ns3:TrackPointExtension><ns3:hr>140</ns3:hr><ns3:cad>89</ns3:cad></ns3:TrackPointExtension></extensions></trkpt>
<trkpt lat="56.83461" lon="-4.00272"><ele>664.2</ele><time>2026-05-24T09:06:32Z</time><extensions><ns3:TrackPointExtension><ns3:hr>144</ns3:hr><ns3:cad>88</ns3:cad></ns3:TrackPointExtension></extensions></trkpt>
<trkpt lat="56.83465" lon="-4.00255"><ele>666.4</ele><time>2026-05-24T09:06:42Z</time><extensions><ns3:TrackPointExtension><ns3:hr>141</ns3:hr><ns3:cad>85</ns3:cad></ns3:TrackPointExtension></extensions></trkpt>
<trkpt lat="56.83470" lon="-4.00239"><ele>668.7</ele><time>2026-05-24T09:06:52Z</time><extensions><ns3:TrackPointExtension><ns3:hr>143</ns3:hr><ns3:cad>88</ns3:cad></ns3:TrackPointExtension></extensions></trkpt>
<trkpt lat="56.83475" lon="-4.00222"><ele>671.0</ele><time>2026-05-24T09:07:02Z</time><extensions><ns3:TrackPointExtension><ns3:hr>143</ns3:hr><ns3:cad>88</ns3:cad></ns3:TrackPointExtension></extensions></trkpt>
<trkpt lat="56.83480" lon="-4.00207"><ele>673.2</ele><time>2026-05-24T09:07:12Z</time><extensions><ns3:TrackPointExtension><ns3:hr>144</ns3:hr><ns3:cad>86</ns3:cad></ns3:TrackPointExtension></extensions></trkpt>
<trkpt lat="56.83487" lon="-4.00192"><ele>675.5</ele><time>2026-05-24T09:07:22Z</time><extensions><ns3:TrackPointExtension><ns3:hr>142</ns3:hr><ns3:cad>85</ns3:cad></ns3:TrackPointExtension></extensions></trkpt>
<trkpt lat="56.83494" lon="-4.00178"><ele>677.8</ele><time>2026-05-24T09:07:32Z</time><extensions><ns3:TrackPointExtension><ns3:hr>145</ns3:hr><ns3:cad>88</ns3:cad></ns3:TrackPointExtension></extensions></trkpt>
<trkpt lat="56.83500" lon="-4.00164"><ele>680.1</ele><time>2026-05-24T09:07:42Z</time><extensions><ns3:TrackPointExtension><ns3:hr>143</ns3:hr><ns3:cad>86</ns3:cad></ns3:TrackPointExtension></extensions></trkpt>
<trkpt lat="56.83506" lon="-4.00148"><ele>682.3</ele><time>2026-05-24T09:07:52Z</time><extensions><ns3:TrackPointExtension><ns3:hr>144</ns3:hr><ns3:cad>88</ns3:cad></ns3:TrackPointExtension></extensions></trkpt>
<trkpt lat="56.83511" lon="-4.00133"><ele>684.6</ele><time>2026-05-24T09:08:02Z</time><extensions><ns3:TrackPointExtension><ns3:hr>144</ns3:hr><ns3:cad>89</ns3:cad></ns3:TrackPointExtension></extensions></trkpt>
<trkpt lat="56.83512" lon="-4.00130"><ele>685.0</ele><time>2026-05-24T09:08:03Z</time><extensions><ns3:TrackPointExtension><ns3:hr>141</ns3:hr><ns3:cad>88</ns3:cad></ns3:TrackPointExtension></extensions></trkpt>
<trkpt lat="56.83519" lon="-4.00119"><ele>687.5</ele><time>2026-05-24T09:08:13Z</time><extensions><ns3:TrackPointExtension><ns3:hr>141</ns3:hr><ns3:cad>56</ns3:cad></ns3:TrackPointExtension></extensions></trkpt>
<trkpt lat="56.83526" lon="-4.00110"><ele>690.0</ele><time>2026-05-24T09:08:23Z</time><extensions><ns3:TrackPointExtension><ns3:hr>145</ns3:hr><ns3:cad>57</ns3:cad></ns3:TrackPointExtension></extensions></trkpt>
<trkpt lat="56.83532" lon="-4.00099"><ele>692.5</ele><time>2026-05-24T09:08:33Z</time><extensions><ns3:TrackPointExtension><ns3:hr>141</ns3:hr><ns3:cad>54</ns3:cad></ns3:TrackPointExtension></extensions></trkpt>
<trkpt lat="56.83539" lon="-4.00089"><ele>695.0</ele><time>2026-05-24T09:08:43Z</time><extensions><ns3:TrackPointExtension><ns3:hr>142</ns3:hr><ns3:cad>57</ns3:cad></ns3:TrackPointExtension></extensions></trkpt>
<trkpt lat="56.83546" lon="-4.00080"><ele>697.5</ele><time>2026-05-24T09:08:53Z</time><extensions><ns3:TrackPointExtension><ns3:hr>142</ns3:hr><ns3:cad>54</ns3:cad></ns3:TrackPointExtension></extensions></trkpt>
<trkpt lat="56.83553" lon="-4.00070"><ele>700.1</ele><time>2026-05-24T09:09:03Z</time><extensions><ns3:TrackPointExtension><ns3:hr>145</ns3:hr><ns3:cad>58</ns3:cad></ns3:TrackPointExtension></extensions></trkpt>
<trkpt lat="56.83559" lon="-4.00060"><ele>702.6</ele><time>2026-05-24T09:09:13Z</time><extensions><ns3:TrackPointExtension><ns3:hr>142</ns3:hr><ns3:cad>55</ns3:cad></ns3:TrackPointExtension></extensions></trkpt>
<trkpt lat="56.83566" lon="-4.00050"><ele>705.1</ele><time>2026-05-24T09:09:23Z</time><extensions><ns3:TrackPointExtension><ns3:hr>143</ns3:hr><ns3:cad>58</ns3:cad></ns3:TrackPointExtension></extensions></trkpt>
<trkpt lat="56.83573" lon="-4.00041"><ele>707.6</ele><time>2026-05-24T09:09:33Z</time><extensions><ns3:TrackPointExtension><ns3:hr>141</ns3:hr><ns3:cad>57</ns3:cad></ns3:TrackPointExtension></extensions></trkpt>
<trkpt lat="56.83580" lon="-4.00032"><ele>710.1</ele><time>2026-05-24T09:09:43Z</time><extensions><ns3:TrackPointExtension><ns3:hr>141</ns3:hr><ns3:cad>56</ns3:cad></ns3:TrackPointExtension></extensions></trkpt>
<trkpt lat="56.83588" lon="-4.00026"><ele>712.6</ele><time>2026-05-24T09:09:53Z</time><extensions><ns3:TrackPointExtension><ns3:hr>141</ns3:hr><ns3:cad>56</ns3:cad></ns3:TrackPointExtension></extensions></trkpt>
<trkpt lat="56.83596" lon="-4.00018"><ele>715.1</ele><time>2026-05-24T09:10:03Z</time><extensions><ns3:TrackPointExtension><ns3:hr>142</ns3:hr><ns3:cad>56</ns3:cad></ns3:TrackPointExtension></extensions></trkpt>
<trkpt lat="56.83604" lon="-4.00011"><ele>717.6</ele><time>2026-05-24T09:10:13Z</time><extensions><ns3:TrackPointExtension><ns3:hr>145</ns3:hr><ns3:cad>56</ns3:cad></ns3:TrackPointExtension></extensions></trkpt>
<trkpt lat="56.83611" lon="-4.00003"><ele>720.1</ele><time>2026-05-24T09:10:23Z</time><extensions><ns3:TrackPointExtension><ns3:hr>140</ns3:hr><ns3:cad>57</ns3:cad></ns3:TrackPointExtension></extensions></trkpt>
<trkpt lat="56.83619" lon="-3.99995"><ele>722.6</ele><time>2026-05-24T09:10:33Z</time><extensions><ns3:TrackPointExtension><ns3:hr>141</ns3:hr><ns3:cad>57</ns3:cad></ns3:TrackPointExtension></extensions></trkpt>
<trkpt lat="56.83627" lon="-3.99989"><ele>725.2</ele><time>2026-05-24T09:10:43Z</time><extensions><ns3:TrackPointExtension><ns3:hr>140</ns3:hr><ns3:cad>58</ns3:cad></ns3:TrackPointExtension></extensions></trkpt>
<trkpt lat="56.83634" lon="-3.99982"><ele>727.7</ele><time>2026-05-24T09:10:53Z</time><extensions><ns3:TrackPointExtension><ns3:hr>142</ns3:hr><ns3:cad>57</ns3:cad></ns3:TrackPointExtension></extensions></trkpt>
<trkpt lat="56.83642" lon="-3.99974"><ele>730.2</ele><time>2026-05-24T09:11:03Z</time><extensions><ns3:TrackPointExtension><ns3:hr>145</ns3:hr><ns3:cad>55</ns3:cad></ns3:TrackPointExtension></extensions></trkpt>
<trkpt lat="56.83650" lon="-3.99967"><ele>732.7</ele><time>2026-05-24T09:11:13Z</time><extensions><ns3:TrackPointExtension><ns3:hr>142</ns3:hr><ns3:cad>59</ns3:cad></ns3:TrackPointExtension></extensions></trkpt>
<trkpt lat="56.83657" lon="-3.99959"><ele>735.2</ele><time>2026-05-24T09:11:23Z</time><extensions><ns3:TrackPointExtension><ns3:hr>141</ns3:hr><ns3:cad>56</ns3:cad></ns3:TrackPointExtension></extensions></trkpt>
<trkpt lat="56.83665" lon="-3.99952"><ele>737.7</ele><time>2026-05-24T09:11:33Z</time><extensions><ns3:TrackPointExtension><ns3:hr>144</ns3:hr><ns3:cad>55</ns3:cad></ns3:TrackPointExtension></extensions></trkpt>
<trkpt lat="56.83673" lon="-3.99946"><ele>740.2</ele><time>2026-05-24T09:11:43Z</time><extensions><ns3:TrackPointExtension><ns3:hr>144</ns3:hr><ns3:cad>56</ns3:cad></ns3:TrackPointExtension></extensions></trkpt>
<trkpt lat="56.83681" lon="-3.99941"><ele>742.7</ele><time>2026-05-24T09:11:53Z</time><extensions><ns3:TrackPointExtension><ns3:hr>143</ns3:hr><ns3:cad>59</ns3:cad></ns3:TrackPointExtension></extensions></trkpt>
<trkpt lat="56.83689" lon="-3.99935"><ele>745.2</ele><time>2026-05-24T09:12:03Z</time><extensions><ns3:TrackPointExtension><ns3:hr>140</ns3:hr><ns3:cad>57</ns3:cad></ns3:TrackPointExtension></extensions></trkpt>
<trkpt lat="56.83697" lon="-3.99929"><ele>747.7</ele><time>2026-05-24T09:12:13Z</time><extensions><ns3:TrackPointExtension><ns3:hr>144</ns3:hr><ns3:cad>57</ns3:cad></ns3:TrackPointExtension></extensions></trkpt>
<trkpt lat="56.83705" lon="-3.99923"><ele>750.2</ele><time>2026-05-24T09:12:23Z</time><extensions><ns3:TrackPointExtension><ns3:hr>145</ns3:hr><ns3:cad>59</ns3:cad></ns3:TrackPointExtension></extensions></trkpt>
<trkpt lat="56.83713" lon="-3.99917"><ele>752.8</ele><time>2026-05-24T09:12:33Z</time><extensions><ns3:TrackPointExtension><ns3:hr>143</ns3:hr><ns3:cad>56</ns3:cad></ns3:TrackPointExtension></extensions></trkpt>
<trkpt lat="56.83721" lon="-3.99910"><ele>755.3</ele><time>2026-05-24T09:12:43Z</time><extensions><ns3:TrackPointExtension><ns3:hr>145</ns3:hr><ns3:cad>54</ns3:cad></ns3:TrackPointExtension></extensions></trkpt>
<trkpt lat="56.83729" lon="-3.99902"><ele>757.8</ele><time>2026-05-24T09:12:53Z</time><extensions><ns3:TrackPointExtension><ns3:hr>143</ns3:hr><ns3:cad>58</ns3:cad></ns3:TrackPointExtension></extensions></trkpt>
<trkpt lat="56.83736" lon="-3.99893"><ele>760.3</ele><time>2026-05-24T09:13:03Z</time><extensions><ns3:TrackPointExtension><ns3:hr>142</ns3:hr><ns3:cad>57</ns3:cad></ns3:TrackPointExtension></extensions></trkpt>
<trkpt lat="56.83743" lon="-3.99885"><ele>762.8</ele><time>2026-05-24T09:13:13Z</time><extensions><ns3:TrackPointExtension><ns3:hr>145</ns3:hr><ns3:cad>56</ns3:cad></ns3:TrackPointExtension></extensions></trkpt>
<trkpt lat="56.83751" lon="-3.99878"><ele>765.3</ele><time>2026-05-24T09:13:23Z</time><extensions><ns3:TrackPointExtension><ns3:hr>145</ns3:hr><ns3:cad>58</ns3:cad></ns3:TrackPointExtension></extensions></trkpt>
<trkpt lat="56.83759" lon="-3.99872"><ele>767.8</ele><time>2026-05-24T09:13:33Z</time><extensions><ns3:TrackPointExtension><ns3:hr>143</ns3:hr><ns3:cad>59</ns3:cad></ns3:TrackPointExtension></extensions></trkpt>
<trkpt lat="56.83767" lon="-3.99864"><ele>770.3</ele><time>2026-05-24T09:13:43Z</time><extensions><ns3:TrackPointExtension><ns3:hr>144</ns3:hr><ns3:cad>58</ns3:cad></ns3:TrackPointExtension></extensions></trkpt>
<trkpt lat="56.83774" lon="-3.99856"><ele>772.8</ele><time>2026-05-24T09:13:53Z</time><extensions><ns3:TrackPointExtension><ns3:hr>140</ns3:hr><ns3:cad>58</ns3:cad></ns3:TrackPointExtension></extensions></trkpt>
<trkpt lat="56.83781" lon="-3.99847"><ele>775.3</ele><time>2026-05-24T09:14:03Z</time><extensions><ns3:TrackPointExtension><ns3:hr>143</ns3:hr><ns3:cad>56</ns3:cad></ns3:TrackPointExtension></extensions></trkpt>
<trkpt lat="56.83788" lon="-3.99838"><ele>777.8</ele><time>2026-05-24T09:14:13Z</time><extensions><ns3:TrackPointExtension><ns3:hr>140</ns3:hr><ns3:cad>54</ns3:cad></ns3:TrackPointExtension></extensions></trkpt>
<trkpt lat="56.83794" lon="-3.99827"><ele>780.4</ele><time>2026-05-24T09:14:23Z</time><extensions><ns3:TrackPointExtension><ns3:hr>143</ns3:hr><ns3:cad>56</ns3:cad></ns3:TrackPointExtension></extensions></trkpt>
<trkpt lat="56.83800" lon="-3.99815"><ele>782.9</ele><time>2026-05-24T09:14:33Z</time><extensions><ns3:TrackPointExtension><ns3:hr>140</ns3:hr><ns3:cad>59</ns3:cad></ns3:TrackPointExtension></extensions></trkpt>
<trkpt lat="56.83806" lon="-3.99803"><ele>785.4</ele><time>2026-05-24T09:14:43Z</time><extensions><ns3:TrackPointExtension><ns3:hr>143</ns3:hr><ns3:cad>56</ns3:cad></ns3:TrackPointExtension></extensions></trkpt>
<trkpt lat="56.83813" lon="-3.99793"><ele>787.9</ele><time>2026-05-24T09:14:53Z</time><extensions><ns3:TrackPointExtension><ns3:hr>145</ns3:hr><ns3:cad>58</ns3:cad></ns3:TrackPointExtension></extensions></trkpt>
<trkpt lat="56.83820" lon="-3.99784"><ele>790.4</ele><time>2026-05-24T09:15:03Z</time><extensions><ns3:TrackPointExtension><ns3:hr>144</ns3:hr><ns3:cad>59</ns3:cad></ns3:TrackPointExtension></extensions></trkpt>
<trkpt lat="56.83827" lon="-3.99774"><ele>792.9</ele><time>2026-05-24T09:15:13Z</time><extensions><ns3:TrackPointExtension><ns3:hr>143</ns3:hr><ns3:cad>57</ns3:cad></ns3:TrackPointExtension></extensions></trkpt>
<trkpt lat="56.83833" lon="-3.99763"><ele>795.4</ele><time>2026-05-24T09:15:23Z</time><extensions><ns3:TrackPointExtension><ns3:hr>144</ns3:hr><ns3:cad>54</ns3:cad></ns3:TrackPointExtension></extensions></trkpt>
<trkpt lat="56.83839" lon="-3.99752"><ele>797.9</ele><time>2026-05-24T09:15:33Z</time><extensions><ns3:TrackPointExtension><ns3:hr>143</ns3:hr><ns3:cad>55</ns3:cad></ns3:TrackPointExtension></extensions></trkpt>
<trkpt lat="56.83845" lon="-3.99740"><ele>800.4</ele><time>2026-05-24T09:15:43Z</time><extensions><ns3:TrackPointExtension><ns3:hr>140</ns3:hr><ns3:cad>57</ns3:cad></ns3:TrackPointExtension></extensions></trkpt>
<trkpt lat="56.83851" lon="-3.99729"><ele>802.9</ele><time>2026-05-24T09:15:53Z</time><extensions><ns3:TrackPointExtension><ns3:hr>142</ns3:hr><ns3:cad>58</ns3:cad></ns3:TrackPointExtension></extensions></trkpt>
<trkpt lat="56.83857" lon="-3.99718"><ele>805.5</ele><time>2026-05-24T09:16:03Z</time><extensions><ns3:TrackPointExtension><ns3:hr>141</ns3:hr><ns3:cad>57</ns3:cad></ns3:TrackPointExtension></extensions></trkpt>
<trkpt lat="56.83864" lon="-3.99708"><ele>808.0</ele><time>2026-05-24T09:16:13Z</time><extensions><ns3:TrackPointExtension><ns3:hr>142</ns3:hr><ns3:cad>56</ns3:cad></ns3:TrackPointExtension></extensions></trkpt>
<trkpt lat="56.83871" lon="-3.99699"><ele>810.5</ele><time>2026-05-24T09:16:23Z</time><extensions><ns3:TrackPointExtension><ns3:hr>143</ns3:hr><ns3:cad>59</ns3:cad></ns3:TrackPointExtension></extensions></trkpt>
<trkpt lat="56.83878" lon="-3.99689"><ele>813.0</ele><time>2026-05-24T09:16:33Z</time><extensions><ns3:TrackPointExtension><ns3:hr>144</ns3:hr><ns3:cad>57</ns3:cad></ns3:TrackPointExtension></extensions></trkpt>
<trkpt lat="56.83885" lon="-3.99680"><ele>815.5</ele><time>2026-05-24T09:16:43Z</time><extensions><ns3:TrackPointExtension><ns3:hr>141</ns3:hr><ns3:cad>57</ns3:cad></ns3:TrackPointExtension></extensions></trkpt>
<trkpt lat="56.83891" lon="-3.99669"><ele>818.0</ele><time>2026-05-24T09:16:53Z</time><extensions><ns3:TrackPointExtension><ns3:hr>142</ns3:hr><ns3:cad>58</ns3:cad></ns3:TrackPointExtension></extensions></trkpt>
<trkpt lat="56.83897" lon="-3.99657"><ele>820.5</ele><time>2026-05-24T09:17:03Z</time><extensions><ns3:TrackPointExtension><ns3:hr>141</ns3:hr><ns3:cad>58</ns3:cad></ns3:TrackPointExtension></extensions></trkpt>
<trkpt lat="56.83903" lon="-3.99646"><ele>823.0</ele><time>2026-05-24T09:17:13Z</time><extensions><ns3:TrackPointExtension><ns3:hr>144</ns3:hr><ns3:cad>54</ns3:cad></ns3:TrackPointExtension></extensions></trkpt>
<trkpt lat="56.83910" lon="-3.99635"><ele>825.5</ele><time>2026-05-24T09:17:23Z</time><extensions><ns3:TrackPointExtension><ns3:hr>142</ns3:hr><ns3:cad>56</ns3:cad></ns3:TrackPointExtension></extensions></trkpt>
<trkpt lat="56.83916" lon="-3.99625"><ele>828.0</ele><time>2026-05-24T09:17:33Z</time><extensions><ns3:TrackPointExtension><ns3:hr>144</ns3:hr><ns3:cad>58</ns3:cad></ns3:TrackPointExtension></extensions></trkpt>
<trkpt lat="56.83923" lon="-3.99615"><ele>830.5</ele><time>2026-05-24T09:17:43Z</time><extensions><ns3:TrackPointExtension><ns3:hr>143</ns3:hr><ns3:cad>57</ns3:cad></ns3:TrackPointExtension></extensions></trkpt>
<trkpt lat="56.83930" lon="-3.99606"><ele>833.1</ele><time>2026-05-24T09:17:53Z</time><extensions><ns3:TrackPointExtension><ns3:hr>142</ns3:hr><ns3:cad>56</ns3:cad></ns3:TrackPointExtension></extensions></trkpt>
<trkpt lat="56.83937" lon="-3.99597"><ele>835.6</ele><time>2026-05-24T09:18:03Z</time><extensions><ns3:TrackPointExtension><ns3:hr>140</ns3:hr><ns3:cad>56</ns3:cad></ns3:TrackPointExtension></extensions></trkpt>
<trkpt lat="56.83944" lon="-3.99588"><ele>838.1</ele><time>2026-05-24T09:18:13Z</time><extensions><ns3:TrackPointExtension><ns3:hr>143</ns3:hr><ns3:cad>59</ns3:cad></ns3:TrackPointExtension></extensions></trkpt>
<trkpt lat="56.83952" lon="-3.99581"><ele>840.6</ele><time>2026-05-24T09:18:23Z</time><extensions><ns3:TrackPointExtension><ns3:hr>141</ns3:hr><ns3:cad>57</ns3:cad></ns3:TrackPointExtension></extensions></trkpt>
<trkpt lat="56.83953" lon="-3.99580"><ele>841.0</ele><time>2026-05-24T09:18:25Z</time><extensions><ns3:TrackPointExtension><ns3:hr>143</ns3:hr><ns3:cad>57</ns3:cad></ns3:TrackPointExtension></extensions></trkpt>
<trkpt lat="56.83972" lon="-3.99558"><ele>837.6</ele><time>2026-05-24T09:18:35Z</time><extensions><ns3:TrackPointExtension><ns3:hr>142</ns3:hr><ns3:cad>89</ns3:cad></ns3:TrackPointExtension></extensions></trkpt>
<trkpt lat="56.83991" lon="-3.99538"><ele>834.2</ele><time>2026-05-24T09:18:45Z</time><extensions><ns3:TrackPointExtension><ns3:hr>141</ns3:hr><ns3:cad>88</ns3:cad></ns3:TrackPointExtension></extensions></trkpt>
<trkpt lat="56.84011" lon="-3.99522"><ele>830.7</ele><time>2026-05-24T09:18:55Z</time><extensions><ns3:TrackPointExtension><ns3:hr>142</ns3:hr><ns3:cad>87</ns3:cad></ns3:TrackPointExtension></extensions></trkpt>
<trkpt lat="56.84030" lon="-3.99504"><ele>827.3</ele><time>2026-05-24T09:19:05Z</time><extensions><ns3:TrackPointExtension><ns3:hr>142</ns3:hr><ns3:cad>85</ns3:cad></ns3:TrackPointExtension></extensions></trkpt>
<trkpt lat="56.84050" lon="-3.99484"><ele>823.9</ele><time>2026-05-24T09:19:15Z</time><extensions><ns3:TrackPointExtension><ns3:hr>143</ns3:hr><ns3:cad>86</ns3:cad></ns3:TrackPointExtension></extensions></trkpt>
<trkpt lat="56.84069" lon="-3.99466"><ele>820.5</ele><time>2026-05-24T09:19:25Z</time><extensions><ns3:TrackPointExtension><ns3:hr>142</ns3:hr><ns3:cad>89</ns3:cad></ns3:TrackPointExtension></extensions></trkpt>
<trkpt lat="56.84088" lon="-3.99447"><ele>817.1</ele><time>2026-05-24T09:19:35Z</time><extensions><ns3:TrackPointExtension><ns3:hr>141</ns3:hr><ns3:cad>87</ns3:cad></ns3:TrackPointExtension></extensions></trkpt>
<trkpt lat="56.84109" lon="-3.99432"><ele>813.7</ele><time>2026-05-24T09:19:45Z</time><extensions><ns3:TrackPointExtension><ns3:hr>143</ns3:hr><ns3:cad>86</ns3:cad></ns3:TrackPointExtension></extensions></trkpt>
<trkpt lat="56.84129" lon="-3.99415"><ele>810.2</ele><time>2026-05-24T09:19:55Z</time><extensions><ns3:TrackPointExtension><ns3:hr>143</ns3:hr><ns3:cad>85</ns3:cad></ns3:TrackPointExtension></extensions></trkpt>
<trkpt lat="56.84148" lon="-3.99397"><ele>806.8</ele><time>2026-05-24T09:20:05Z</time><extensions><ns3:TrackPointExtension><ns3:hr>144</ns3:hr><ns3:cad>88</ns3:cad></ns3:TrackPointExtension></extensions></trkpt>
<trkpt lat="56.84169" lon="-3.99382"><ele>803.4</ele><time>2026-05-24T09:20:15Z</time><extensions><ns3:TrackPointExtension><ns3:hr>143</ns3:hr><ns3:cad>89</ns3:cad></ns3:TrackPointExtension></extensions></trkpt>
<trkpt lat="56.84190" lon="-3.99370"><ele>800.0</ele><time>2026-05-24T09:20:25Z</time><extensions><ns3:TrackPointExtension><ns3:hr>145</ns3:hr><ns3:cad>85</ns3:cad></ns3:TrackPointExtension></extensions></trkpt>
<trkpt lat="56.84211" lon="-3.99359"><ele>796.6</ele><time>2026-05-24T09:20:35Z</time><extensions><ns3:TrackPointExtension><ns3:hr>144</ns3:hr><ns3:cad>86</ns3:cad></ns3:TrackPointExtension></extensions></trkpt>
<trkpt lat="56.84231" lon="-3.99347"><ele>793.1</ele><time>2026-05-24T09:20:45Z</time><extensions><ns3:TrackPointExtension><ns3:hr>144</ns3:hr><ns3:cad>85</ns3:cad></ns3:TrackPointExtension></extensions></trkpt>
<trkpt lat="56.84252" lon="-3.99334"><ele>789.7</ele><time>2026-05-24T09:20:55Z</time><extensions><ns3:TrackPointExtension><ns3:hr>144</ns3:hr><ns3:cad>88</ns3:cad></ns3:TrackPointExtension></extensions></trkpt>
<trkpt lat="56.84273" lon="-3.99323"><ele>786.3</ele><time>2026-05-24T09:21:05Z</time><extensions><ns3:TrackPointExtension><ns3:hr>144</ns3:hr><ns3:cad>87</ns3:cad></ns3:TrackPointExtension></extensions></trkpt>
<trkpt lat="56.84295" lon="-3.99314"><ele>782.9</ele><time>2026-05-24T09:21:15Z</time><extensions><ns3:TrackPointExtension><ns3:hr>142</ns3:hr><ns3:cad>87</ns3:cad></ns3:TrackPointExtension></extensions></trkpt>
<trkpt lat="56.84316" lon="-3.99303"><ele>779.5</ele><time>2026-05-24T09:21:25Z</time><extensions><ns3:TrackPointExtension><ns3:hr>141</ns3:hr><ns3:cad>84</ns3:cad></ns3:TrackPointExtension></extensions></trkpt>
<trkpt lat="56.84337" lon="-3.99292"><ele>776.1</ele><time>2026-05-24T09:21:35Z</time><extensions><ns3:TrackPointExtension><ns3:hr>142</ns3:hr><ns3:cad>86</ns3:cad></ns3:TrackPointExtension></extensions></trkpt>
<trkpt lat="56.84359" lon="-3.99286"><ele>772.6</ele><time>2026-05-24T09:21:45Z</time><extensions><ns3:TrackPointExtension><ns3:hr>143</ns3:hr><ns3:cad>89</ns3:cad></ns3:TrackPointExtension></extensions></trkpt>
<trkpt lat="56.84380" lon="-3.99276"><ele>769.2</ele><time>2026-05-24T09:21:55Z</time><extensions><ns3:TrackPointExtension><ns3:hr>143</ns3:hr><ns3:cad>85</ns3:cad></ns3:TrackPointExtension></extensions></trkpt>
<trkpt lat="56.84401" lon="-3.99269"><ele>765.8</ele><time>2026-05-24T09:22:05Z</time><extensions><ns3:TrackPointExtension><ns3:hr>140</ns3:hr><ns3:cad>87</ns3:cad></ns3:TrackPointExtension></extensions></trkpt>
<trkpt lat="56.84423" lon="-3.99258"><ele>762.4</ele><time>2026-05-24T09:22:15Z</time><extensions><ns3:TrackPointExtension><ns3:hr>142</ns3:hr><ns3:cad>88</ns3:cad></ns3:TrackPointExtension></extensions></trkpt>
<trkpt lat="56.84444" lon="-3.99247"><ele>759.0</ele><time>2026-05-24T09:22:25Z</time><extensions><ns3:TrackPointExtension><ns3:hr>140</ns3:hr><ns3:cad>89</ns3:cad></ns3:TrackPointExtension></extensions></trkpt>
<trkpt lat="56.84465" lon="-3.99239"><ele>755.6</ele><time>2026-05-24T09:22:35Z</time><extensions><ns3:TrackPointExtension><ns3:hr>144</ns3:hr><ns3:cad>84</ns3:cad></ns3:TrackPointExtension></extensions></trkpt>
<trkpt lat="56.84486" lon="-3.99227"><ele>752.1</ele><time>2026-05-24T09:22:45Z</time><extensions><ns3:TrackPointExtension><ns3:hr>145</ns3:hr><ns3:cad>88</ns3:cad></ns3:TrackPointExtension></extensions></trkpt>
<trkpt lat="56.84507" lon="-3.99216"><ele>748.7</ele><time>2026-05-24T09:22:55Z</time><extensions><ns3:TrackPointExtension><ns3:hr>145</ns3:hr><ns3:cad>85</ns3:cad></ns3:TrackPointExtension></extensions></trkpt>
<trkpt lat="56.84528" lon="-3.99202"><ele>745.3</ele><time>2026-05-24T09:23:05Z</time><extensions><ns3:TrackPointExtension><ns3:hr>142</ns3:hr><ns3:cad>84</ns3:cad></ns3:TrackPointExtension></extensions></trkpt>
<trkpt lat="56.84547" lon="-3.99184"><ele>741.9</ele><time>2026-05-24T09:23:15Z</time><extensions><ns3:TrackPointExtension><ns3:hr>141</ns3:hr><ns3:cad>85</ns3:cad></ns3:TrackPointExtension></extensions></trkpt>
<trkpt lat="56.84568" lon="-3.99170"><ele>738.5</ele><time>2026-05-24T09:23:25Z</time><extensions><ns3:TrackPointExtension><ns3:hr>142</ns3:hr><ns3:cad>88</ns3:cad></ns3:TrackPointExtension></extensions></trkpt>
<trkpt lat="56.84588" lon="-3.99154"><ele>735.0</ele><time>2026-05-24T09:23:35Z</time><extensions><ns3:TrackPointExtension><ns3:hr>142</ns3:hr><ns3:cad>88</ns3:cad></ns3:TrackPointExtension></extensions></trkpt>
<trkpt lat="56.84608" lon="-3.99140"><ele>731.6</ele><time>2026-05-24T09:23:45Z</time><extensions><ns3:TrackPointExtension><ns3:hr>143</ns3:hr><ns3:cad>88</ns3:cad></ns3:TrackPointExtension></extensions></trkpt>
<trkpt lat="56.84629" lon="-3.99125"><ele>728.2</ele><time>2026-05-24T09:23:55Z</time><extensions><ns3:TrackPointExtension><ns3:hr>144</ns3:hr><ns3:cad>86</ns3:cad></ns3:TrackPointExtension></extensions></trkpt>
<trkpt lat="56.84649" lon="-3.99112"><ele>724.8</ele><time>2026-05-24T09:24:05Z</time><extensions><ns3:TrackPointExtension><ns3:hr>143</ns3:hr><ns3:cad>89</ns3:cad></ns3:TrackPointExtension></extensions></trkpt>
<trkpt lat="56.84671" lon="-3.99103"><ele>721.4</ele><time>2026-05-24T09:24:15Z</time><extensions><ns3:TrackPointExtension><ns3:hr>143</ns3:hr><ns3:cad>85</ns3:cad></ns3:TrackPointExtension></extensions></trkpt>
<trkpt lat="56.84692" lon="-3.99093"><ele>718.0</ele><time>2026-05-24T09:24:25Z</time><extensions><ns3:TrackPointExtension><ns3:hr>142</ns3:hr><ns3:cad>86</ns3:cad></ns3:TrackPointExtension></extensions></trkpt>
<trkpt lat="56.84713" lon="-3.99080"><ele>714.5</ele><time>2026-05-24T09:24:35Z</time><extensions><ns3:TrackPointExtension><ns3:hr>143</ns3:hr><ns3:cad>89</ns3:cad></ns3:TrackPointExtension></extensions></trkpt>
<trkpt lat="56.84734" lon="-3.99069"><ele>711.1</ele><time>2026-05-24T09:24:45Z</time><extensions><ns3:TrackPointExtension><ns3:hr>144</ns3:hr><ns3:cad>87</ns3:cad></ns3:TrackPointExtension></extensions></trkpt>
<trkpt lat="56.84755" lon="-3.99060"><ele>707.7</ele><time>2026-05-24T09:24:55Z</time><extensions><ns3:TrackPointExtension><ns3:hr>142</ns3:hr><ns3:cad>88</ns3:cad></ns3:TrackPointExtension></extensions></trkpt>
<trkpt lat="56.84777" lon="-3.99055"><ele>704.3</ele><time>2026-05-24T09:25:05Z</time><extensions><ns3:TrackPointExtension><ns3:hr>143</ns3:hr><ns3:cad>84</ns3:cad></ns3:TrackPointExtension></extensions></trkpt>
<trkpt lat="56.84799" lon="-3.99049"><ele>700.9</ele><time>2026-05-24T09:25:15Z</time><extensions><ns3:TrackPointExtension><ns3:hr>141</ns3:hr><ns3:cad>85</ns3:cad></ns3:TrackPointExtension></extensions></trkpt>
<trkpt lat="56.84821" lon="-3.99046"><ele>697.4</ele><time>2026-05-24T09:25:25Z</time><extensions><ns3:TrackPointExtension><ns3:hr>141</ns3:hr><ns3:cad>86</ns3:cad></ns3:TrackPointExtension></extensions></trkpt>
<trkpt lat="56.84842" lon="-3.99039"><ele>694.0</ele><time>2026-05-24T09:25:35Z</time><extensions><ns3:TrackPointExtension><ns3:hr>144</ns3:hr><ns3:cad>85</ns3:cad></ns3:TrackPointExtension></extensions></trkpt>
<trkpt lat="56.84863" lon="-3.99029"><ele>690.6</ele><time>2026-05-24T09:25:45Z</time><extensions><ns3:TrackPointExtension><ns3:hr>143</ns3:hr><ns3:cad>85</ns3:cad></ns3:TrackPointExtension></extensions></trkpt>
<trkpt lat="56.84885" lon="-3.99024"><ele>687.2</ele><time>2026-05-24T09:25:55Z</time><extensions><ns3:TrackPointExtension><ns3:hr>143</ns3:hr><ns3:cad>86</ns3:cad></ns3:TrackPointExtension></extensions></trkpt>
<trkpt lat="56.84886" lon="-3.99024"><ele>687.0</ele><time>2026-05-24T09:25:56Z</time><extensions><ns3:TrackPointExtension><ns3:hr>144</ns3:hr><ns3:cad>87</ns3:cad></ns3:TrackPointExtension></extensions></trkpt>
<trkpt lat="56.84912" lon="-3.99018"><ele>684.7</ele><time>2026-05-24T09:26:06Z</time><extensions><ns3:TrackPointExtension><ns3:hr>145</ns3:hr><ns3:cad>87</ns3:cad></ns3:TrackPointExtension></extensions></trkpt>
<trkpt lat="56.84937" lon="-3.99008"><ele>682.5</ele><time>2026-05-24T09:26:16Z</time><extensions><ns3:TrackPointExtension><ns3:hr>144</ns3:hr><ns3:cad>88</ns3:cad></ns3:TrackPointExtension></extensions></trkpt>
<trkpt lat="56.84962" lon="-3.99003"><ele>680.2</ele><time>2026-05-24T09:26:26Z</time><extensions><ns3:TrackPointExtension><ns3:hr>143</ns3:hr><ns3:cad>87</ns3:cad></ns3:TrackPointExtension></extensions></trkpt>
<trkpt lat="56.84987" lon="-3.99001"><ele>677.9</ele><time>2026-05-24T09:26:36Z</time><extensions><ns3:TrackPointExtension><ns3:hr>145</ns3:hr><ns3:cad>86</ns3:cad></ns3:TrackPointExtension></extensions></trkpt>
<trkpt lat="56.85013" lon="-3.98998"><ele>675.7</ele><time>2026-05-24T09:26:46Z</time><extensions><ns3:TrackPointExtension><ns3:hr>145</ns3:hr><ns3:cad>88</ns3:cad></ns3:TrackPointExtension></extensions></trkpt>
<trkpt lat="56.85038" lon="-3.98995"><ele>673.4</ele><time>2026-05-24T09:26:56Z</time><extensions><ns3:TrackPointExtension><ns3:hr>141</ns3:hr><ns3:cad>85</ns3:cad></ns3:TrackPointExtension></extensions></trkpt>
<trkpt lat="56.85063" lon="-3.98998"><ele>671.2</ele><time>2026-05-24T09:27:06Z</time><extensions><ns3:TrackPointExtension><ns3:hr>141</ns3:hr><ns3:cad>84</ns3:cad></ns3:TrackPointExtension></extensions></trkpt>
<trkpt lat="56.85089" lon="-3.98995"><ele>668.9</ele><time>2026-05-24T09:27:16Z</time><extensions><ns3:TrackPointExtension><ns3:hr>143</ns3:hr><ns3:cad>89</ns3:cad></ns3:TrackPointExtension></extensions></trkpt>
<trkpt lat="56.85114" lon="-3.98996"><ele>666.6</ele><time>2026-05-24T09:27:26Z</time><extensions><ns3:TrackPointExtension><ns3:hr>142</ns3:hr><ns3:cad>84</ns3:cad></ns3:TrackPointExtension></extensions></trkpt>
<trkpt lat="56.85139" lon="-3.98998"><ele>664.4</ele><time>2026-05-24T09:27:36Z</time><extensions><ns3:TrackPointExtension><ns3:hr>143</ns3:hr><ns3:cad>88</ns3:cad></ns3:TrackPointExtension></extensions></trkpt>
<trkpt lat="56.85165" lon="-3.98995"><ele>662.1</ele><time>2026-05-24T09:27:46Z</time><extensions><ns3:TrackPointExtension><ns3:hr>142</ns3:hr><ns3:cad>84</ns3:cad></ns3:TrackPointExtension></extensions></trkpt>
<trkpt lat="56.85190" lon="-3.98989"><ele>659.8</ele><time>2026-05-24T09:27:56Z</time><extensions><ns3:TrackPointExtension><ns3:hr>142</ns3:hr><ns3:cad>88</ns3:cad></ns3:TrackPointExtension></extensions></trkpt>
<trkpt lat="56.85215" lon="-3.98980"><ele>657.6</ele><time>2026-05-24T09:28:06Z</time><extensions><ns3:TrackPointExtension><ns3:hr>144</ns3:hr><ns3:cad>85</ns3:cad></ns3:TrackPointExtension></extensions></trkpt>
<trkpt lat="56.85240" lon="-3.98974"><ele>655.3</ele><time>2026-05-24T09:28:16Z</time><extensions><ns3:TrackPointExtension><ns3:hr>144</ns3:hr><ns3:cad>89</ns3:cad></ns3:TrackPointExtension></extensions></trkpt>
<trkpt lat="56.85266" lon="-3.98974"><ele>653.0</ele><time>2026-05-24T09:28:26Z</time><extensions><ns3:TrackPointExtension><ns3:hr>142</ns3:hr><ns3:cad>88</ns3:cad></ns3:TrackPointExtension></extensions></trkpt>
<trkpt lat="56.85291" lon="-3.98969"><ele>650.8</ele><time>2026-05-24T09:28:36Z</time><extensions><ns3:TrackPointExtension><ns3:hr>145</ns3:hr><ns3:cad>86</ns3:cad></ns3:TrackPointExtension></extensions></trkpt>
<trkpt lat="56.85316" lon="-3.98963"><ele>648.5</ele><time>2026-05-24T09:28:46Z</time><extensions><ns3:TrackPointExtension><ns3:hr>144</ns3:hr><ns3:cad>88</ns3:cad></ns3:TrackPointExtension></extensions></trkpt>
<trkpt lat="56.85341" lon="-3.98951"><ele>646.2</ele><time>2026-05-24T09:28:56Z</time><extensions><ns3:TrackPointExtension><ns3:hr>142</ns3:hr><ns3:cad>88</ns3:cad></ns3:TrackPointExtension></extensions></trkpt>
<trkpt lat="56.85365" lon="-3.98940"><ele>644.0</ele><time>2026-05-24T09:29:06Z</time><extensions><ns3:TrackPointExtension><ns3:hr>143</ns3:hr><ns3:cad>88</ns3:cad></ns3:TrackPointExtension></extensions></trkpt>
<trkpt lat="56.85391" lon="-3.98933"><ele>641.7</ele><time>2026-05-24T09:29:16Z</time><extensions><ns3:TrackPointExtension><ns3:hr>142</ns3:hr><ns3:cad>85</ns3:cad></ns3:TrackPointExtension></extensions></trkpt>
<trkpt lat="56.85416" lon="-3.98928"><ele>639.5</ele><time>2026-05-24T09:29:26Z</time><extensions><ns3:TrackPointExtension><ns3:hr>143</ns3:hr><ns3:cad>85</ns3:cad></ns3:TrackPointExtension></extensions></trkpt>
<trkpt lat="56.85441" lon="-3.98926"><ele>637.2</ele><time>2026-05-24T09:29:36Z</time><extensions><ns3:TrackPointExtension><ns3:hr>144</ns3:hr><ns3:cad>84</ns3:cad></ns3:TrackPointExtension></extensions></trkpt>
<trkpt lat="56.85467" lon="-3.98923"><ele>634.9</ele><time>2026-05-24T09:29:46Z</time><extensions><ns3:TrackPointExtension><ns3:hr>145</ns3:hr><ns3:cad>84</ns3:cad></ns3:TrackPointExtension></extensions></trkpt>
<trkpt lat="56.85492" lon="-3.98915"><ele>632.7</ele><time>2026-05-24T09:29:56Z</time><extensions><ns3:TrackPointExtension><ns3:hr>143</ns3:hr><ns3:cad>84</ns3:cad></ns3:TrackPointExtension></extensions></trkpt>
<trkpt lat="56.85517" lon="-3.98911"><ele>630.4</ele><time>2026-05-24T09:30:06Z</time><extensions><ns3:TrackPointExtension><ns3:hr>144</ns3:hr><ns3:cad>85</ns3:cad></ns3:TrackPointExtension></extensions></trkpt>
<trkpt lat="56.85542" lon="-3.98911"><ele>628.1</ele><time>2026-05-24T09:30:16Z</time><extensions><ns3:TrackPointExtension><ns3:hr>143</ns3:hr><ns3:cad>88</ns3:cad></ns3:TrackPointExtension></extensions></trkpt>
<trkpt lat="56.85568" lon="-3.98906"><ele>625.9</ele><time>2026-05-24T09:30:26Z</time><extensions><ns3:TrackPointExtension><ns3:hr>141</ns3:hr><ns3:cad>89</ns3:cad></ns3:TrackPointExtension></extensions></trkpt>
<trkpt lat="56.85593" lon="-3.98907"><ele>623.6</ele><time>2026-05-24T09:30:36Z</time><extensions><ns3:TrackPointExtension><ns3:hr>142</ns3:hr><ns3:cad>87</ns3:cad></ns3:TrackPointExtension></extensions></trkpt>
<trkpt lat="56.85618" lon="-3.98909"><ele>621.3</ele><time>2026-05-24T09:30:46Z</time><extensions><ns3:TrackPointExtension><ns3:hr>143</ns3:hr><ns3:cad>86</ns3:cad></ns3:TrackPointExtension></extensions></trkpt>
<trkpt lat="56.85644" lon="-3.98909"><ele>619.1</ele><time>2026-05-24T09:30:56Z</time><extensions><ns3:TrackPointExtension><ns3:hr>144</ns3:hr><ns3:cad>89</ns3:cad></ns3:TrackPointExtension></extensions></trkpt>
<trkpt lat="56.85669" lon="-3.98908"><ele>616.8</ele><time>2026-05-24T09:31:06Z</time><extensions><ns3:TrackPointExtension><ns3:hr>145</ns3:hr><ns3:cad>86</ns3:cad></ns3:TrackPointExtension></extensions></trkpt>
<trkpt lat="56.85695" lon="-3.98910"><ele>614.6</ele><time>2026-05-24T09:31:16Z</time><extensions><ns3:TrackPointExtension><ns3:hr>144</ns3:hr><ns3:cad>88</ns3:cad></ns3:TrackPointExtension></extensions></trkpt>
<trkpt lat="56.85720" lon="-3.98910"><ele>612.3</ele><time>2026-05-24T09:31:26Z</time><extensions><ns3:TrackPointExtension><ns3:hr>141</ns3:hr><ns3:cad>88</ns3:cad></ns3:TrackPointExtension></extensions></trkpt>
<trkpt lat="56.85745" lon="-3.98906"><ele>610.0</ele><time>2026-05-24T09:31:36Z</time><extensions><ns3:TrackPointExtension><ns3:hr>142</ns3:hr><ns3:cad>85</ns3:cad></ns3:TrackPointExtension></extensions></trkpt>
<trkpt lat="56.85771" lon="-3.98901"><ele>607.8</ele><time>2026-05-24T09:31:46Z</time><extensions><ns3:TrackPointExtension><ns3:hr>142</ns3:hr><ns3:cad>88</ns3:cad></ns3:TrackPointExtension></extensions></trkpt>
<trkpt lat="56.85796" lon="-3.98892"><ele>605.5</ele><time>2026-05-24T09:31:56Z</time><extensions><ns3:TrackPointExtension><ns3:hr>144</ns3:hr><ns3:cad>86</ns3:cad></ns3:TrackPointExtension></extensions></trkpt>
<trkpt lat="56.85820" lon="-3.98881"><ele>603.2</ele><time>2026-05-24T09:32:06Z</time><extensions><ns3:TrackPointExtension><ns3:hr>141</ns3:hr><ns3:cad>87</ns3:cad></ns3:TrackPointExtension></extensions></trkpt>
<trkpt lat="56.85845" lon="-3.98874"><ele>601.0</ele><time>2026-05-24T09:32:16Z</time><extensions><ns3:TrackPointExtension><ns3:hr>144</ns3:hr><ns3:cad>85</ns3:cad></ns3:TrackPointExtension></extensions></trkpt>
<trkpt lat="56.85871" lon="-3.98867"><ele>598.7</ele><time>2026-05-24T09:32:26Z</time><extensions><ns3:TrackPointExtension><ns3:hr>142</ns3:hr><ns3:cad>85</ns3:cad></ns3:TrackPointExtension></extensions></trkpt>
<trkpt lat="56.85895" lon="-3.98857"><ele>596.4</ele><time>2026-05-24T09:32:36Z</time><extensions><ns3:TrackPointExtension><ns3:hr>144</ns3:hr><ns3:cad>88</ns3:cad></ns3:TrackPointExtension></extensions></trkpt>
<trkpt lat="56.85920" lon="-3.98842"><ele>594.2</ele><time>2026-05-24T09:32:46Z</time><extensions><ns3:TrackPointExtension><ns3:hr>144</ns3:hr><ns3:cad>84</ns3:cad></ns3:TrackPointExtension></extensions></trkpt>
<trkpt lat="56.85944" lon="-3.98831"><ele>591.9</ele><time>2026-05-24T09:32:56Z</time><extensions><ns3:TrackPointExtension><ns3:hr>141</ns3:hr><ns3:cad>89</ns3:cad></ns3:TrackPointExtension></extensions></trkpt>
<trkpt lat="56.85969" lon="-3.98824"><ele>589.7</ele><time>2026-05-24T09:33:06Z</time><extensions><ns3:TrackPointExtension><ns3:hr>145</ns3:hr><ns3:cad>87</ns3:cad></ns3:TrackPointExtension></extensions></trkpt>
<trkpt lat="56.85995" lon="-3.98822"><ele>587.4</ele><time>2026-05-24T09:33:16Z</time><extensions><ns3:TrackPointExtension><ns3:hr>144</ns3:hr><ns3:cad>85</ns3:cad></ns3:TrackPointExtension></extensions></trkpt>
<trkpt lat="56.86020" lon="-3.98815"><ele>585.1</ele><time>2026-05-24T09:33:26Z</time><extensions><ns3:TrackPointExtension><ns3:hr>143</ns3:hr><ns3:cad>88</ns3:cad></ns3:TrackPointExtension></extensions></trkpt>
<trkpt lat="56.86045" lon="-3.98811"><ele>582.9</ele><time>2026-05-24T09:33:36Z</time><extensions><ns3:TrackPointExtension><ns3:hr>143</ns3:hr><ns3:cad>87</ns3:cad></ns3:TrackPointExtension></extensions></trkpt>
<trkpt lat="56.86071" lon="-3.98807"><ele>580.6</ele><time>2026-05-24T09:33:46Z</time><extensions><ns3:TrackPointExtension><ns3:hr>144</ns3:hr><ns3:cad>86</ns3:cad></ns3:TrackPointExtension></extensions></trkpt>
<trkpt lat="56.86096" lon="-3.98807"><ele>578.3</ele><time>2026-05-24T09:33:56Z</time><extensions><ns3:TrackPointExtension><ns3:hr>143</ns3:hr><ns3:cad>89</ns3:cad></ns3:TrackPointExtension></extensions></trkpt>
<trkpt lat="56.86121" lon="-3.98803"><ele>576.1</ele><time>2026-05-24T09:34:06Z</time><extensions><ns3:TrackPointExtension><ns3:hr>145</ns3:hr><ns3:cad>87</ns3:cad></ns3:TrackPointExtension></extensions></trkpt>
<trkpt lat="56.86147" lon="-3.98800"><ele>573.8</ele><time>2026-05-24T09:34:16Z</time><extensions><ns3:TrackPointExtension><ns3:hr>145</ns3:hr><ns3:cad>87</ns3:cad></ns3:TrackPointExtension></extensions></trkpt>
<trkpt lat="56.86172" lon="-3.98794"><ele>571.5</ele><time>2026-05-24T09:34:26Z</time><extensions><ns3:TrackPointExtension><ns3:hr>143</ns3:hr><ns3:cad>86</ns3:cad></ns3:TrackPointExtension></extensions></trkpt>
<trkpt lat="56.86197" lon="-3.98790"><ele>569.3</ele><time>2026-05-24T09:34:36Z</time><extensions><ns3:TrackPointExtension><ns3:hr>145</ns3:hr><ns3:cad>88</ns3:cad></ns3:TrackPointExtension></extensions></trkpt>
<trkpt lat="56.86222" lon="-3.98784"><ele>567.0</ele><time>2026-05-24T09:34:46Z</time><extensions><ns3:TrackPointExtension><ns3:hr>142</ns3:hr><ns3:cad>85</ns3:cad></ns3:TrackPointExtension></extensions></trkpt>
<trkpt lat="56.86223" lon="-3.98784"><ele>567.0</ele><time>2026-05-24T09:34:46Z</time><extensions><ns3:TrackPointExtension><ns3:hr>145</ns3:hr><ns3:cad>88</ns3:cad></ns3:TrackPointExtension></extensions></trkpt>
<trkpt lat="56.86239" lon="-3.98781"><ele>568.3</ele><time>2026-05-24T09:34:56Z</time><extensions><ns3:TrackPointExtension><ns3:hr>144</ns3:hr><ns3:cad>84</ns3:cad></ns3:TrackPointExtension></extensions></trkpt>
<trkpt lat="56.86255" lon="-3.98776"><ele>569.6</ele><time>2026-05-24T09:35:06Z</time><extensions><ns3:TrackPointExtension><ns3:hr>145</ns3:hr><ns3:cad>88</ns3:cad></ns3:TrackPointExtension></extensions></trkpt>
<trkpt lat="56.86271" lon="-3.98768"><ele>570.8</ele><time>2026-05-24T09:35:16Z</time><extensions><ns3:TrackPointExtension><ns3:hr>145</ns3:hr><ns3:cad>84</ns3:cad></ns3:TrackPointExtension></extensions></trkpt>
<trkpt lat="56.86287" lon="-3.98762"><ele>572.1</ele><time>2026-05-24T09:35:26Z</time><extensions><ns3:TrackPointExtension><ns3:hr>144</ns3:hr><ns3:cad>89</ns3:cad></ns3:TrackPointExtension></extensions></trkpt>
<trkpt lat="56.86303" lon="-3.98752"><ele>573.4</ele><time>2026-05-24T09:35:36Z</time><extensions><ns3:TrackPointExtension><ns3:hr>144</ns3:hr><ns3:cad>85</ns3:cad></ns3:TrackPointExtension></extensions></trkpt>
<trkpt lat="56.86318" lon="-3.98742"><ele>574.7</ele><time>2026-05-24T09:35:46Z</time><extensions><ns3:TrackPointExtension><ns3:hr>142</ns3:hr><ns3:cad>89</ns3:cad></ns3:TrackPointExtension></extensions></trkpt>
<trkpt lat="56.86334" lon="-3.98734"><ele>576.0</ele><time>2026-05-24T09:35:56Z</time><extensions><ns3:TrackPointExtension><ns3:hr>144</ns3:hr><ns3:cad>84</ns3:cad></ns3:TrackPointExtension></extensions></trkpt>
<trkpt lat="56.86350" lon="-3.98730"><ele>577.3</ele><time>2026-05-24T09:36:06Z</time><extensions><ns3:TrackPointExtension><ns3:hr>141</ns3:hr><ns3:cad>88</ns3:cad></ns3:TrackPointExtension></extensions></trkpt>
<trkpt lat="56.86366" lon="-3.98724"><ele>578.5</ele><time>2026-05-24T09:36:16Z</time><extensions><ns3:TrackPointExtension><ns3:hr>143</ns3:hr><ns3:cad>85</ns3:cad></ns3:TrackPointExtension></extensions></trkpt>
<trkpt lat="56.86383" lon="-3.98720"><ele>579.8</ele><time>2026-05-24T09:36:26Z</time><extensions><ns3:TrackPointExtension><ns3:hr>143</ns3:hr><ns3:cad>86</ns3:cad></ns3:TrackPointExtension></extensions></trkpt>
<trkpt lat="56.86399" lon="-3.98720"><ele>581.1</ele><time>2026-05-24T09:36:36Z</time><extensions><ns3:TrackPointExtension><ns3:hr>142</ns3:hr><ns3:cad>85</ns3:cad></ns3:TrackPointExtension></extensions></trkpt>
<trkpt lat="56.86416" lon="-3.98722"><ele>582.4</ele><time>2026-05-24T09:36:46Z</time><extensions><ns3:TrackPointExtension><ns3:hr>143</ns3:hr><ns3:cad>86</ns3:cad></ns3:TrackPointExtension></extensions></trkpt>
<trkpt lat="56.86432" lon="-3.98726"><ele>583.7</ele><time>2026-05-24T09:36:56Z</time><extensions><ns3:TrackPointExtension><ns3:hr>144</ns3:hr><ns3:cad>89</ns3:cad></ns3:TrackPointExtension></extensions></trkpt>
<trkpt lat="56.86448" lon="-3.98732"><ele>584.9</ele><time>2026-05-24T09:37:06Z</time><extensions><ns3:TrackPointExtension><ns3:hr>144</ns3:hr><ns3:cad>89</ns3:cad></ns3:TrackPointExtension></extensions></trkpt>
<trkpt lat="56.86464" lon="-3.98741"><ele>586.2</ele><time>2026-05-24T09:37:16Z</time><extensions><ns3:TrackPointExtension><ns3:hr>142</ns3:hr><ns3:cad>87</ns3:cad></ns3:TrackPointExtension></extensions></trkpt>
<trkpt lat="56.86479" lon="-3.98752"><ele>587.5</ele><time>2026-05-24T09:37:26Z</time><extensions><ns3:TrackPointExtension><ns3:hr>142</ns3:hr><ns3:cad>85</ns3:cad></ns3:TrackPointExtension></extensions></trkpt>
<trkpt lat="56.86495" lon="-3.98759"><ele>588.8</ele><time>2026-05-24T09:37:36Z</time><extensions><ns3:TrackPointExtension><ns3:hr>141</ns3:hr><ns3:cad>89</ns3:cad></ns3:TrackPointExtension></extensions></trkpt>
<trkpt lat="56.86511" lon="-3.98767"><ele>590.1</ele><time>2026-05-24T09:37:46Z</time><extensions><ns3:TrackPointExtension><ns3:hr>144</ns3:hr><ns3:cad>88</ns3:cad></ns3:TrackPointExtension></extensions></trkpt>
<trkpt lat="56.86526" lon="-3.98777"><ele>591.3</ele><time>2026-05-24T09:37:56Z</time><extensions><ns3:TrackPointExtension><ns3:hr>144</ns3:hr><ns3:cad>85</ns3:cad></ns3:TrackPointExtension></extensions></trkpt>
<trkpt lat="56.86542" lon="-3.98784"><ele>592.6</ele><time>2026-05-24T09:38:06Z</time><extensions><ns3:TrackPointExtension><ns3:hr>143</ns3:hr><ns3:cad>86</ns3:cad></ns3:TrackPointExtension></extensions></trkpt>
<trkpt lat="56.86558" lon="-3.98791"><ele>593.9</ele><time>2026-05-24T09:38:16Z</time><extensions><ns3:TrackPointExtension><ns3:hr>143</ns3:hr><ns3:cad>87</ns3:cad></ns3:TrackPointExtension></extensions></trkpt>
<trkpt lat="56.86575" lon="-3.98794"><ele>595.2</ele><time>2026-05-24T09:38:26Z</time><extensions><ns3:TrackPointExtension><ns3:hr>145</ns3:hr><ns3:cad>85</ns3:cad></ns3:TrackPointExtension></extensions></trkpt>
<trkpt lat="56.86591" lon="-3.98801"><ele>596.5</ele><time>2026-05-24T09:38:36Z</time><extensions><ns3:TrackPointExtension><ns3:hr>141</ns3:hr><ns3:cad>87</ns3:cad></ns3:TrackPointExtension></extensions></trkpt>
<trkpt lat="56.86606" lon="-3.98810"><ele>597.8</ele><time>2026-05-24T09:38:46Z</time><extensions><ns3:TrackPointExtension><ns3:hr>143</ns3:hr><ns3:cad>85</ns3:cad></ns3:TrackPointExtension></extensions></trkpt>
<trkpt lat="56.86621" lon="-3.98822"><ele>599.0</ele><time>2026-05-24T09:38:56Z</time><extensions><ns3:TrackPointExtension><ns3:hr>142</ns3:hr><ns3:cad>88</ns3:cad></ns3:TrackPointExtension></extensions></trkpt>
<trkpt lat="56.86636" lon="-3.98837"><ele>600.3</ele><time>2026-05-24T09:39:06Z</time><extensions><ns3:TrackPointExtension><ns3:hr>145</ns3:hr><ns3:cad>85</ns3:cad></ns3:TrackPointExtension></extensions></trkpt>
<trkpt lat="56.86651" lon="-3.98850"><ele>601.6</ele><time>2026-05-24T09:39:16Z</time><extensions><ns3:TrackPointExtension><ns3:hr>146</ns3:hr><ns3:cad>86</ns3:cad></ns3:TrackPointExtension></extensions></trkpt>
<trkpt lat="56.86666" lon="-3.98860"><ele>602.9</ele><time>2026-05-24T09:39:26Z</time><extensions><ns3:TrackPointExtension><ns3:hr>145</ns3:hr><ns3:cad>88</ns3:cad></ns3:TrackPointExtension></extensions></trkpt>
<trkpt lat="56.86681" lon="-3.98870"><ele>604.2</ele><time>2026-05-24T09:39:36Z</time><extensions><ns3:TrackPointExtension><ns3:hr>142</ns3:hr><ns3:cad>86</ns3:cad></ns3:TrackPointExtension></extensions></trkpt>
<trkpt lat="56.86697" lon="-3.98877"><ele>605.4</ele><time>2026-05-24T09:39:46Z</time><extensions><ns3:TrackPointExtension><ns3:hr>143</ns3:hr><ns3:cad>85</ns3:cad></ns3:TrackPointExtension></extensions></trkpt>
<trkpt lat="56.86714" lon="-3.98882"><ele>606.7</ele><time>2026-05-24T09:39:56Z</time><extensions><ns3:TrackPointExtension><ns3:hr>142</ns3:hr><ns3:cad>85</ns3:cad></ns3:TrackPointExtension></extensions></trkpt>
<trkpt lat="56.86730" lon="-3.98885"><ele>608.0</ele><time>2026-05-24T09:40:06Z</time><extensions><ns3:TrackPointExtension><ns3:hr>145</ns3:hr><ns3:cad>87</ns3:cad></ns3:TrackPointExtension></extensions></trkpt>
<trkpt lat="56.86746" lon="-3.98888"><ele>609.3</ele><time>2026-05-24T09:40:16Z</time><extensions><ns3:TrackPointExtension><ns3:hr>143</ns3:hr><ns3:cad>89</ns3:cad></ns3:TrackPointExtension></extensions></trkpt>
<trkpt lat="56.86763" lon="-3.98893"><ele>610.6</ele><time>2026-05-24T09:40:26Z</time><extensions><ns3:TrackPointExtension><ns3:hr>145</ns3:hr><ns3:cad>85</ns3:cad></ns3:TrackPointExtension></extensions></trkpt>
<trkpt lat="56.86779" lon="-3.98895"><ele>611.9</ele><time>2026-05-24T09:40:36Z</time><extensions><ns3:TrackPointExtension><ns3:hr>142</ns3:hr><ns3:cad>88</ns3:cad></ns3:TrackPointExtension></extensions></trkpt>
<trkpt lat="56.86796" lon="-3.98895"><ele>613.1</ele><time>2026-05-24T09:40:46Z</time><extensions><ns3:TrackPointExtension><ns3:hr>146</ns3:hr><ns3:cad>84</ns3:cad></ns3:TrackPointExtension></extensions></trkpt>
<trkpt lat="56.86812" lon="-3.98894"><ele>614.4</ele><time>2026-05-24T09:40:56Z</time><extensions><ns3:TrackPointExtension><ns3:hr>144</ns3:hr><ns3:cad>85</ns3:cad></ns3:TrackPointExtension></extensions></trkpt>
<trkpt lat="56.86828" lon="-3.98895"><ele>615.7</ele><time>2026-05-24T09:41:06Z</time><extensions><ns3:TrackPointExtension><ns3:hr>144</ns3:hr><ns3:cad>86</ns3:cad></ns3:TrackPointExtension></extensions></trkpt>
<trkpt lat="56.86845" lon="-3.98892"><ele>617.0</ele><time>2026-05-24T09:41:16Z</time><extensions><ns3:TrackPointExtension><ns3:hr>141</ns3:hr><ns3:cad>86</ns3:cad></ns3:TrackPointExtension></extensions></trkpt>
<trkpt lat="56.86861" lon="-3.98891"><ele>618.3</ele><time>2026-05-24T09:41:26Z</time><extensions><ns3:TrackPointExtension><ns3:hr>144</ns3:hr><ns3:cad>89</ns3:cad></ns3:TrackPointExtension></extensions></trkpt>
<trkpt lat="56.86878" lon="-3.98890"><ele>619.5</ele><time>2026-05-24T09:41:36Z</time><extensions><ns3:TrackPointExtension><ns3:hr>142</ns3:hr><ns3:cad>85</ns3:cad></ns3:TrackPointExtension></extensions></trkpt>
<trkpt lat="56.86894" lon="-3.98886"><ele>620.8</ele><time>2026-05-24T09:41:46Z</time><extensions><ns3:TrackPointExtension><ns3:hr>146</ns3:hr><ns3:cad>88</ns3:cad></ns3:TrackPointExtension></extensions></trkpt>
<trkpt lat="56.86910" lon="-3.98885"><ele>622.1</ele><time>2026-05-24T09:41:56Z</time><extensions><ns3:TrackPointExtension><ns3:hr>143</ns3:hr><ns3:cad>84</ns3:cad></ns3:TrackPointExtension></extensions></trkpt>
<trkpt lat="56.86927" lon="-3.98887"><ele>623.4</ele><time>2026-05-24T09:42:06Z</time><extensions><ns3:TrackPointExtension><ns3:hr>146</ns3:hr><ns3:cad>87</ns3:cad></ns3:TrackPointExtension></extensions></trkpt>
<trkpt lat="56.86943" lon="-3.98887"><ele>624.7</ele><time>2026-05-24T09:42:16Z</time><extensions><ns3:TrackPointExtension><ns3:hr>142</ns3:hr><ns3:cad>87</ns3:cad></ns3:TrackPointExtension></extensions></trkpt>
<trkpt lat="56.86960" lon="-3.98890"><ele>626.0</ele><time>2026-05-24T09:42:26Z</time><extensions><ns3:TrackPointExtension><ns3:hr>143</ns3:hr><ns3:cad>88</ns3:cad></ns3:TrackPointExtension></extensions></trkpt>
<trkpt lat="56.86976" lon="-3.98890"><ele>627.2</ele><time>2026-05-24T09:42:36Z</time><extensions><ns3:TrackPointExtension><ns3:hr>143</ns3:hr><ns3:cad>88</ns3:cad></ns3:TrackPointExtension></extensions></trkpt>
<trkpt lat="56.86992" lon="-3.98887"><ele>628.5</ele><time>2026-05-24T09:42:46Z</time><extensions><ns3:TrackPointExtension><ns3:hr>143</ns3:hr><ns3:cad>86</ns3:cad></ns3:TrackPointExtension></extensions></trkpt>
<trkpt lat="56.87009" lon="-3.98887"><ele>629.8</ele><time>2026-05-24T09:42:56Z</time><extensions><ns3:TrackPointExtension><ns3:hr>144</ns3:hr><ns3:cad>85</ns3:cad></ns3:TrackPointExtension></extensions></trkpt>
<trkpt lat="56.87025" lon="-3.98889"><ele>631.1</ele><time>2026-05-24T09:43:06Z</time><extensions><ns3:TrackPointExtension><ns3:hr>142</ns3:hr><ns3:cad>86</ns3:cad></ns3:TrackPointExtension></extensions></trkpt>
<trkpt lat="56.87042" lon="-3.98889"><ele>632.4</ele><time>2026-05-24T09:43:16Z</time><extensions><ns3:TrackPointExtension><ns3:hr>146</ns3:hr><ns3:cad>88</ns3:cad></ns3:TrackPointExtension></extensions></trkpt>
<trkpt lat="56.87058" lon="-3.98892"><ele>633.6</ele><time>2026-05-24T09:43:26Z</time><extensions><ns3:TrackPointExtension><ns3:hr>145</ns3:hr><ns3:cad>87</ns3:cad></ns3:TrackPointExtension></extensions></trkpt>
<trkpt lat="56.87074" lon="-3.98897"><ele>634.9</ele><time>2026-05-24T09:43:36Z</time><extensions><ns3:TrackPointExtension><ns3:hr>143</ns3:hr><ns3:cad>89</ns3:cad></ns3:TrackPointExtension></extensions></trkpt>
<trkpt lat="56.87090" lon="-3.98904"><ele>636.2</ele><time>2026-05-24T09:43:46Z</time><extensions><ns3:TrackPointExtension><ns3:hr>142</ns3:hr><ns3:cad>88</ns3:cad></ns3:TrackPointExtension></extensions></trkpt>
<trkpt lat="56.87106" lon="-3.98912"><ele>637.5</ele><time>2026-05-24T09:43:56Z</time><extensions><ns3:TrackPointExtension><ns3:hr>143</ns3:hr><ns3:cad>86</ns3:cad></ns3:TrackPointExtension></extensions></trkpt>
<trkpt lat="56.87122" lon="-3.98919"><ele>638.8</ele><time>2026-05-24T09:44:06Z</time><extensions><ns3:TrackPointExtension><ns3:hr>143</ns3:hr><ns3:cad>86</ns3:cad></ns3:TrackPointExtension></extensions></trkpt>
<trkpt lat="56.87138" lon="-3.98923"><ele>640.0</ele><time>2026-05-24T09:44:16Z</time><extensions><ns3:TrackPointExtension><ns3:hr>143</ns3:hr><ns3:cad>89</ns3:cad></ns3:TrackPointExtension></extensions></trkpt>
<trkpt lat="56.87154" lon="-3.98931"><ele>641.3</ele><time>2026-05-24T09:44:26Z</time><extensions><ns3:TrackPointExtension><ns3:hr>145</ns3:hr><ns3:cad>85</ns3:cad></ns3:TrackPointExtension></extensions></trkpt>
<trkpt lat="56.87171" lon="-3.98935"><ele>642.6</ele><time>2026-05-24T09:44:36Z</time><extensions><ns3:TrackPointExtension><ns3:hr>145</ns3:hr><ns3:cad>84</ns3:cad></ns3:TrackPointExtension></extensions></trkpt>
<trkpt lat="56.87187" lon="-3.98941"><ele>643.9</ele><time>2026-05-24T09:44:46Z</time><extensions><ns3:TrackPointExtension><ns3:hr>144</ns3:hr><ns3:cad>85</ns3:cad></ns3:TrackPointExtension></extensions></trkpt>
<trkpt lat="56.87202" lon="-3.98950"><ele>645.2</ele><time>2026-05-24T09:44:56Z</time><extensions><ns3:TrackPointExtension><ns3:hr>146</ns3:hr><ns3:cad>89</ns3:cad></ns3:TrackPointExtension></extensions></trkpt>
<trkpt lat="56.87218" lon="-3.98961"><ele>646.5</ele><time>2026-05-24T09:45:06Z</time><extensions><ns3:TrackPointExtension><ns3:hr>145</ns3:hr><ns3:cad>89</ns3:cad></ns3:TrackPointExtension></extensions></trkpt>
<trkpt lat="56.87233" lon="-3.98972"><ele>647.7</ele><time>2026-05-24T09:45:16Z</time><extensions><ns3:TrackPointExtension><ns3:hr>142</ns3:hr><ns3:cad>85</ns3:cad></ns3:TrackPointExtension></extensions></trkpt>
<trkpt lat="56.87249" lon="-3.98981"><ele>649.0</ele><time>2026-05-24T09:45:26Z</time><extensions><ns3:TrackPointExtension><ns3:hr>144</ns3:hr><ns3:cad>87</ns3:cad></ns3:TrackPointExtension></extensions></trkpt>
<trkpt lat="56.87265" lon="-3.98990"><ele>650.3</ele><time>2026-05-24T09:45:36Z</time><extensions><ns3:TrackPointExtension><ns3:hr>144</ns3:hr><ns3:cad>86</ns3:cad></ns3:TrackPointExtension></extensions></trkpt>
<trkpt lat="56.87280" lon="-3.98997"><ele>651.6</ele><time>2026-05-24T09:45:46Z</time><extensions><ns3:TrackPointExtension><ns3:hr>143</ns3:hr><ns3:cad>87</ns3:cad></ns3:TrackPointExtension></extensions></trkpt>
<trkpt lat="56.87296" lon="-3.99006"><ele>652.9</ele><time>2026-05-24T09:45:56Z</time><extensions><ns3:TrackPointExtension><ns3:hr>141</ns3:hr><ns3:cad>85</ns3:cad></ns3:TrackPointExtension></extensions></trkpt>
<trkpt lat="56.87312" lon="-3.99012"><ele>654.1</ele><time>2026-05-24T09:46:06Z</time><extensions><ns3:TrackPointExtension><ns3:hr>143</ns3:hr><ns3:cad>88</ns3:cad></ns3:TrackPointExtension></extensions></trkpt>
<trkpt lat="56.87328" lon="-3.99018"><ele>655.4</ele><time>2026-05-24T09:46:16Z</time><extensions><ns3:TrackPointExtension><ns3:hr>142</ns3:hr><ns3:cad>86</ns3:cad></ns3:TrackPointExtension></extensions></trkpt>
<trkpt lat="56.87344" lon="-3.99025"><ele>656.7</ele><time>2026-05-24T09:46:26Z</time><extensions><ns3:TrackPointExtension><ns3:hr>144</ns3:hr><ns3:cad>87</ns3:cad></ns3:TrackPointExtension></extensions></trkpt>
<trkpt lat="56.87360" lon="-3.99035"><ele>658.0</ele><time>2026-05-24T09:46:36Z</time><extensions><ns3:TrackPointExtension><ns3:hr>146</ns3:hr><ns3:cad>86</ns3:cad></ns3:TrackPointExtension></extensions></trkpt>
<trkpt lat="56.87360" lon="-3.99035"><ele>658.0</ele><time>2026-05-24T09:46:36Z</time><extensions><ns3:TrackPointExtension><ns3:hr>143</ns3:hr><ns3:cad>86</ns3:cad></ns3:TrackPointExtension></extensions></trkpt>
<trkpt lat="56.87371" lon="-3.99048"><ele>659.9</ele><time>2026-05-24T09:46:46Z</time><extensions><ns3:TrackPointExtension><ns3:hr>144</ns3:hr><ns3:cad>87</ns3:cad></ns3:TrackPointExtension></extensions></trkpt>
<trkpt lat="56.87382" lon="-3.99060"><ele>661.7</ele><time>2026-05-24T09:46:56Z</time><extensions><ns3:TrackPointExtension><ns3:hr>141</ns3:hr><ns3:cad>88</ns3:cad></ns3:TrackPointExtension></extensions></trkpt>
<trkpt lat="56.87392" lon="-3.99073"><ele>663.6</ele><time>2026-05-24T09:47:06Z</time><extensions><ns3:TrackPointExtension><ns3:hr>146</ns3:hr><ns3:cad>86</ns3:cad></ns3:TrackPointExtension></extensions></trkpt>
<trkpt lat="56.87403" lon="-3.99086"><ele>665.4</ele><time>2026-05-24T09:47:16Z</time><extensions><ns3:TrackPointExtension><ns3:hr>141</ns3:hr><ns3:cad>89</ns3:cad></ns3:TrackPointExtension></extensions></trkpt>
<trkpt lat="56.87414" lon="-3.99097"><ele>667.3</ele><time>2026-05-24T09:47:26Z</time><extensions><ns3:TrackPointExtension><ns3:hr>141</ns3:hr><ns3:cad>86</ns3:cad></ns3:TrackPointExtension></extensions></trkpt>
<trkpt lat="56.87426" lon="-3.99106"><ele>669.1</ele><time>2026-05-24T09:47:36Z</time><extensions><ns3:TrackPointExtension><ns3:hr>143</ns3:hr><ns3:cad>88</ns3:cad></ns3:TrackPointExtension></extensions></trkpt>
<trkpt lat="56.87438" lon="-3.99115"><ele>671.0</ele><time>2026-05-24T09:47:46Z</time><extensions><ns3:TrackPointExtension><ns3:hr>142</ns3:hr><ns3:cad>85</ns3:cad></ns3:TrackPointExtension></extensions></trkpt>
<trkpt lat="56.87450" lon="-3.99125"><ele>672.8</ele><time>2026-05-24T09:47:56Z</time><extensions><ns3:TrackPointExtension><ns3:hr>145</ns3:hr><ns3:cad>86</ns3:cad></ns3:TrackPointExtension></extensions></trkpt>
<trkpt lat="56.87461" lon="-3.99136"><ele>674.7</ele><time>2026-05-24T09:48:06Z</time><extensions><ns3:TrackPointExtension><ns3:hr>146</ns3:hr><ns3:cad>86</ns3:cad></ns3:TrackPointExtension></extensions></trkpt>
<trkpt lat="56.87472" lon="-3.99149"><ele>676.6</ele><time>2026-05-24T09:48:16Z</time><extensions><ns3:TrackPointExtension><ns3:hr>144</ns3:hr><ns3:cad>85</ns3:cad></ns3:TrackPointExtension></extensions></trkpt>
<trkpt lat="56.87482" lon="-3.99163"><ele>678.4</ele><time>2026-05-24T09:48:26Z</time><extensions><ns3:TrackPointExtension><ns3:hr>145</ns3:hr><ns3:cad>84</ns3:cad></ns3:TrackPointExtension></extensions></trkpt>
<trkpt lat="56.87492" lon="-3.99178"><ele>680.3</ele><time>2026-05-24T09:48:36Z</time><extensions><ns3:TrackPointExtension><ns3:hr>145</ns3:hr><ns3:cad>88</ns3:cad></ns3:TrackPointExtension></extensions></trkpt>
<trkpt lat="56.87501" lon="-3.99195"><ele>682.1</ele><time>2026-05-24T09:48:46Z</time><extensions><ns3:TrackPointExtension><ns3:hr>142</ns3:hr><ns3:cad>87</ns3:cad></ns3:TrackPointExtension></extensions></trkpt>
<trkpt lat="56.87508" lon="-3.99214"><ele>684.0</ele><time>2026-05-24T09:48:56Z</time><extensions><ns3:TrackPointExtension><ns3:hr>142</ns3:hr><ns3:cad>85</ns3:cad></ns3:TrackPointExtension></extensions></trkpt>
<trkpt lat="56.87515" lon="-3.99233"><ele>685.8</ele><time>2026-05-24T09:49:06Z</time><extensions><ns3:TrackPointExtension><ns3:hr>144</ns3:hr><ns3:cad>86</ns3:cad></ns3:TrackPointExtension></extensions></trkpt>
<trkpt lat="56.87522" lon="-3.99254"><ele>687.7</ele><time>2026-05-24T09:49:16Z</time><extensions><ns3:TrackPointExtension><ns3:hr>145</ns3:hr><ns3:cad>89</ns3:cad></ns3:TrackPointExtension></extensions></trkpt>
<trkpt lat="56.87529" lon="-3.99273"><ele>689.5</ele><time>2026-05-24T09:49:26Z</time><extensions><ns3:TrackPointExtension><ns3:hr>146</ns3:hr><ns3:cad>85</ns3:cad></ns3:TrackPointExtension></extensions></trkpt>
<trkpt lat="56.87535" lon="-3.99294"><ele>691.4</ele><time>2026-05-24T09:49:36Z</time><extensions><ns3:TrackPointExtension><ns3:hr>143</ns3:hr><ns3:cad>87</ns3:cad></ns3:TrackPointExtension></extensions></trkpt>
<trkpt lat="56.87539" lon="-3.99316"><ele>693.3</ele><time>2026-05-24T09:49:46Z</time><extensions><ns3:TrackPointExtension><ns3:hr>146</ns3:hr><ns3:cad>87</ns3:cad></ns3:TrackPointExtension></extensions></trkpt>
<trkpt lat="56.87543" lon="-3.99339"><ele>695.1</ele><time>2026-05-24T09:49:56Z</time><extensions><ns3:TrackPointExtension><ns3:hr>143</ns3:hr><ns3:cad>84</ns3:cad></ns3:TrackPointExtension></extensions></trkpt>
<trkpt lat="56.87547" lon="-3.99361"><ele>697.0</ele><time>2026-05-24T09:50:06Z</time><extensions><ns3:TrackPointExtension><ns3:hr>144</ns3:hr><ns3:cad>84</ns3:cad></ns3:TrackPointExtension></extensions></trkpt>
<trkpt lat="56.87550" lon="-3.99384"><ele>698.8</ele><time>2026-05-24T09:50:16Z</time><extensions><ns3:TrackPointExtension><ns3:hr>146</ns3:hr><ns3:cad>85</ns3:cad></ns3:TrackPointExtension></extensions></trkpt>
<trkpt lat="56.87555" lon="-3.99405"><ele>700.7</ele><time>2026-05-24T09:50:26Z</time><extensions><ns3:TrackPointExtension><ns3:hr>145</ns3:hr><ns3:cad>87</ns3:cad></ns3:TrackPointExtension></extensions></trkpt>
<trkpt lat="56.87560" lon="-3.99427"><ele>702.5</ele><time>2026-05-24T09:50:36Z</time><extensions><ns3:TrackPointExtension><ns3:hr>142</ns3:hr><ns3:cad>87</ns3:cad></ns3:TrackPointExtension></extensions></trkpt>
<trkpt lat="56.87564" lon="-3.99449"><ele>704.4</ele><time>2026-05-24T09:50:46Z</time><extensions><ns3:TrackPointExtension><ns3:hr>145</ns3:hr><ns3:cad>85</ns3:cad></ns3:TrackPointExtension></extensions></trkpt>
<trkpt lat="56.87568" lon="-3.99472"><ele>706.2</ele><time>2026-05-24T09:50:56Z</time><extensions><ns3:TrackPointExtension><ns3:hr>142</ns3:hr><ns3:cad>85</ns3:cad></ns3:TrackPointExtension></extensions></trkpt>
<trkpt lat="56.87571" lon="-3.99494"><ele>708.1</ele><time>2026-05-24T09:51:06Z</time><extensions><ns3:TrackPointExtension><ns3:hr>144</ns3:hr><ns3:cad>84</ns3:cad></ns3:TrackPointExtension></extensions></trkpt>
<trkpt lat="56.87572" lon="-3.99518"><ele>710.0</ele><time>2026-05-24T09:51:16Z</time><extensions><ns3:TrackPointExtension><ns3:hr>145</ns3:hr><ns3:cad>84</ns3:cad></ns3:TrackPointExtension></extensions></trkpt>
<trkpt lat="56.87573" lon="-3.99541"><ele>711.8</ele><time>2026-05-24T09:51:26Z</time><extensions><ns3:TrackPointExtension><ns3:hr>146</ns3:hr><ns3:cad>85</ns3:cad></ns3:TrackPointExtension></extensions></trkpt>
<trkpt lat="56.87573" lon="-3.99565"><ele>713.7</ele><time>2026-05-24T09:51:36Z</time><extensions><ns3:TrackPointExtension><ns3:hr>146</ns3:hr><ns3:cad>86</ns3:cad></ns3:TrackPointExtension></extensions></trkpt>
<trkpt lat="56.87574" lon="-3.99588"><ele>715.5</ele><time>2026-05-24T09:51:46Z</time><extensions><ns3:TrackPointExtension><ns3:hr>144</ns3:hr><ns3:cad>86</ns3:cad></ns3:TrackPointExtension></extensions></trkpt>
<trkpt lat="56.87573" lon="-3.99611"><ele>717.4</ele><time>2026-05-24T09:51:56Z</time><extensions><ns3:TrackPointExtension><ns3:hr>143</ns3:hr><ns3:cad>88</ns3:cad></ns3:TrackPointExtension></extensions></trkpt>
<trkpt lat="56.87571" lon="-3.99635"><ele>719.2</ele><time>2026-05-24T09:52:06Z</time><extensions><ns3:TrackPointExtension><ns3:hr>146</ns3:hr><ns3:cad>84</ns3:cad></ns3:TrackPointExtension></extensions></trkpt>
<trkpt lat="56.87571" lon="-3.99658"><ele>721.1</ele><time>2026-05-24T09:52:16Z</time><extensions><ns3:TrackPointExtension><ns3:hr>143</ns3:hr><ns3:cad>86</ns3:cad></ns3:TrackPointExtension></extensions></trkpt>
<trkpt lat="56.87571" lon="-3.99682"><ele>722.9</ele><time>2026-05-24T09:52:26Z</time><extensions><ns3:TrackPointExtension><ns3:hr>145</ns3:hr><ns3:cad>85</ns3:cad></ns3:TrackPointExtension></extensions></trkpt>
<trkpt lat="56.87571" lon="-3.99705"><ele>724.8</ele><time>2026-05-24T09:52:36Z</time><extensions><ns3:TrackPointExtension><ns3:hr>144</ns3:hr><ns3:cad>89</ns3:cad></ns3:TrackPointExtension></extensions></trkpt>
<trkpt lat="56.87572" lon="-3.99729"><ele>726.7</ele><time>2026-05-24T09:52:46Z</time><extensions><ns3:TrackPointExtension><ns3:hr>146</ns3:hr><ns3:cad>88</ns3:cad></ns3:TrackPointExtension></extensions></trkpt>
<trkpt lat="56.87571" lon="-3.99752"><ele>728.5</ele><time>2026-05-24T09:52:56Z</time><extensions><ns3:TrackPointExtension><ns3:hr>143</ns3:hr><ns3:cad>87</ns3:cad></ns3:TrackPointExtension></extensions></trkpt>
<trkpt lat="56.87570" lon="-3.99775"><ele>730.4</ele><time>2026-05-24T09:53:06Z</time><extensions><ns3:TrackPointExtension><ns3:hr>142</ns3:hr><ns3:cad>88</ns3:cad></ns3:TrackPointExtension></extensions></trkpt>
<trkpt lat="56.87570" lon="-3.99799"><ele>732.2</ele><time>2026-05-24T09:53:16Z</time><extensions><ns3:TrackPointExtension><ns3:hr>144</ns3:hr><ns3:cad>88</ns3:cad></ns3:TrackPointExtension></extensions></trkpt>
<trkpt lat="56.87570" lon="-3.99822"><ele>734.1</ele><time>2026-05-24T09:53:26Z</time><extensions><ns3:TrackPointExtension><ns3:hr>143</ns3:hr><ns3:cad>88</ns3:cad></ns3:TrackPointExtension></extensions></trkpt>
<trkpt lat="56.87571" lon="-3.99846"><ele>735.9</ele><time>2026-05-24T09:53:36Z</time><extensions><ns3:TrackPointExtension><ns3:hr>145</ns3:hr><ns3:cad>85</ns3:cad></ns3:TrackPointExtension></extensions></trkpt>
<trkpt lat="56.87571" lon="-3.99869"><ele>737.8</ele><time>2026-05-24T09:53:46Z</time><extensions><ns3:TrackPointExtension><ns3:hr>143</ns3:hr><ns3:cad>89</ns3:cad></ns3:TrackPointExtension></extensions></trkpt>
<trkpt lat="56.87572" lon="-3.99893"><ele>739.6</ele><time>2026-05-24T09:53:56Z</time><extensions><ns3:TrackPointExtension><ns3:hr>142</ns3:hr><ns3:cad>86</ns3:cad></ns3:TrackPointExtension></extensions></trkpt>
<trkpt lat="56.87573" lon="-3.99916"><ele>741.5</ele><time>2026-05-24T09:54:06Z</time><extensions><ns3:TrackPointExtension><ns3:hr>144</ns3:hr><ns3:cad>86</ns3:cad></ns3:TrackPointExtension></extensions></trkpt>
<trkpt lat="56.87575" lon="-3.99939"><ele>743.4</ele><time>2026-05-24T09:54:16Z</time><extensions><ns3:TrackPointExtension><ns3:hr>144</ns3:hr><ns3:cad>86</ns3:cad></ns3:TrackPointExtension></extensions></trkpt>
<trkpt lat="56.87577" lon="-3.99962"><ele>745.2</ele><time>2026-05-24T09:54:26Z</time><extensions><ns3:TrackPointExtension><ns3:hr>145</ns3:hr><ns3:cad>86</ns3:cad></ns3:TrackPointExtension></extensions></trkpt>
<trkpt lat="56.87579" lon="-3.99985"><ele>747.1</ele><time>2026-05-24T09:54:36Z</time><extensions><ns3:TrackPointExtension><ns3:hr>146</ns3:hr><ns3:cad>86</ns3:cad></ns3:TrackPointExtension></extensions></trkpt>
<trkpt lat="56.87582" lon="-4.00008"><ele>748.9</ele><time>2026-05-24T09:54:46Z</time><extensions><ns3:TrackPointExtension><ns3:hr>143</ns3:hr><ns3:cad>84</ns3:cad></ns3:TrackPointExtension></extensions></trkpt>
<trkpt lat="56.87586" lon="-4.00030"><ele>750.8</ele><time>2026-05-24T09:54:56Z</time><extensions><ns3:TrackPointExtension><ns3:hr>144</ns3:hr><ns3:cad>88</ns3:cad></ns3:TrackPointExtension></extensions></trkpt>
<trkpt lat="56.87591" lon="-4.00052"><ele>752.6</ele><time>2026-05-24T09:55:06Z</time><extensions><ns3:TrackPointExtension><ns3:hr>145</ns3:hr><ns3:cad>84</ns3:cad></ns3:TrackPointExtension></extensions></trkpt>
<trkpt lat="56.87594" lon="-4.00075"><ele>754.5</ele><time>2026-05-24T09:55:16Z</time><extensions><ns3:TrackPointExtension><ns3:hr>142</ns3:hr><ns3:cad>87</ns3:cad></ns3:TrackPointExtension></extensions></trkpt>
<trkpt lat="56.87598" lon="-4.00097"><ele>756.3</ele><time>2026-05-24T09:55:26Z</time><extensions><ns3:TrackPointExtension><ns3:hr>145</ns3:hr><ns3:cad>87</ns3:cad></ns3:TrackPointExtension></extensions></trkpt>
<trkpt lat="56.87603" lon="-4.00119"><ele>758.2</ele><time>2026-05-24T09:55:36Z</time><extensions><ns3:TrackPointExtension><ns3:hr>142</ns3:hr><ns3:cad>85</ns3:cad></ns3:TrackPointExtension></extensions></trkpt>
<trkpt lat="56.87608" lon="-4.00141"><ele>760.1</ele><time>2026-05-24T09:55:46Z</time><extensions><ns3:TrackPointExtension><ns3:hr>142</ns3:hr><ns3:cad>88</ns3:cad></ns3:TrackPointExtension></extensions></trkpt>
<trkpt lat="56.87614" lon="-4.00161"><ele>761.9</ele><time>2026-05-24T09:55:56Z</time><extensions><ns3:TrackPointExtension><ns3:hr>143</ns3:hr><ns3:cad>85</ns3:cad></ns3:TrackPointExtension></extensions></trkpt>
<trkpt lat="56.87620" lon="-4.00182"><ele>763.8</ele><time>2026-05-24T09:56:06Z</time><extensions><ns3:TrackPointExtension><ns3:hr>144</ns3:hr><ns3:cad>88</ns3:cad></ns3:TrackPointExtension></extensions></trkpt>
<trkpt lat="56.87626" lon="-4.00203"><ele>765.6</ele><time>2026-05-24T09:56:16Z</time><extensions><ns3:TrackPointExtension><ns3:hr>144</ns3:hr><ns3:cad>88</ns3:cad></ns3:TrackPointExtension></extensions></trkpt>
<trkpt lat="56.87633" lon="-4.00222"><ele>767.5</ele><time>2026-05-24T09:56:26Z</time><extensions><ns3:TrackPointExtension><ns3:hr>144</ns3:hr><ns3:cad>84</ns3:cad></ns3:TrackPointExtension></extensions></trkpt>
<trkpt lat="56.87640" lon="-4.00242"><ele>769.3</ele><time>2026-05-24T09:56:36Z</time><extensions><ns3:TrackPointExtension><ns3:hr>143</ns3:hr><ns3:cad>87</ns3:cad></ns3:TrackPointExtension></extensions></trkpt>
<trkpt lat="56.87647" lon="-4.00261"><ele>771.2</ele><time>2026-05-24T09:56:46Z</time><extensions><ns3:TrackPointExtension><ns3:hr>142</ns3:hr><ns3:cad>85</ns3:cad></ns3:TrackPointExtension></extensions></trkpt>
<trkpt lat="56.87655" lon="-4.00280"><ele>773.0</ele><time>2026-05-24T09:56:56Z</time><extensions><ns3:TrackPointExtension><ns3:hr>146</ns3:hr><ns3:cad>87</ns3:cad></ns3:TrackPointExtension></extensions></trkpt>
<trkpt lat="56.87662" lon="-4.00300"><ele>774.9</ele><time>2026-05-24T09:57:06Z</time><extensions><ns3:TrackPointExtension><ns3:hr>142</ns3:hr><ns3:cad>84</ns3:cad></ns3:TrackPointExtension></extensions></trkpt>
<trkpt lat="56.87669" lon="-4.00320"><ele>776.8</ele><time>2026-05-24T09:57:16Z</time><extensions><ns3:TrackPointExtension><ns3:hr>142</ns3:hr><ns3:cad>86</ns3:cad></ns3:TrackPointExtension></extensions></trkpt>
<trkpt lat="56.87674" lon="-4.00341"><ele>778.6</ele><time>2026-05-24T09:57:26Z</time><extensions><ns3:TrackPointExtension><ns3:hr>144</ns3:hr><ns3:cad>86</ns3:cad></ns3:TrackPointExtension></extensions></trkpt>
<trkpt lat="56.87678" lon="-4.00364"><ele>780.5</ele><time>2026-05-24T09:57:36Z</time><extensions><ns3:TrackPointExtension><ns3:hr>143</ns3:hr><ns3:cad>88</ns3:cad></ns3:TrackPointExtension></extensions></trkpt>
<trkpt lat="56.87682" lon="-4.00386"><ele>782.3</ele><time>2026-05-24T09:57:46Z</time><extensions><ns3:TrackPointExtension><ns3:hr>143</ns3:hr><ns3:cad>88</ns3:cad></ns3:TrackPointExtension></extensions></trkpt>
<trkpt lat="56.87684" lon="-4.00409"><ele>784.2</ele><time>2026-05-24T09:57:56Z</time><extensions><ns3:TrackPointExtension><ns3:hr>145</ns3:hr><ns3:cad>85</ns3:cad></ns3:TrackPointExtension></extensions></trkpt>
<trkpt lat="56.87688" lon="-4.00431"><ele>786.0</ele><time>2026-05-24T09:58:06Z</time><extensions><ns3:TrackPointExtension><ns3:hr>142</ns3:hr><ns3:cad>85</ns3:cad></ns3:TrackPointExtension></extensions></trkpt>
<trkpt lat="56.87692" lon="-4.00454"><ele>787.9</ele><time>2026-05-24T09:58:16Z</time><extensions><ns3:TrackPointExtension><ns3:hr>143</ns3:hr><ns3:cad>89</ns3:cad></ns3:TrackPointExtension></extensions></trkpt>
<trkpt lat="56.87696" lon="-4.00476"><ele>789.7</ele><time>2026-05-24T09:58:26Z</time><extensions><ns3:TrackPointExtension><ns3:hr>143</ns3:hr><ns3:cad>88</ns3:cad></ns3:TrackPointExtension></extensions></trkpt>
<trkpt lat="56.87700" lon="-4.00498"><ele>791.6</ele><time>2026-05-24T09:58:36Z</time><extensions><ns3:TrackPointExtension><ns3:hr>144</ns3:hr><ns3:cad>87</ns3:cad></ns3:TrackPointExtension></extensions></trkpt>
<trkpt lat="56.87703" lon="-4.00521"><ele>793.5</ele><time>2026-05-24T09:58:46Z</time><extensions><ns3:TrackPointExtension><ns3:hr>144</ns3:hr><ns3:cad>85</ns3:cad></ns3:TrackPointExtension></extensions></trkpt>
<trkpt lat="56.87707" lon="-4.00543"><ele>795.3</ele><time>2026-05-24T09:58:56Z</time><extensions><ns3:TrackPointExtension><ns3:hr>146</ns3:hr><ns3:cad>87</ns3:cad></ns3:TrackPointExtension></extensions></trkpt>
<trkpt lat="56.87712" lon="-4.00565"><ele>797.2</ele><time>2026-05-24T09:59:06Z</time><extensions><ns3:TrackPointExtension><ns3:hr>144</ns3:hr><ns3:cad>88</ns3:cad></ns3:TrackPointExtension></extensions></trkpt>
<trkpt lat="56.87717" lon="-4.00586"><ele>799.0</ele><time>2026-05-24T09:59:16Z</time><extensions><ns3:TrackPointExtension><ns3:hr>143</ns3:hr><ns3:cad>86</ns3:cad></ns3:TrackPointExtension></extensions></trkpt>
<trkpt lat="56.87722" lon="-4.00608"><ele>800.9</ele><time>2026-05-24T09:59:26Z</time><extensions><ns3:TrackPointExtension><ns3:hr>146</ns3:hr><ns3:cad>89</ns3:cad></ns3:TrackPointExtension></extensions></trkpt>
<trkpt lat="56.87725" lon="-4.00631"><ele>802.7</ele><time>2026-05-24T09:59:36Z</time><extensions><ns3:TrackPointExtension><ns3:hr>144</ns3:hr><ns3:cad>85</ns3:cad></ns3:TrackPointExtension></extensions></trkpt>
<trkpt lat="56.87729" lon="-4.00654"><ele>804.6</ele><time>2026-05-24T09:59:46Z</time><extensions><ns3:TrackPointExtension><ns3:hr>146</ns3:hr><ns3:cad>89</ns3:cad></ns3:TrackPointExtension></extensions></trkpt>
<trkpt lat="56.87734" lon="-4.00675"><ele>806.4</ele><time>2026-05-24T09:59:56Z</time><extensions><ns3:TrackPointExtension><ns3:hr>144</ns3:hr><ns3:cad>87</ns3:cad></ns3:TrackPointExtension></extensions></trkpt>
<trkpt lat="56.87739" lon="-4.00697"><ele>808.3</ele><time>2026-05-24T10:00:06Z</time><extensions><ns3:TrackPointExtension><ns3:hr>143</ns3:hr><ns3:cad>86</ns3:cad></ns3:TrackPointExtension></extensions></trkpt>
<trkpt lat="56.87745" lon="-4.00717"><ele>810.1</ele><time>2026-05-24T10:00:16Z</time><extensions><ns3:TrackPointExtension><ns3:hr>143</ns3:hr><ns3:cad>86</ns3:cad></ns3:TrackPointExtension></extensions></trkpt>
<trkpt lat="56.87751" lon="-4.00738"><ele>812.0</ele><time>2026-05-24T10:00:26Z</time><extensions><ns3:TrackPointExtension><ns3:hr>146</ns3:hr><ns3:cad>88</ns3:cad></ns3:TrackPointExtension></extensions></trkpt>
<trkpt lat="56.87756" lon="-4.00759"><ele>813.9</ele><time>2026-05-24T10:00:36Z</time><extensions><ns3:TrackPointExtension><ns3:hr>145</ns3:hr><ns3:cad>88</ns3:cad></ns3:TrackPointExtension></extensions></trkpt>
<trkpt lat="56.87757" lon="-4.00761"><ele>814.0</ele><time>2026-05-24T10:00:36Z</time><extensions><ns3:TrackPointExtension><ns3:hr>146</ns3:hr><ns3:cad>88</ns3:cad></ns3:TrackPointExtension></extensions></trkpt>
<trkpt lat="56.87765" lon="-4.00798"><ele>810.8</ele><time>2026-05-24T10:00:46Z</time><extensions><ns3:TrackPointExtension><ns3:hr>146</ns3:hr><ns3:cad>88</ns3:cad></ns3:TrackPointExtension></extensions></trkpt>
<trkpt lat="56.87772" lon="-4.00837"><ele>807.6</ele><time>2026-05-24T10:00:56Z</time><extensions><ns3:TrackPointExtension><ns3:hr>144</ns3:hr><ns3:cad>88</ns3:cad></ns3:TrackPointExtension></extensions></trkpt>
<trkpt lat="56.87779" lon="-4.00875"><ele>804.4</ele><time>2026-05-24T10:01:06Z</time><extensions><ns3:TrackPointExtension><ns3:hr>144</ns3:hr><ns3:cad>88</ns3:cad></ns3:TrackPointExtension></extensions></trkpt>
<trkpt lat="56.87785" lon="-4.00915"><ele>801.1</ele><time>2026-05-24T10:01:16Z</time><extensions><ns3:TrackPointExtension><ns3:hr>146</ns3:hr><ns3:cad>85</ns3:cad></ns3:TrackPointExtension></extensions></trkpt>
<trkpt lat="56.87790" lon="-4.00954"><ele>797.9</ele><time>2026-05-24T10:01:26Z</time><extensions><ns3:TrackPointExtension><ns3:hr>146</ns3:hr><ns3:cad>89</ns3:cad></ns3:TrackPointExtension></extensions></trkpt>
<trkpt lat="56.87795" lon="-4.00994"><ele>794.7</ele><time>2026-05-24T10:01:36Z</time><extensions><ns3:TrackPointExtension><ns3:hr>143</ns3:hr><ns3:cad>84</ns3:cad></ns3:TrackPointExtension></extensions></trkpt>
<trkpt lat="56.87799" lon="-4.01034"><ele>791.5</ele><time>2026-05-24T10:01:46Z</time><extensions><ns3:TrackPointExtension><ns3:hr>143</ns3:hr><ns3:cad>85</ns3:cad></ns3:TrackPointExtension></extensions></trkpt>
<trkpt lat="56.87804" lon="-4.01073"><ele>788.3</ele><time>2026-05-24T10:01:56Z</time><extensions><ns3:TrackPointExtension><ns3:hr>143</ns3:hr><ns3:cad>85</ns3:cad></ns3:TrackPointExtension></extensions></trkpt>
<trkpt lat="56.87812" lon="-4.01111"><ele>785.1</ele><time>2026-05-24T10:02:06Z</time><extensions><ns3:TrackPointExtension><ns3:hr>145</ns3:hr><ns3:cad>89</ns3:cad></ns3:TrackPointExtension></extensions></trkpt>
<trkpt lat="56.87821" lon="-4.01149"><ele>781.9</ele><time>2026-05-24T10:02:16Z</time><extensions><ns3:TrackPointExtension><ns3:hr>145</ns3:hr><ns3:cad>88</ns3:cad></ns3:TrackPointExtension></extensions></trkpt>
<trkpt lat="56.87829" lon="-4.01186"><ele>778.7</ele><time>2026-05-24T10:02:26Z</time><extensions><ns3:TrackPointExtension><ns3:hr>143</ns3:hr><ns3:cad>86</ns3:cad></ns3:TrackPointExtension></extensions></trkpt>
<trkpt lat="56.87838" lon="-4.01223"><ele>775.4</ele><time>2026-05-24T10:02:36Z</time><extensions><ns3:TrackPointExtension><ns3:hr>142</ns3:hr><ns3:cad>85</ns3:cad></ns3:TrackPointExtension></extensions></trkpt>
<trkpt lat="56.87848" lon="-4.01260"><ele>772.2</ele><time>2026-05-24T10:02:46Z</time><extensions><ns3:TrackPointExtension><ns3:hr>145</ns3:hr><ns3:cad>87</ns3:cad></ns3:TrackPointExtension></extensions></trkpt>
<trkpt lat="56.87858" lon="-4.01296"><ele>769.0</ele><time>2026-05-24T10:02:56Z</time><extensions><ns3:TrackPointExtension><ns3:hr>145</ns3:hr><ns3:cad>85</ns3:cad></ns3:TrackPointExtension></extensions></trkpt>
<trkpt lat="56.87868" lon="-4.01333"><ele>765.8</ele><time>2026-05-24T10:03:06Z</time><extensions><ns3:TrackPointExtension><ns3:hr>147</ns3:hr><ns3:cad>88</ns3:cad></ns3:TrackPointExtension></extensions></trkpt>
<trkpt lat="56.87879" lon="-4.01367"><ele>762.6</ele><time>2026-05-24T10:03:16Z</time><extensions><ns3:TrackPointExtension><ns3:hr>144</ns3:hr><ns3:cad>87</ns3:cad></ns3:TrackPointExtension></extensions></trkpt>
<trkpt lat="56.87891" lon="-4.01402"><ele>759.4</ele><time>2026-05-24T10:03:26Z</time><extensions><ns3:TrackPointExtension><ns3:hr>142</ns3:hr><ns3:cad>84</ns3:cad></ns3:TrackPointExtension></extensions></trkpt>
<trkpt lat="56.87901" lon="-4.01438"><ele>756.2</ele><time>2026-05-24T10:03:36Z</time><extensions><ns3:TrackPointExtension><ns3:hr>146</ns3:hr><ns3:cad>85</ns3:cad></ns3:TrackPointExtension></extensions></trkpt>
<trkpt lat="56.87911" lon="-4.01475"><ele>752.9</ele><time>2026-05-24T10:03:46Z</time><extensions><ns3:TrackPointExtension><ns3:hr>146</ns3:hr><ns3:cad>88</ns3:cad></ns3:TrackPointExtension></extensions></trkpt>
<trkpt lat="56.87920" lon="-4.01511"><ele>749.7</ele><time>2026-05-24T10:03:56Z</time><extensions><ns3:TrackPointExtension><ns3:hr>144</ns3:hr><ns3:cad>89</ns3:cad></ns3:TrackPointExtension></extensions></trkpt>
<trkpt lat="56.87931" lon="-4.01547"><ele>746.5</ele><time>2026-05-24T10:04:06Z</time><extensions><ns3:TrackPointExtension><ns3:hr>143</ns3:hr><ns3:cad>88</ns3:cad></ns3:TrackPointExtension></extensions></trkpt>
<trkpt lat="56.87942" lon="-4.01583"><ele>743.3</ele><time>2026-05-24T10:04:16Z</time><extensions><ns3:TrackPointExtension><ns3:hr>144</ns3:hr><ns3:cad>85</ns3:cad></ns3:TrackPointExtension></extensions></trkpt>
<trkpt lat="56.87953" lon="-4.01617"><ele>740.1</ele><time>2026-05-24T10:04:26Z</time><extensions><ns3:TrackPointExtension><ns3:hr>146</ns3:hr><ns3:cad>85</ns3:cad></ns3:TrackPointExtension></extensions></trkpt>
<trkpt lat="56.87963" lon="-4.01653"><ele>736.9</ele><time>2026-05-24T10:04:36Z</time><extensions><ns3:TrackPointExtension><ns3:hr>142</ns3:hr><ns3:cad>89</ns3:cad></ns3:TrackPointExtension></extensions></trkpt>
<trkpt lat="56.87975" lon="-4.01688"><ele>733.7</ele><time>2026-05-24T10:04:46Z</time><extensions><ns3:TrackPointExtension><ns3:hr>146</ns3:hr><ns3:cad>86</ns3:cad></ns3:TrackPointExtension></extensions></trkpt>
<trkpt lat="56.87986" lon="-4.01723"><ele>730.5</ele><time>2026-05-24T10:04:56Z</time><extensions><ns3:TrackPointExtension><ns3:hr>144</ns3:hr><ns3:cad>88</ns3:cad></ns3:TrackPointExtension></extensions></trkpt>
<trkpt lat="56.87997" lon="-4.01759"><ele>727.2</ele><time>2026-05-24T10:05:06Z</time><extensions><ns3:TrackPointExtension><ns3:hr>144</ns3:hr><ns3:cad>88</ns3:cad></ns3:TrackPointExtension></extensions></trkpt>
<trkpt lat="56.88008" lon="-4.01794"><ele>724.0</ele><time>2026-05-24T10:05:16Z</time><extensions><ns3:TrackPointExtension><ns3:hr>144</ns3:hr><ns3:cad>86</ns3:cad></ns3:TrackPointExtension></extensions></trkpt>
<trkpt lat="56.88021" lon="-4.01827"><ele>720.8</ele><time>2026-05-24T10:05:26Z</time><extensions><ns3:TrackPointExtension><ns3:hr>146</ns3:hr><ns3:cad>88</ns3:cad></ns3:TrackPointExtension></extensions></trkpt>
<trkpt lat="56.88031" lon="-4.01863"><ele>717.6</ele><time>2026-05-24T10:05:36Z</time><extensions><ns3:TrackPointExtension><ns3:hr>144</ns3:hr><ns3:cad>86</ns3:cad></ns3:TrackPointExtension></extensions></trkpt>
<trkpt lat="56.88040" lon="-4.01901"><ele>714.4</ele><time>2026-05-24T10:05:46Z</time><extensions><ns3:TrackPointExtension><ns3:hr>145</ns3:hr><ns3:cad>87</ns3:cad></ns3:TrackPointExtension></extensions></trkpt>
<trkpt lat="56.88049" lon="-4.01937"><ele>711.2</ele><time>2026-05-24T10:05:56Z</time><extensions><ns3:TrackPointExtension><ns3:hr>144</ns3:hr><ns3:cad>87</ns3:cad></ns3:TrackPointExtension></extensions></trkpt>
<trkpt lat="56.88058" lon="-4.01975"><ele>708.0</ele><time>2026-05-24T10:06:06Z</time><extensions><ns3:TrackPointExtension><ns3:hr>147</ns3:hr><ns3:cad>89</ns3:cad></ns3:TrackPointExtension></extensions></trkpt>
<trkpt lat="56.88069" lon="-4.02010"><ele>704.8</ele><time>2026-05-24T10:06:16Z</time><extensions><ns3:TrackPointExtension><ns3:hr>146</ns3:hr><ns3:cad>89</ns3:cad></ns3:TrackPointExtension></extensions></trkpt>
<trkpt lat="56.88081" lon="-4.02044"><ele>701.5</ele><time>2026-05-24T10:06:26Z</time><extensions><ns3:TrackPointExtension><ns3:hr>143</ns3:hr><ns3:cad>86</ns3:cad></ns3:TrackPointExtension></extensions></trkpt>
<trkpt lat="56.88095" lon="-4.02076"><ele>698.3</ele><time>2026-05-24T10:06:36Z</time><extensions><ns3:TrackPointExtension><ns3:hr>143</ns3:hr><ns3:cad>85</ns3:cad></ns3:TrackPointExtension></extensions></trkpt>
<trkpt lat="56.88107" lon="-4.02110"><ele>695.1</ele><time>2026-05-24T10:06:46Z</time><extensions><ns3:TrackPointExtension><ns3:hr>146</ns3:hr><ns3:cad>88</ns3:cad></ns3:TrackPointExtension></extensions></trkpt>
<trkpt lat="56.88119" lon="-4.02144"><ele>691.9</ele><time>2026-05-24T10:06:56Z</time><extensions><ns3:TrackPointExtension><ns3:hr>143</ns3:hr><ns3:cad>86</ns3:cad></ns3:TrackPointExtension></extensions></trkpt>
<trkpt lat="56.88129" lon="-4.02181"><ele>688.7</ele><time>2026-05-24T10:07:06Z</time><extensions><ns3:TrackPointExtension><ns3:hr>143</ns3:hr><ns3:cad>88</ns3:cad></ns3:TrackPointExtension></extensions></trkpt>
<trkpt lat="56.88139" lon="-4.02217"><ele>685.5</ele><time>2026-05-24T10:07:16Z</time><extensions><ns3:TrackPointExtension><ns3:hr>145</ns3:hr><ns3:cad>87</ns3:cad></ns3:TrackPointExtension></extensions></trkpt>
<trkpt lat="56.88151" lon="-4.02251"><ele>682.3</ele><time>2026-05-24T10:07:26Z</time><extensions><ns3:TrackPointExtension><ns3:hr>145</ns3:hr><ns3:cad>86</ns3:cad></ns3:TrackPointExtension></extensions></trkpt>
<trkpt lat="56.88161" lon="-4.02288"><ele>679.0</ele><time>2026-05-24T10:07:36Z</time><extensions><ns3:TrackPointExtension><ns3:hr>143</ns3:hr><ns3:cad>85</ns3:cad></ns3:TrackPointExtension></extensions></trkpt>
<trkpt lat="56.88170" lon="-4.02325"><ele>675.8</ele><time>2026-05-24T10:07:46Z</time><extensions><ns3:TrackPointExtension><ns3:hr>146</ns3:hr><ns3:cad>85</ns3:cad></ns3:TrackPointExtension></extensions></trkpt>
<trkpt lat="56.88179" lon="-4.02362"><ele>672.6</ele><time>2026-05-24T10:07:56Z</time><extensions><ns3:TrackPointExtension><ns3:hr>143</ns3:hr><ns3:cad>86</ns3:cad></ns3:TrackPointExtension></extensions></trkpt>
<trkpt lat="56.88191" lon="-4.02396"><ele>669.4</ele><time>2026-05-24T10:08:06Z</time><extensions><ns3:TrackPointExtension><ns3:hr>142</ns3:hr><ns3:cad>88</ns3:cad></ns3:TrackPointExtension></extensions></trkpt>
<trkpt lat="56.88204" lon="-4.02428"><ele>666.2</ele><time>2026-05-24T10:08:16Z</time><extensions><ns3:TrackPointExtension><ns3:hr>143</ns3:hr><ns3:cad>85</ns3:cad></ns3:TrackPointExtension></extensions></trkpt>
<trkpt lat="56.88219" lon="-4.02459"><ele>663.0</ele><time>2026-05-24T10:08:26Z</time><extensions><ns3:TrackPointExtension><ns3:hr>145</ns3:hr><ns3:cad>85</ns3:cad></ns3:TrackPointExtension></extensions></trkpt>
<trkpt lat="56.88232" lon="-4.02491"><ele>659.8</ele><time>2026-05-24T10:08:36Z</time><extensions><ns3:TrackPointExtension><ns3:hr>142</ns3:hr><ns3:cad>88</ns3:cad></ns3:TrackPointExtension></extensions></trkpt>
<trkpt lat="56.88244" lon="-4.02526"><ele>656.6</ele><time>2026-05-24T10:08:46Z</time><extensions><ns3:TrackPointExtension><ns3:hr>146</ns3:hr><ns3:cad>85</ns3:cad></ns3:TrackPointExtension></extensions></trkpt>
<trkpt lat="56.88254" lon="-4.02562"><ele>653.3</ele><time>2026-05-24T10:08:56Z</time><extensions><ns3:TrackPointExtension><ns3:hr>145</ns3:hr><ns3:cad>89</ns3:cad></ns3:TrackPointExtension></extensions></trkpt>
<trkpt lat="56.88264" lon="-4.02598"><ele>650.1</ele><time>2026-05-24T10:09:06Z</time><extensions><ns3:TrackPointExtension><ns3:hr>142</ns3:hr><ns3:cad>87</ns3:cad></ns3:TrackPointExtension></extensions></trkpt>
<trkpt lat="56.88277" lon="-4.02632"><ele>646.9</ele><time>2026-05-24T10:09:16Z</time><extensions><ns3:TrackPointExtension><ns3:hr>145</ns3:hr><ns3:cad>87</ns3:cad></ns3:TrackPointExtension></extensions></trkpt>
<trkpt lat="56.88290" lon="-4.02664"><ele>643.7</ele><time>2026-05-24T10:09:26Z</time><extensions><ns3:TrackPointExtension><ns3:hr>147</ns3:hr><ns3:cad>84</ns3:cad></ns3:TrackPointExtension></extensions></trkpt>
<trkpt lat="56.88302" lon="-4.02698"><ele>640.5</ele><time>2026-05-24T10:09:36Z</time><extensions><ns3:TrackPointExtension><ns3:hr>144</ns3:hr><ns3:cad>88</ns3:cad></ns3:TrackPointExtension></extensions></trkpt>
<trkpt lat="56.88312" lon="-4.02735"><ele>637.3</ele><time>2026-05-24T10:09:46Z</time><extensions><ns3:TrackPointExtension><ns3:hr>146</ns3:hr><ns3:cad>84</ns3:cad></ns3:TrackPointExtension></extensions></trkpt>
<trkpt lat="56.88322" lon="-4.02771"><ele>634.1</ele><time>2026-05-24T10:09:56Z</time><extensions><ns3:TrackPointExtension><ns3:hr>145</ns3:hr><ns3:cad>88</ns3:cad></ns3:TrackPointExtension></extensions></trkpt>
<trkpt lat="56.88332" lon="-4.02807"><ele>630.8</ele><time>2026-05-24T10:10:06Z</time><extensions><ns3:TrackPointExtension><ns3:hr>142</ns3:hr><ns3:cad>89</ns3:cad></ns3:TrackPointExtension></extensions></trkpt>
<trkpt lat="56.88344" lon="-4.02842"><ele>627.6</ele><time>2026-05-24T10:10:16Z</time><extensions><ns3:TrackPointExtension><ns3:hr>144</ns3:hr><ns3:cad>89</ns3:cad></ns3:TrackPointExtension></extensions></trkpt>
<trkpt lat="56.88355" lon="-4.02876"><ele>624.4</ele><time>2026-05-24T10:10:26Z</time><extensions><ns3:TrackPointExtension><ns3:hr>142</ns3:hr><ns3:cad>86</ns3:cad></ns3:TrackPointExtension></extensions></trkpt>
<trkpt lat="56.88365" lon="-4.02913"><ele>621.2</ele><time>2026-05-24T10:10:36Z</time><extensions><ns3:TrackPointExtension><ns3:hr>144</ns3:hr><ns3:cad>85</ns3:cad></ns3:TrackPointExtension></extensions></trkpt>
<trkpt lat="56.88374" lon="-4.02951"><ele>618.0</ele><time>2026-05-24T10:10:46Z</time><extensions><ns3:TrackPointExtension><ns3:hr>143</ns3:hr><ns3:cad>84</ns3:cad></ns3:TrackPointExtension></extensions></trkpt>
<trkpt lat="56.88380" lon="-4.02989"><ele>614.8</ele><time>2026-05-24T10:10:56Z</time><extensions><ns3:TrackPointExtension><ns3:hr>144</ns3:hr><ns3:cad>86</ns3:cad></ns3:TrackPointExtension></extensions></trkpt>
<trkpt lat="56.88389" lon="-4.03027"><ele>611.6</ele><time>2026-05-24T10:11:06Z</time><extensions><ns3:TrackPointExtension><ns3:hr>146</ns3:hr><ns3:cad>87</ns3:cad></ns3:TrackPointExtension></extensions></trkpt>
<trkpt lat="56.88395" lon="-4.03066"><ele>608.4</ele><time>2026-05-24T10:11:16Z</time><extensions><ns3:TrackPointExtension><ns3:hr>146</ns3:hr><ns3:cad>87</ns3:cad></ns3:TrackPointExtension></extensions></trkpt>
<trkpt lat="56.88401" lon="-4.03105"><ele>605.1</ele><time>2026-05-24T10:11:26Z</time><extensions><ns3:TrackPointExtension><ns3:hr>143</ns3:hr><ns3:cad>85</ns3:cad></ns3:TrackPointExtension></extensions></trkpt>
<trkpt lat="56.88404" lon="-4.03145"><ele>601.9</ele><time>2026-05-24T10:11:36Z</time><extensions><ns3:TrackPointExtension><ns3:hr>143</ns3:hr><ns3:cad>87</ns3:cad></ns3:TrackPointExtension></extensions></trkpt>
<trkpt lat="56.88407" lon="-4.03185"><ele>598.7</ele><time>2026-05-24T10:11:46Z</time><extensions><ns3:TrackPointExtension><ns3:hr>145</ns3:hr><ns3:cad>85</ns3:cad></ns3:TrackPointExtension></extensions></trkpt>
<trkpt lat="56.88411" lon="-4.03226"><ele>595.5</ele><time>2026-05-24T10:11:56Z</time><extensions><ns3:TrackPointExtension><ns3:hr>146</ns3:hr><ns3:cad>86</ns3:cad></ns3:TrackPointExtension></extensions></trkpt>
<trkpt lat="56.88417" lon="-4.03265"><ele>592.3</ele><time>2026-05-24T10:12:06Z</time><extensions><ns3:TrackPointExtension><ns3:hr>144</ns3:hr><ns3:cad>88</ns3:cad></ns3:TrackPointExtension></extensions></trkpt>
<trkpt lat="56.88422" lon="-4.03304"><ele>589.1</ele><time>2026-05-24T10:12:16Z</time><extensions><ns3:TrackPointExtension><ns3:hr>142</ns3:hr><ns3:cad>89</ns3:cad></ns3:TrackPointExtension></extensions></trkpt>
<trkpt lat="56.88427" lon="-4.03344"><ele>585.9</ele><time>2026-05-24T10:12:26Z</time><extensions><ns3:TrackPointExtension><ns3:hr>146</ns3:hr><ns3:cad>85</ns3:cad></ns3:TrackPointExtension></extensions></trkpt>
<trkpt lat="56.88429" lon="-4.03384"><ele>582.7</ele><time>2026-05-24T10:12:36Z</time><extensions><ns3:TrackPointExtension><ns3:hr>145</ns3:hr><ns3:cad>88</ns3:cad></ns3:TrackPointExtension></extensions></trkpt>
<trkpt lat="56.88433" lon="-4.03424"><ele>579.4</ele><time>2026-05-24T10:12:46Z</time><extensions><ns3:TrackPointExtension><ns3:hr>145</ns3:hr><ns3:cad>84</ns3:cad></ns3:TrackPointExtension></extensions></trkpt>
<trkpt lat="56.88439" lon="-4.03463"><ele>576.2</ele><time>2026-05-24T10:12:56Z</time><extensions><ns3:TrackPointExtension><ns3:hr>146</ns3:hr><ns3:cad>84</ns3:cad></ns3:TrackPointExtension></extensions></trkpt>
<trkpt lat="56.88448" lon="-4.03501"><ele>573.0</ele><time>2026-05-24T10:13:06Z</time><extensions><ns3:TrackPointExtension><ns3:hr>142</ns3:hr><ns3:cad>85</ns3:cad></ns3:TrackPointExtension></extensions></trkpt>
<trkpt lat="56.88457" lon="-4.03538"><ele>569.8</ele><time>2026-05-24T10:13:16Z</time><extensions><ns3:TrackPointExtension><ns3:hr>146</ns3:hr><ns3:cad>88</ns3:cad></ns3:TrackPointExtension></extensions></trkpt>
<trkpt lat="56.88468" lon="-4.03573"><ele>566.6</ele><time>2026-05-24T10:13:26Z</time><extensions><ns3:TrackPointExtension><ns3:hr>145</ns3:hr><ns3:cad>85</ns3:cad></ns3:TrackPointExtension></extensions></trkpt>
<trkpt lat="56.88477" lon="-4.03610"><ele>563.4</ele><time>2026-05-24T10:13:36Z</time><extensions><ns3:TrackPointExtension><ns3:hr>143</ns3:hr><ns3:cad>85</ns3:cad></ns3:TrackPointExtension></extensions></trkpt>
<trkpt lat="56.88484" lon="-4.03649"><ele>560.2</ele><time>2026-05-24T10:13:46Z</time><extensions><ns3:TrackPointExtension><ns3:hr>143</ns3:hr><ns3:cad>85</ns3:cad></ns3:TrackPointExtension></extensions></trkpt>
<trkpt lat="56.88489" lon="-4.03688"><ele>556.9</ele><time>2026-05-24T10:13:56Z</time><extensions><ns3:TrackPointExtension><ns3:hr>146</ns3:hr><ns3:cad>87</ns3:cad></ns3:TrackPointExtension></extensions></trkpt>
<trkpt lat="56.88492" lon="-4.03725"><ele>554.0</ele><time>2026-05-24T10:14:06Z</time><extensions><ns3:TrackPointExtension><ns3:hr>146</ns3:hr><ns3:cad>89</ns3:cad></ns3:TrackPointExtension></extensions></trkpt>
<trkpt lat="56.88493" lon="-4.03772"><ele>552.6</ele><time>2026-05-24T10:14:16Z</time><extensions><ns3:TrackPointExtension><ns3:hr>142</ns3:hr><ns3:cad>85</ns3:cad></ns3:TrackPointExtension></extensions></trkpt>
<trkpt lat="56.88494" lon="-4.03818"><ele>551.2</ele><time>2026-05-24T10:14:26Z</time><extensions><ns3:TrackPointExtension><ns3:hr>145</ns3:hr><ns3:cad>89</ns3:cad></ns3:TrackPointExtension></extensions></trkpt>
<trkpt lat="56.88491" lon="-4.03865"><ele>549.8</ele><time>2026-05-24T10:14:36Z</time><extensions><ns3:TrackPointExtension><ns3:hr>144</ns3:hr><ns3:cad>88</ns3:cad></ns3:TrackPointExtension></extensions></trkpt>
<trkpt lat="56.88487" lon="-4.03910"><ele>548.3</ele><time>2026-05-24T10:14:46Z</time><extensions><ns3:TrackPointExtension><ns3:hr>142</ns3:hr><ns3:cad>86</ns3:cad></ns3:TrackPointExtension></extensions></trkpt>
<trkpt lat="56.88480" lon="-4.03956"><ele>546.9</ele><time>2026-05-24T10:14:56Z</time><extensions><ns3:TrackPointExtension><ns3:hr>144</ns3:hr><ns3:cad>87</ns3:cad></ns3:TrackPointExtension></extensions></trkpt>
<trkpt lat="56.88473" lon="-4.04000"><ele>545.5</ele><time>2026-05-24T10:15:06Z</time><extensions><ns3:TrackPointExtension><ns3:hr>142</ns3:hr><ns3:cad>88</ns3:cad></ns3:TrackPointExtension></extensions></trkpt>
<trkpt lat="56.88468" lon="-4.04045"><ele>544.1</ele><time>2026-05-24T10:15:16Z</time><extensions><ns3:TrackPointExtension><ns3:hr>142</ns3:hr><ns3:cad>88</ns3:cad></ns3:TrackPointExtension></extensions></trkpt>
<trkpt lat="56.88462" lon="-4.04091"><ele>542.7</ele><time>2026-05-24T10:15:26Z</time><extensions><ns3:TrackPointExtension><ns3:hr>142</ns3:hr><ns3:cad>85</ns3:cad></ns3:TrackPointExtension></extensions></trkpt>
<trkpt lat="56.88456" lon="-4.04136"><ele>541.3</ele><time>2026-05-24T10:15:36Z</time><extensions><ns3:TrackPointExtension><ns3:hr>146</ns3:hr><ns3:cad>87</ns3:cad></ns3:TrackPointExtension></extensions></trkpt>
<trkpt lat="56.88448" lon="-4.04180"><ele>539.9</ele><time>2026-05-24T10:15:46Z</time><extensions><ns3:TrackPointExtension><ns3:hr>142</ns3:hr><ns3:cad>86</ns3:cad></ns3:TrackPointExtension></extensions></trkpt>
<trkpt lat="56.88437" lon="-4.04222"><ele>538.4</ele><time>2026-05-24T10:15:56Z</time><extensions><ns3:TrackPointExtension><ns3:hr>146</ns3:hr><ns3:cad>85</ns3:cad></ns3:TrackPointExtension></extensions></trkpt>
<trkpt lat="56.88427" lon="-4.04265"><ele>537.0</ele><time>2026-05-24T10:16:06Z</time><extensions><ns3:TrackPointExtension><ns3:hr>143</ns3:hr><ns3:cad>89</ns3:cad></ns3:TrackPointExtension></extensions></trkpt>
<trkpt lat="56.88418" lon="-4.04309"><ele>535.6</ele><time>2026-05-24T10:16:16Z</time><extensions><ns3:TrackPointExtension><ns3:hr>143</ns3:hr><ns3:cad>88</ns3:cad></ns3:TrackPointExtension></extensions></trkpt>
<trkpt lat="56.88412" lon="-4.04354"><ele>534.2</ele><time>2026-05-24T10:16:26Z</time><extensions><ns3:TrackPointExtension><ns3:hr>146</ns3:hr><ns3:cad>88</ns3:cad></ns3:TrackPointExtension></extensions></trkpt>
<trkpt lat="56.88408" lon="-4.04400"><ele>532.8</ele><time>2026-05-24T10:16:36Z</time><extensions><ns3:TrackPointExtension><ns3:hr>142</ns3:hr><ns3:cad>89</ns3:cad></ns3:TrackPointExtension></extensions></trkpt>
<trkpt lat="56.88403" lon="-4.04445"><ele>531.4</ele><time>2026-05-24T10:16:46Z</time><extensions><ns3:TrackPointExtension><ns3:hr>147</ns3:hr><ns3:cad>87</ns3:cad></ns3:TrackPointExtension></extensions></trkpt>
<trkpt lat="56.88400" lon="-4.04491"><ele>529.9</ele><time>2026-05-24T10:16:56Z</time><extensions><ns3:TrackPointExtension><ns3:hr>143</ns3:hr><ns3:cad>86</ns3:cad></ns3:TrackPointExtension></extensions></trkpt>
<trkpt lat="56.88396" lon="-4.04537"><ele>528.5</ele><time>2026-05-24T10:17:06Z</time><extensions><ns3:TrackPointExtension><ns3:hr>144</ns3:hr><ns3:cad>85</ns3:cad></ns3:TrackPointExtension></extensions></trkpt>
<trkpt lat="56.88394" lon="-4.04584"><ele>527.1</ele><time>2026-05-24T10:17:16Z</time><extensions><ns3:TrackPointExtension><ns3:hr>142</ns3:hr><ns3:cad>87</ns3:cad></ns3:TrackPointExtension></extensions></trkpt>
<trkpt lat="56.88390" lon="-4.04630"><ele>525.7</ele><time>2026-05-24T10:17:26Z</time><extensions><ns3:TrackPointExtension><ns3:hr>143</ns3:hr><ns3:cad>86</ns3:cad></ns3:TrackPointExtension></extensions></trkpt>
<trkpt lat="56.88385" lon="-4.04675"><ele>524.3</ele><time>2026-05-24T10:17:36Z</time><extensions><ns3:TrackPointExtension><ns3:hr>143</ns3:hr><ns3:cad>88</ns3:cad></ns3:TrackPointExtension></extensions></trkpt>
<trkpt lat="56.88382" lon="-4.04722"><ele>522.9</ele><time>2026-05-24T10:17:46Z</time><extensions><ns3:TrackPointExtension><ns3:hr>144</ns3:hr><ns3:cad>86</ns3:cad></ns3:TrackPointExtension></extensions></trkpt>
<trkpt lat="56.88377" lon="-4.04767"><ele>521.5</ele><time>2026-05-24T10:17:56Z</time><extensions><ns3:TrackPointExtension><ns3:hr>146</ns3:hr><ns3:cad>88</ns3:cad></ns3:TrackPointExtension></extensions></trkpt>
<trkpt lat="56.88373" lon="-4.04813"><ele>520.0</ele><time>2026-05-24T10:18:06Z</time><extensions><ns3:TrackPointExtension><ns3:hr>142</ns3:hr><ns3:cad>88</ns3:cad></ns3:TrackPointExtension></extensions></trkpt>
<trkpt lat="56.88368" lon="-4.04859"><ele>518.6</ele><time>2026-05-24T10:18:16Z</time><extensions><ns3:TrackPointExtension><ns3:hr>142</ns3:hr><ns3:cad>87</ns3:cad></ns3:TrackPointExtension></extensions></trkpt>
<trkpt lat="56.88361" lon="-4.04904"><ele>517.2</ele><time>2026-05-24T10:18:26Z</time><extensions><ns3:TrackPointExtension><ns3:hr>145</ns3:hr><ns3:cad>88</ns3:cad></ns3:TrackPointExtension></extensions></trkpt>
<trkpt lat="56.88356" lon="-4.04949"><ele>515.8</ele><time>2026-05-24T10:18:36Z</time><extensions><ns3:TrackPointExtension><ns3:hr>142</ns3:hr><ns3:cad>85</ns3:cad></ns3:TrackPointExtension></extensions></trkpt>
<trkpt lat="56.88350" lon="-4.04994"><ele>514.4</ele><time>2026-05-24T10:18:46Z</time><extensions><ns3:TrackPointExtension><ns3:hr>145</ns3:hr><ns3:cad>84</ns3:cad></ns3:TrackPointExtension></extensions></trkpt>
<trkpt lat="56.88346" lon="-4.05040"><ele>513.0</ele><time>2026-05-24T10:18:56Z</time><extensions><ns3:TrackPointExtension><ns3:hr>144</ns3:hr><ns3:cad>87</ns3:cad></ns3:TrackPointExtension></extensions></trkpt>
<trkpt lat="56.88345" lon="-4.05087"><ele>511.6</ele><time>2026-05-24T10:19:06Z</time><extensions><ns3:TrackPointExtension><ns3:hr>142</ns3:hr><ns3:cad>84</ns3:cad></ns3:TrackPointExtension></extensions></trkpt>
<trkpt lat="56.88345" lon="-4.05133"><ele>510.1</ele><time>2026-05-24T10:19:16Z</time><extensions><ns3:TrackPointExtension><ns3:hr>145</ns3:hr><ns3:cad>85</ns3:cad></ns3:TrackPointExtension></extensions></trkpt>
<trkpt lat="56.88344" lon="-4.05180"><ele>508.7</ele><time>2026-05-24T10:19:26Z</time><extensions><ns3:TrackPointExtension><ns3:hr>144</ns3:hr><ns3:cad>88</ns3:cad></ns3:TrackPointExtension></extensions></trkpt>
<trkpt lat="56.88343" lon="-4.05226"><ele>507.3</ele><time>2026-05-24T10:19:36Z</time><extensions><ns3:TrackPointExtension><ns3:hr>143</ns3:hr><ns3:cad>84</ns3:cad></ns3:TrackPointExtension></extensions></trkpt>
<trkpt lat="56.88346" lon="-4.05273"><ele>505.9</ele><time>2026-05-24T10:19:46Z</time><extensions><ns3:TrackPointExtension><ns3:hr>143</ns3:hr><ns3:cad>86</ns3:cad></ns3:TrackPointExtension></extensions></trkpt>
<trkpt lat="56.88346" lon="-4.05319"><ele>504.5</ele><time>2026-05-24T10:19:56Z</time><extensions><ns3:TrackPointExtension><ns3:hr>144</ns3:hr><ns3:cad>88</ns3:cad></ns3:TrackPointExtension></extensions></trkpt>
<trkpt lat="56.88345" lon="-4.05366"><ele>503.1</ele><time>2026-05-24T10:20:06Z</time><extensions><ns3:TrackPointExtension><ns3:hr>145</ns3:hr><ns3:cad>85</ns3:cad></ns3:TrackPointExtension></extensions></trkpt>
<trkpt lat="56.88347" lon="-4.05412"><ele>501.6</ele><time>2026-05-24T10:20:16Z</time><extensions><ns3:TrackPointExtension><ns3:hr>142</ns3:hr><ns3:cad>85</ns3:cad></ns3:TrackPointExtension></extensions></trkpt>
<trkpt lat="56.88349" lon="-4.05458"><ele>500.2</ele><time>2026-05-24T10:20:26Z</time><extensions><ns3:TrackPointExtension><ns3:hr>142</ns3:hr><ns3:cad>87</ns3:cad></ns3:TrackPointExtension></extensions></trkpt>
<trkpt lat="56.88352" lon="-4.05505"><ele>498.8</ele><time>2026-05-24T10:20:36Z</time><extensions><ns3:TrackPointExtension><ns3:hr>144</ns3:hr><ns3:cad>85</ns3:cad></ns3:TrackPointExtension></extensions></trkpt>
<trkpt lat="56.88357" lon="-4.05550"><ele>497.4</ele><time>2026-05-24T10:20:46Z</time><extensions><ns3:TrackPointExtension><ns3:hr>143</ns3:hr><ns3:cad>88</ns3:cad></ns3:TrackPointExtension></extensions></trkpt>
<trkpt lat="56.88364" lon="-4.05595"><ele>496.0</ele><time>2026-05-24T10:20:56Z</time><extensions><ns3:TrackPointExtension><ns3:hr>144</ns3:hr><ns3:cad>85</ns3:cad></ns3:TrackPointExtension></extensions></trkpt>
<trkpt lat="56.88374" lon="-4.05638"><ele>494.6</ele><time>2026-05-24T10:21:06Z</time><extensions><ns3:TrackPointExtension><ns3:hr>142</ns3:hr><ns3:cad>85</ns3:cad></ns3:TrackPointExtension></extensions></trkpt>
<trkpt lat="56.88383" lon="-4.05682"><ele>493.2</ele><time>2026-05-24T10:21:16Z</time><extensions><ns3:TrackPointExtension><ns3:hr>145</ns3:hr><ns3:cad>85</ns3:cad></ns3:TrackPointExtension></extensions></trkpt>
<trkpt lat="56.88394" lon="-4.05724"><ele>491.7</ele><time>2026-05-24T10:21:26Z</time><extensions><ns3:TrackPointExtension><ns3:hr>142</ns3:hr><ns3:cad>85</ns3:cad></ns3:TrackPointExtension></extensions></trkpt>
<trkpt lat="56.88404" lon="-4.05766"><ele>490.3</ele><time>2026-05-24T10:21:36Z</time><extensions><ns3:TrackPointExtension><ns3:hr>146</ns3:hr><ns3:cad>85</ns3:cad></ns3:TrackPointExtension></extensions></trkpt>
<trkpt lat="56.88416" lon="-4.05804"><ele>489.0</ele><time>2026-05-24T10:21:45Z</time><extensions><ns3:TrackPointExtension><ns3:hr>143</ns3:hr><ns3:cad>85</ns3:cad></ns3:TrackPointExtension></extensions></trkpt>
<trkpt lat="56.88425" lon="-4.05839"><ele>489.2</ele><time>2026-05-24T10:21:55Z</time><extensions><ns3:TrackPointExtension><ns3:hr>145</ns3:hr><ns3:cad>85</ns3:cad></ns3:TrackPointExtension></extensions></trkpt>
<trkpt lat="56.88436" lon="-4.05874"><ele>489.5</ele><time>2026-05-24T10:22:05Z</time><extensions><ns3:TrackPointExtension><ns3:hr>144</ns3:hr><ns3:cad>89</ns3:cad></ns3:TrackPointExtension></extensions></trkpt>
<trkpt lat="56.88447" lon="-4.05907"><ele>489.7</ele><time>2026-05-24T10:22:15Z</time><extensions><ns3:TrackPointExtension><ns3:hr>144</ns3:hr><ns3:cad>85</ns3:cad></ns3:TrackPointExtension></extensions></trkpt>
<trkpt lat="56.88461" lon="-4.05938"><ele>490.0</ele><time>2026-05-24T10:22:25Z</time><extensions><ns3:TrackPointExtension><ns3:hr>145</ns3:hr><ns3:cad>89</ns3:cad></ns3:TrackPointExtension></extensions></trkpt>
<trkpt lat="56.88476" lon="-4.05967"><ele>490.2</ele><time>2026-05-24T10:22:35Z</time><extensions><ns3:TrackPointExtension><ns3:hr>146</ns3:hr><ns3:cad>85</ns3:cad></ns3:TrackPointExtension></extensions></trkpt>
<trkpt lat="56.88489" lon="-4.05998"><ele>490.4</ele><time>2026-05-24T10:22:45Z</time><extensions><ns3:TrackPointExtension><ns3:hr>144</ns3:hr><ns3:cad>86</ns3:cad></ns3:TrackPointExtension></extensions></trkpt>
<trkpt lat="56.88502" lon="-4.06030"><ele>490.7</ele><time>2026-05-24T10:22:55Z</time><extensions><ns3:TrackPointExtension><ns3:hr>146</ns3:hr><ns3:cad>85</ns3:cad></ns3:TrackPointExtension></extensions></trkpt>
<trkpt lat="56.88516" lon="-4.06058"><ele>490.9</ele><time>2026-05-24T10:23:05Z</time><extensions><ns3:TrackPointExtension><ns3:hr>146</ns3:hr><ns3:cad>88</ns3:cad></ns3:TrackPointExtension></extensions></trkpt>
<trkpt lat="56.88533" lon="-4.06085"><ele>491.2</ele><time>2026-05-24T10:23:15Z</time><extensions><ns3:TrackPointExtension><ns3:hr>143</ns3:hr><ns3:cad>85</ns3:cad></ns3:TrackPointExtension></extensions></trkpt>
<trkpt lat="56.88550" lon="-4.06108"><ele>491.4</ele><time>2026-05-24T10:23:25Z</time><extensions><ns3:TrackPointExtension><ns3:hr>146</ns3:hr><ns3:cad>87</ns3:cad></ns3:TrackPointExtension></extensions></trkpt>
<trkpt lat="56.88567" lon="-4.06131"><ele>491.6</ele><time>2026-05-24T10:23:35Z</time><extensions><ns3:TrackPointExtension><ns3:hr>142</ns3:hr><ns3:cad>86</ns3:cad></ns3:TrackPointExtension></extensions></trkpt>
<trkpt lat="56.88585" lon="-4.06154"><ele>491.9</ele><time>2026-05-24T10:23:45Z</time><extensions><ns3:TrackPointExtension><ns3:hr>146</ns3:hr><ns3:cad>89</ns3:cad></ns3:TrackPointExtension></extensions></trkpt>
<trkpt lat="56.88602" lon="-4.06177"><ele>492.1</ele><time>2026-05-24T10:23:55Z</time><extensions><ns3:TrackPointExtension><ns3:hr>144</ns3:hr><ns3:cad>87</ns3:cad></ns3:TrackPointExtension></extensions></trkpt>
<trkpt lat="56.88620" lon="-4.06198"><ele>492.4</ele><time>2026-05-24T10:24:05Z</time><extensions><ns3:TrackPointExtension><ns3:hr>146</ns3:hr><ns3:cad>87</ns3:cad></ns3:TrackPointExtension></extensions></trkpt>
<trkpt lat="56.88640" lon="-4.06217"><ele>492.6</ele><time>2026-05-24T10:24:15Z</time><extensions><ns3:TrackPointExtension><ns3:hr>145</ns3:hr><ns3:cad>88</ns3:cad></ns3:TrackPointExtension></extensions></trkpt>
<trkpt lat="56.88657" lon="-4.06239"><ele>492.8</ele><time>2026-05-24T10:24:25Z</time><extensions><ns3:TrackPointExtension><ns3:hr>146</ns3:hr><ns3:cad>84</ns3:cad></ns3:TrackPointExtension></extensions></trkpt>
<trkpt lat="56.88676" lon="-4.06259"><ele>493.1</ele><time>2026-05-24T10:24:35Z</time><extensions><ns3:TrackPointExtension><ns3:hr>145</ns3:hr><ns3:cad>86</ns3:cad></ns3:TrackPointExtension></extensions></trkpt>
<trkpt lat="56.88694" lon="-4.06281"><ele>493.3</ele><time>2026-05-24T10:24:45Z</time><extensions><ns3:TrackPointExtension><ns3:hr>144</ns3:hr><ns3:cad>89</ns3:cad></ns3:TrackPointExtension></extensions></trkpt>
<trkpt lat="56.88712" lon="-4.06302"><ele>493.6</ele><time>2026-05-24T10:24:55Z</time><extensions><ns3:TrackPointExtension><ns3:hr>142</ns3:hr><ns3:cad>87</ns3:cad></ns3:TrackPointExtension></extensions></trkpt>
<trkpt lat="56.88729" lon="-4.06325"><ele>493.8</ele><time>2026-05-24T10:25:05Z</time><extensions><ns3:TrackPointExtension><ns3:hr>145</ns3:hr><ns3:cad>88</ns3:cad></ns3:TrackPointExtension></extensions></trkpt>
<trkpt lat="56.88746" lon="-4.06351"><ele>494.0</ele><time>2026-05-24T10:25:15Z</time><extensions><ns3:TrackPointExtension><ns3:hr>144</ns3:hr><ns3:cad>87</ns3:cad></ns3:TrackPointExtension></extensions></trkpt>
<trkpt lat="56.88762" lon="-4.06377"><ele>494.3</ele><time>2026-05-24T10:25:25Z</time><extensions><ns3:TrackPointExtension><ns3:hr>142</ns3:hr><ns3:cad>89</ns3:cad></ns3:TrackPointExtension></extensions></trkpt>
<trkpt lat="56.88780" lon="-4.06400"><ele>494.5</ele><time>2026-05-24T10:25:35Z</time><extensions><ns3:TrackPointExtension><ns3:hr>145</ns3:hr><ns3:cad>88</ns3:cad></ns3:TrackPointExtension></extensions></trkpt>
<trkpt lat="56.88796" lon="-4.06425"><ele>494.8</ele><time>2026-05-24T10:25:45Z</time><extensions><ns3:TrackPointExtension><ns3:hr>143</ns3:hr><ns3:cad>84</ns3:cad></ns3:TrackPointExtension></extensions></trkpt>
<trkpt lat="56.88813" lon="-4.06451"><ele>495.0</ele><time>2026-05-24T10:25:55Z</time><extensions><ns3:TrackPointExtension><ns3:hr>142</ns3:hr><ns3:cad>88</ns3:cad></ns3:TrackPointExtension></extensions></trkpt>
<trkpt lat="56.88830" lon="-4.06475"><ele>495.2</ele><time>2026-05-24T10:26:05Z</time><extensions><ns3:TrackPointExtension><ns3:hr>143</ns3:hr><ns3:cad>89</ns3:cad></ns3:TrackPointExtension></extensions></trkpt>
<trkpt lat="56.88847" lon="-4.06498"><ele>495.5</ele><time>2026-05-24T10:26:15Z</time><extensions><ns3:TrackPointExtension><ns3:hr>142</ns3:hr><ns3:cad>84</ns3:cad></ns3:TrackPointExtension></extensions></trkpt>
<trkpt lat="56.88865" lon="-4.06520"><ele>495.7</ele><time>2026-05-24T10:26:25Z</time><extensions><ns3:TrackPointExtension><ns3:hr>144</ns3:hr><ns3:cad>87</ns3:cad></ns3:TrackPointExtension></extensions></trkpt>
<trkpt lat="56.88883" lon="-4.06542"><ele>496.0</ele><time>2026-05-24T10:26:35Z</time><extensions><ns3:TrackPointExtension><ns3:hr>146</ns3:hr><ns3:cad>87</ns3:cad></ns3:TrackPointExtension></extensions></trkpt>
<trkpt lat="56.88900" lon="-4.06566"><ele>496.2</ele><time>2026-05-24T10:26:45Z</time><extensions><ns3:TrackPointExtension><ns3:hr>142</ns3:hr><ns3:cad>89</ns3:cad></ns3:TrackPointExtension></extensions></trkpt>
<trkpt lat="56.88917" lon="-4.06590"><ele>496.4</ele><time>2026-05-24T10:26:55Z</time><extensions><ns3:TrackPointExtension><ns3:hr>146</ns3:hr><ns3:cad>87</ns3:cad></ns3:TrackPointExtension></extensions></trkpt>
<trkpt lat="56.88935" lon="-4.06611"><ele>496.7</ele><time>2026-05-24T10:27:05Z</time><extensions><ns3:TrackPointExtension><ns3:hr>144</ns3:hr><ns3:cad>89</ns3:cad></ns3:TrackPointExtension></extensions></trkpt>
<trkpt lat="56.88954" lon="-4.06629"><ele>496.9</ele><time>2026-05-24T10:27:15Z</time><extensions><ns3:TrackPointExtension><ns3:hr>144</ns3:hr><ns3:cad>85</ns3:cad></ns3:TrackPointExtension></extensions></trkpt>
<trkpt lat="56.88973" lon="-4.06649"><ele>497.2</ele><time>2026-05-24T10:27:25Z</time><extensions><ns3:TrackPointExtension><ns3:hr>144</ns3:hr><ns3:cad>87</ns3:cad></ns3:TrackPointExtension></extensions></trkpt>
<trkpt lat="56.88993" lon="-4.06665"><ele>497.4</ele><time>2026-05-24T10:27:35Z</time><extensions><ns3:TrackPointExtension><ns3:hr>144</ns3:hr><ns3:cad>84</ns3:cad></ns3:TrackPointExtension></extensions></trkpt>
<trkpt lat="56.89012" lon="-4.06681"><ele>497.6</ele><time>2026-05-24T10:27:45Z</time><extensions><ns3:TrackPointExtension><ns3:hr>144</ns3:hr><ns3:cad>85</ns3:cad></ns3:TrackPointExtension></extensions></trkpt>
<trkpt lat="56.89031" lon="-4.06701"><ele>497.9</ele><time>2026-05-24T10:27:55Z</time><extensions><ns3:TrackPointExtension><ns3:hr>146</ns3:hr><ns3:cad>85</ns3:cad></ns3:TrackPointExtension></extensions></trkpt>
<trkpt lat="56.89051" lon="-4.06716"><ele>498.1</ele><time>2026-05-24T10:28:05Z</time><extensions><ns3:TrackPointExtension><ns3:hr>144</ns3:hr><ns3:cad>85</ns3:cad></ns3:TrackPointExtension></extensions></trkpt>
<trkpt lat="56.89070" lon="-4.06734"><ele>498.4</ele><time>2026-05-24T10:28:15Z</time><extensions><ns3:TrackPointExtension><ns3:hr>145</ns3:hr><ns3:cad>85</ns3:cad></ns3:TrackPointExtension></extensions></trkpt>
<trkpt lat="56.89089" lon="-4.06753"><ele>498.6</ele><time>2026-05-24T10:28:25Z</time><extensions><ns3:TrackPointExtension><ns3:hr>145</ns3:hr><ns3:cad>86</ns3:cad></ns3:TrackPointExtension></extensions></trkpt>
<trkpt lat="56.89109" lon="-4.06770"><ele>498.8</ele><time>2026-05-24T10:28:35Z</time><extensions><ns3:TrackPointExtension><ns3:hr>143</ns3:hr><ns3:cad>84</ns3:cad></ns3:TrackPointExtension></extensions></trkpt>
<trkpt lat="56.89122" lon="-4.06779"><ele>499.0</ele><time>2026-05-24T10:28:42Z</time><extensions><ns3:TrackPointExtension><ns3:hr>144</ns3:hr><ns3:cad>84</ns3:cad></ns3:TrackPointExtension></extensions></trkpt>
</trkseg></trk></gpx>
